session_id,user_id,recipe_id,饮品名称,twin_tower_similarity,normalized_twin_similarity,state_score,flavor_score,scene_score,health_score,visual_score,rule_score,makeability_score,novelty_score,label,rank_target_score
S001,U001,R001,薄荷柠檬气泡茶,-0.779,0.1105,0.1822,0.1111,0.5556,0.65,0.0,0.3227,0.7,0.8823,0,0.0
S001,U001,R002,蜂蜜柠檬茶,-0.484,0.258,0.2609,0.2,0.3056,1.0,0.0,0.4141,0.7,0.976,0,0.3955
S001,U001,R003,葡萄柠檬茉莉花茶,0.1587,0.5794,0.2609,0.1429,0.5556,1.0,0.0,0.4402,0.7,0.6147,1,0.5516
S001,U001,R004,青柠桂花蜜乌龙,-0.0013,0.4993,0.2438,0.1667,0.5556,1.0,0.0,0.4398,0.7,0.6247,1,0.5239
S001,U001,R005,百香果乳酸绿茶,-0.6767,0.1616,0.2111,0.1429,0.5556,1.0,0.0,0.4252,0.7,0.8432,0,0.3601
S001,U001,R006,百香果美式,-0.7884,0.1058,0.296,0.0,0.5556,0.65,0.0,0.3346,0.7,0.5833,0,0.0
S001,U001,R007,百香果美式（低咖啡因）,-0.7899,0.1051,0.0839,0.0,0.55,0.65,0.0,0.2702,0.7,0.5308,0,0.0
S001,U001,R008,杨枝甘露,-0.6099,0.1951,0.1828,0.0,0.5556,1.0,0.0,0.3882,0.3,0.5289,0,0.2994
S001,U001,R009,鲜橙绿茶,-0.5354,0.2323,0.2346,0.1429,0.5556,1.0,0.0,0.4323,0.7,0.5418,0,0.3729
S001,U001,R010,橙C美式,-0.7871,0.1065,0.2948,0.0,0.5556,0.65,0.0,0.3343,0.7,0.7896,0,0.0
S001,U001,R011,橙C美式（低咖啡因）,-0.7598,0.1201,0.088,0.0,0.5556,0.65,0.0,0.2722,0.7,0.6902,0,0.0
S001,U001,R012,鲜橙养乐多,-0.519,0.2405,0.1923,0.0,0.5556,1.0,0.0,0.391,0.7,0.5835,0,0.3593
S001,U001,R013,草莓奶昔,-0.4995,0.2503,0.1961,0.0,0.5556,1.0,0.0,0.3922,0.7,0.5744,0,0.3628
S001,U001,R014,蓝莓奶昔,-0.4426,0.2787,0.1971,0.0,0.5556,1.0,0.0,0.3925,0.7,0.6919,0,0.3788
S001,U001,R015,桃桃乌龙,0.2822,0.6411,0.263,0.2,0.5556,1.0,0.0,0.4522,0.7,0.8836,1,0.5921
S001,U001,R016,芒果奶昔,-0.4941,0.2529,0.1952,0.0,0.5556,1.0,0.0,0.3919,0.7,0.6033,0,0.365
S001,U001,R017,柠迭莓萝气泡水,-0.4536,0.2732,0.1921,0.0,0.5556,0.65,0.0,0.3035,0.3,0.9496,0,0.0
S001,U001,R018,茉莉苹果奶绿,-0.0329,0.4836,0.2403,0.1429,0.5556,1.0,0.0,0.434,0.7,0.5664,0,0.4629
S001,U001,R019,荔枝白茶,0.2695,0.6348,0.263,0.2,0.5556,1.0,0.0,0.4522,0.7,0.7807,1,0.5847
S001,U001,R020,超级吨吨桶,-0.7807,0.1097,0.2147,0.1111,0.5556,1.0,0.0,0.42,0.3,0.55,0,0.2849
S001,U001,R021,芝士奶盖铁观音,-0.1301,0.435,0.25,0.1667,0.5556,1.0,0.0,0.4417,0.7,0.8247,1,0.5122
S001,U001,R022,抹茶椰青美式,-0.6771,0.1615,0.3048,0.125,0.5556,0.65,0.0,0.3623,1.0,0.5817,0,0.0
S001,U001,R023,草莓抹茶椰,-0.4315,0.2843,0.3009,0.1667,0.5556,0.65,0.0,0.3694,0.7,0.8708,0,0.0
S001,U001,R024,柠檬草薄荷气泡水,-0.6702,0.1649,0.1937,0.0,0.5556,0.65,0.0,0.3039,0.7,0.8562,0,0.0
S001,U001,R025,蝶豆花柠檬气泡水,-0.6489,0.1756,0.1904,0.0,0.5556,0.65,0.0,0.303,0.3,0.8884,0,0.0
S001,U001,R026,泰式奶红,-0.6389,0.1806,0.1942,0.1667,0.5,1.0,0.0,0.4166,1.0,0.609,0,0.3811
S001,U001,R027,泰式奶绿,-0.6246,0.1877,0.1916,0.1667,0.5,1.0,0.0,0.4158,1.0,0.6598,0,0.3858
S001,U001,R028,冰橙伯爵鸳鸯茶,-0.7743,0.1129,0.2586,0.1667,0.5,0.65,0.0,0.3484,1.0,0.9915,0,0.0
S001,U001,R029,伯爵红茶奶茶,-0.783,0.1085,0.2014,0.2,0.25,1.0,0.0,0.3879,1.0,0.8321,0,0.3541
S001,U001,R030,焙茶豆乳,-0.5832,0.2084,0.1985,0.2,0.25,1.0,0.0,0.387,1.0,0.5288,0,0.3735
S001,U001,R031,抹茶豆乳,-0.6952,0.1524,0.2513,0.2,0.25,0.65,0.0,0.3154,1.0,0.94,0,0.0
S001,U001,R032,抹茶拿铁,-0.7876,0.1062,0.2435,0.2,0.25,0.65,0.0,0.313,1.0,0.5846,0,0.0
S001,U001,R033,燕麦奶抹茶拿铁,-0.7072,0.1464,0.25,0.2,0.25,0.65,0.0,0.315,1.0,0.6553,0,0.0
S001,U001,R034,椰奶抹茶拿铁,-0.7973,0.1013,0.254,0.1667,0.25,0.65,0.0,0.3095,1.0,0.8616,0,0.0
S001,U001,R035,杏仁奶抹茶拿铁,-0.7744,0.1128,0.25,0.2,0.25,0.65,0.0,0.315,1.0,0.6754,0,0.0
S001,U001,R036,港式鸳鸯,-0.7851,0.1074,0.2274,0.1429,0.25,0.65,0.0,0.2968,1.0,0.6749,0,0.0
S001,U001,R037,拿铁,-0.7818,0.1091,0.24,0.0,0.25,0.65,0.0,0.272,1.0,0.9788,0,0.0
S001,U001,R038,燕麦奶拿铁,-0.6986,0.1507,0.2379,0.0,0.25,0.65,0.0,0.2714,1.0,0.5484,0,0.0
S001,U001,R039,椰奶拿铁,-0.7741,0.113,0.2464,0.0,0.25,0.65,0.0,0.2739,1.0,0.6475,0,0.0
S001,U001,R040,杏仁奶拿铁,-0.77,0.115,0.2379,0.0,0.25,0.65,0.0,0.2714,1.0,0.7929,0,0.0
S001,U001,R041,拿铁（低咖啡因）,-0.7776,0.1112,0.0317,0.0,0.25,0.65,0.0,0.2095,1.0,0.7485,0,0.0
S001,U001,R042,燕麦奶拿铁（低咖啡因）,-0.7799,0.1101,0.0317,0.0,0.25,0.65,0.0,0.2095,1.0,0.7299,0,0.0
S001,U001,R043,椰奶拿铁（低咖啡因）,-0.7832,0.1084,0.04,0.0,0.25,0.65,0.0,0.212,1.0,0.5563,0,0.0
S001,U001,R044,杏仁奶拿铁（低咖啡因）,-0.782,0.109,0.0317,0.0,0.25,0.65,0.0,0.2095,1.0,0.8281,0,0.0
S001,U001,R045,卡布奇诺,-0.7772,0.1114,0.2341,0.0,0.25,0.65,0.0,0.2702,1.0,0.6652,0,0.0
S001,U001,R046,卡布奇诺（低咖啡因）,-0.7818,0.1091,0.0284,0.0,0.25,0.65,0.0,0.2085,1.0,0.622,0,0.0
S001,U001,R047,西班牙拿铁,-0.7822,0.1089,0.2136,0.0,0.25,0.65,0.0,0.2641,1.0,0.7507,0,0.0
S001,U001,R048,西班牙拿铁（低咖啡因）,-0.7822,0.1089,0.0794,0.0,0.25,0.65,0.0,0.2238,1.0,0.9866,0,0.0
S001,U001,R049,摩卡,-0.776,0.112,0.2032,0.0,0.25,0.65,0.0,0.261,1.0,0.6006,0,0.0
S001,U001,R050,燕麦奶摩卡,-0.7675,0.1162,0.2008,0.0,0.25,0.65,0.0,0.2602,1.0,0.5454,0,0.0
S001,U001,R051,椰奶摩卡,-0.7712,0.1144,0.2411,0.0,0.25,0.65,0.0,0.2723,1.0,0.807,0,0.0
S001,U001,R052,杏仁奶摩卡,-0.7683,0.1159,0.2316,0.0,0.25,0.65,0.0,0.2695,1.0,0.5842,0,0.0
S001,U001,R053,摩卡（低咖啡因）,-0.7746,0.1127,0.0817,0.0,0.25,0.65,0.0,0.2245,1.0,0.5314,0,0.0
S001,U001,R054,燕麦奶摩卡（低咖啡因）,-0.7784,0.1108,0.0811,0.0,0.25,0.65,0.0,0.2243,1.0,0.6661,0,0.0
S001,U001,R055,椰奶摩卡（低咖啡因）,-0.7744,0.1128,0.0894,0.0,0.25,0.65,0.0,0.2268,1.0,0.7694,0,0.0
S001,U001,R056,杏仁奶摩卡（低咖啡因）,-0.776,0.112,0.0811,0.0,0.25,0.65,0.0,0.2243,1.0,0.852,0,0.0
S001,U001,R057,dirty,-0.7816,0.1092,0.2332,0.0,0.25,0.65,0.0,0.27,0.7,0.8536,0,0.0
S001,U001,R058,燕麦奶dirty,-0.7742,0.1129,0.2316,0.0,0.25,0.65,0.0,0.2695,0.7,0.9101,0,0.0
S001,U001,R059,椰奶dirty,-0.7771,0.1115,0.2402,0.0,0.25,0.65,0.0,0.272,0.7,0.7208,0,0.0
S001,U001,R060,杏仁奶dirty,-0.7715,0.1142,0.2316,0.0,0.25,0.65,0.0,0.2695,0.7,0.6101,0,0.0
S001,U001,R061,dirty（低咖啡因）,-0.7814,0.1093,0.0817,0.0,0.25,0.65,0.0,0.2245,0.7,0.5945,0,0.0
S001,U001,R062,燕麦奶dirty（低咖啡因）,-0.781,0.1095,0.0817,0.0,0.25,0.65,0.0,0.2245,0.7,0.9514,0,0.0
S001,U001,R063,椰奶dirty（低咖啡因）,-0.7791,0.1105,0.0894,0.0,0.25,0.65,0.0,0.2268,0.7,0.6094,0,0.0
S001,U001,R064,杏仁奶dirty（低咖啡因）,-0.7783,0.1109,0.0817,0.0,0.25,0.65,0.0,0.2245,0.7,0.7513,0,0.0
S001,U001,R065,热可可,-0.6416,0.1792,0.1134,0.0,0.0,1.0,0.0,0.284,1.0,0.7555,0,0.3283
S001,U001,R066,燕麦奶热可可,-0.5316,0.2342,0.1224,0.0,0.0,1.0,0.0,0.2867,1.0,0.6342,0,0.3427
S001,U001,R067,杏仁奶热可可,-0.5456,0.2272,0.1224,0.0,0.0,1.0,0.0,0.2867,1.0,0.745,0,0.3458
S001,U001,R068,玫瑰椰椰烤奶,-0.6405,0.1798,0.133,0.125,0.0,1.0,0.0,0.3149,1.0,0.5407,0,0.3317
S001,U001,R069,玫瑰菊花茶,-0.453,0.2735,0.1335,0.0,0.0,1.0,0.0,0.2901,1.0,0.9215,0,0.3723
S001,U001,R070,玫瑰陈皮茶,-0.5768,0.2116,0.1423,0.0,0.0,1.0,0.0,0.2927,1.0,0.7187,0,0.3417
S001,U001,R071,金银花菊花茶,-0.4564,0.2718,0.1361,0.0,0.0,1.0,0.0,0.2908,1.0,0.8204,0,0.367
S001,U001,R072,菊花柠檬茶,-0.5757,0.2122,0.1756,0.0,0.0556,1.0,0.0,0.311,1.0,0.7187,0,0.3501
S001,U001,R073,薰衣草柠檬茶,-0.5856,0.2072,0.1746,0.0,0.0556,1.0,0.0,0.3107,1.0,0.536,0,0.3391
S001,U001,R074,百花茶,-0.5408,0.2296,0.13,0.0,0.0,1.0,0.0,0.289,1.0,0.7042,0,0.3456
S001,U001,R075,洛神花玫瑰茶,-0.6992,0.1504,0.119,0.0,0.0,1.0,0.0,0.2857,1.0,0.599,0,0.3112
S001,U001,R076,洛神花苹果茶,-0.7729,0.1135,0.1279,0.0,0.0,1.0,0.0,0.2884,1.0,0.6992,0,0.3045
S001,U001,R077,金银花荷叶茶,-0.6943,0.1528,0.125,0.0,0.0,1.0,0.0,0.2875,1.0,0.6504,0,0.3154
S001,U001,R078,百合玫瑰茶,-0.4113,0.2943,0.125,0.0,0.0,1.0,0.0,0.2875,1.0,0.5179,0,0.3583
S001,U001,R079,陈皮苹果茶,-0.7274,0.1363,0.1397,0.0,0.0,1.0,0.0,0.2919,1.0,0.9961,0,0.3289
S002,U002,R001,薄荷柠檬气泡茶,-0.789,0.1055,0.0607,0.0,0.0,0.75,0.0,0.2057,0.7,0.6273,0,0.0
S002,U002,R002,蜂蜜柠檬茶,-0.7083,0.1459,0.1485,0.0,0.25,1.0,0.0,0.3321,0.7,0.7983,0,0.3104
S002,U002,R003,葡萄柠檬茉莉花茶,-0.5949,0.2026,0.1224,0.0,0.0,1.0,0.0,0.2867,0.7,0.7426,0,0.307
S002,U002,R004,青柠桂花蜜乌龙,-0.6632,0.1684,0.1299,0.0,0.0,1.0,0.0,0.289,0.7,0.9324,0,0.3056
S002,U002,R005,百香果乳酸绿茶,-0.7303,0.1348,0.1056,0.0,0.0,1.0,0.0,0.2817,0.7,0.7272,0,0.2803
S002,U002,R006,百香果美式,-0.7851,0.1075,0.1166,0.0,0.0,0.75,0.0,0.2225,0.7,0.7118,0,0.0
S002,U002,R007,百香果美式（低咖啡因）,-0.5239,0.238,0.1162,0.0,0.05,0.75,0.0,0.2299,0.7,0.7214,0,0.0
S002,U002,R008,杨枝甘露,-0.6315,0.1842,0.0819,0.125,0.0,1.0,0.0,0.2996,0.3,0.5973,0,0.0
S002,U002,R009,鲜橙绿茶,-0.8063,0.0968,0.1084,0.0,0.0,1.0,0.0,0.2825,0.7,0.8751,0,0.2748
S002,U002,R010,橙C美式,-0.7943,0.1028,0.1262,0.0,0.0,0.75,0.0,0.2254,0.7,0.8144,0,0.0
S002,U002,R011,橙C美式（低咖啡因）,-0.5129,0.2435,0.1244,0.0,0.0556,0.75,0.0,0.2331,0.7,0.5643,0,0.0
S002,U002,R012,鲜橙养乐多,-0.5643,0.2179,0.0679,0.1429,0.0,1.0,0.0,0.2989,0.7,0.5233,0,0.3069
S002,U002,R013,草莓奶昔,-0.5595,0.2203,0.0762,0.125,0.0,1.0,0.0,0.2979,0.7,0.8239,0,0.0
S002,U002,R014,蓝莓奶昔,-0.5683,0.2159,0.0766,0.125,0.0,1.0,0.0,0.298,0.7,0.5036,0,0.0
S002,U002,R015,桃桃乌龙,-0.5979,0.201,0.1211,0.0,0.0,1.0,0.0,0.2863,0.7,0.8348,0,0.3109
S002,U002,R016,芒果奶昔,-0.5664,0.2168,0.0758,0.125,0.0,1.0,0.0,0.2977,0.7,0.6582,0,0.0
S002,U002,R017,柠迭莓萝气泡水,-0.7231,0.1384,0.0593,0.0,0.0,0.75,0.0,0.2053,0.3,0.8607,0,0.0
S002,U002,R018,茉莉苹果奶绿,-0.5854,0.2073,0.1452,0.1429,0.0,1.0,0.0,0.3221,0.7,0.5782,0,0.0
S002,U002,R019,荔枝白茶,-0.5767,0.2116,0.1315,0.0,0.0,1.0,0.0,0.2895,0.7,0.8456,0,0.3166
S002,U002,R020,超级吨吨桶,-0.7832,0.1084,0.1009,0.0,0.0,1.0,0.0,0.2803,0.3,0.5093,0,0.2195
S002,U002,R021,芝士奶盖铁观音,-0.5545,0.2227,0.14,0.1667,0.0,0.65,0.0,0.2378,0.7,0.8856,0,0.0
S002,U002,R022,抹茶椰青美式,-0.7906,0.1047,0.1355,0.0,0.0,0.75,0.0,0.2281,1.0,0.9777,0,0.0
S002,U002,R023,草莓抹茶椰,-0.6971,0.1514,0.1379,0.1667,0.0,0.75,0.0,0.2622,0.7,0.5446,0,0.0
S002,U002,R024,柠檬草薄荷气泡水,-0.7396,0.1302,0.0587,0.0,0.0,0.75,0.0,0.2051,0.7,0.8627,0,0.0
S002,U002,R025,蝶豆花柠檬气泡水,-0.7312,0.1344,0.0578,0.0,0.0,0.75,0.0,0.2048,0.3,0.6295,0,0.0
S002,U002,R026,泰式奶红,-0.6167,0.1917,0.1508,0.1667,0.0,1.0,0.0,0.3286,1.0,0.611,0,0.0
S002,U002,R027,泰式奶绿,-0.6423,0.1788,0.1485,0.1667,0.0,1.0,0.0,0.3279,1.0,0.9069,0,0.0
S002,U002,R028,冰橙伯爵鸳鸯茶,-0.7885,0.1058,0.1262,0.0,0.0,0.75,0.0,0.2254,1.0,0.6179,0,0.0
S002,U002,R029,伯爵红茶奶茶,-0.6307,0.1847,0.2664,0.2,0.3056,1.0,0.0,0.4157,1.0,0.5626,0,0.0
S002,U002,R030,焙茶豆乳,-0.4669,0.2666,0.2952,0.2,0.3056,1.0,0.0,0.4244,1.0,0.9917,0,0.4339
S002,U002,R031,抹茶豆乳,-0.5531,0.2234,0.2917,0.2,0.3056,0.75,0.0,0.3608,1.0,0.5266,0,0.0
S002,U002,R032,抹茶拿铁,-0.7924,0.1038,0.274,0.2,0.3056,0.75,0.0,0.3555,1.0,0.9456,0,0.0
S002,U002,R033,燕麦奶抹茶拿铁,-0.5773,0.2114,0.28,0.2,0.3056,0.75,0.0,0.3573,1.0,0.7131,0,0.0
S002,U002,R034,椰奶抹茶拿铁,-0.7812,0.1094,0.274,0.1667,0.3056,0.75,0.0,0.3489,1.0,0.7623,0,0.0
S002,U002,R035,杏仁奶抹茶拿铁,-0.8041,0.0979,0.28,0.2,0.3056,0.75,0.0,0.3573,1.0,0.5765,0,0.0
S002,U002,R036,港式鸳鸯,-0.7901,0.1049,0.2194,0.1429,0.3056,0.75,0.0,0.3277,1.0,0.6028,0,0.0
S002,U002,R037,拿铁,-0.7909,0.1046,0.27,0.1667,0.3056,0.75,0.0,0.3477,1.0,0.831,0,0.0
S002,U002,R038,燕麦奶拿铁,-0.6111,0.1944,0.2868,0.1667,0.3056,0.75,0.0,0.3527,1.0,0.7642,0,0.0
S002,U002,R039,椰奶拿铁,-0.8007,0.0996,0.2759,0.1429,0.3056,0.75,0.0,0.3447,1.0,0.802,0,0.0
S002,U002,R040,杏仁奶拿铁,-0.8028,0.0986,0.2868,0.1667,0.3056,0.75,0.0,0.3527,1.0,0.7214,0,0.0
S002,U002,R041,拿铁（低咖啡因）,-0.7899,0.1051,0.1635,0.25,0.3056,0.75,0.0,0.3324,1.0,0.9489,0,0.0
S002,U002,R042,燕麦奶拿铁（低咖啡因）,-0.7966,0.1017,0.174,0.25,0.3056,0.75,0.0,0.3355,1.0,0.829,0,0.0
S002,U002,R043,椰奶拿铁（低咖啡因）,-0.7929,0.1035,0.17,0.2222,0.3056,0.75,0.0,0.3288,1.0,0.647,0,0.0
S002,U002,R044,杏仁奶拿铁（低咖啡因）,-0.7925,0.1037,0.174,0.25,0.3056,0.75,0.0,0.3355,1.0,0.9106,0,0.0
S002,U002,R045,卡布奇诺,-0.7923,0.1038,0.2631,0.1429,0.3056,0.4,0.0,0.2533,1.0,0.6311,0,0.0
S002,U002,R046,卡布奇诺（低咖啡因）,-0.7911,0.1044,0.1569,0.2222,0.3056,0.4,0.0,0.2373,1.0,0.5522,0,0.0
S002,U002,R047,西班牙拿铁,-0.7936,0.1032,0.222,0.1429,0.3056,0.4,0.0,0.241,1.0,0.9205,0,0.0
S002,U002,R048,西班牙拿铁（低咖啡因）,-0.7933,0.1034,0.2102,0.2222,0.3056,0.75,0.0,0.3408,1.0,0.5573,0,0.0
S002,U002,R049,摩卡,-0.7933,0.1033,0.2121,0.1667,0.3,0.75,0.0,0.3295,1.0,0.5422,0,0.0
S002,U002,R050,燕麦奶摩卡,-0.8061,0.0969,0.2262,0.1667,0.3,0.75,0.0,0.3337,1.0,0.5637,0,0.0
S002,U002,R051,椰奶摩卡,-0.8035,0.0983,0.2498,0.1429,0.3056,0.75,0.0,0.3369,1.0,0.7171,0,0.0
S002,U002,R052,杏仁奶摩卡,-0.8028,0.0986,0.2573,0.1667,0.3056,0.75,0.0,0.3439,1.0,0.5111,0,0.0
S002,U002,R053,摩卡（低咖啡因）,-0.7948,0.1026,0.2142,0.25,0.3056,0.75,0.0,0.3476,1.0,0.5866,0,0.0
S002,U002,R054,燕麦奶摩卡（低咖啡因）,-0.7972,0.1014,0.2221,0.25,0.3056,0.75,0.0,0.35,1.0,0.6577,0,0.0
S002,U002,R055,椰奶摩卡（低咖啡因）,-0.7995,0.1003,0.221,0.2222,0.3056,0.75,0.0,0.3441,1.0,0.5548,0,0.0
S002,U002,R056,杏仁奶摩卡（低咖啡因）,-0.8012,0.0994,0.2221,0.25,0.3056,0.75,0.0,0.35,1.0,0.5732,0,0.0
S002,U002,R057,dirty,-0.7925,0.1038,0.2421,0.1429,0.3056,0.75,0.0,0.3345,0.7,0.7902,0,0.0
S002,U002,R058,燕麦奶dirty,-0.7974,0.1013,0.2573,0.1429,0.3056,0.75,0.0,0.3391,0.7,0.8636,0,0.0
S002,U002,R059,椰奶dirty,-0.7997,0.1002,0.2488,0.125,0.3056,0.75,0.0,0.333,0.7,0.7763,0,0.0
S002,U002,R060,杏仁奶dirty,-0.8005,0.0998,0.2573,0.1429,0.3056,0.75,0.0,0.3391,0.7,0.5398,0,0.0
S002,U002,R061,dirty（低咖啡因）,-0.7919,0.1041,0.2142,0.2222,0.3056,0.75,0.0,0.342,0.7,0.7869,0,0.0
S002,U002,R062,燕麦奶dirty（低咖啡因）,-0.7989,0.1006,0.2233,0.2222,0.3056,0.75,0.0,0.3448,0.7,0.6093,0,0.0
S002,U002,R063,椰奶dirty（低咖啡因）,-0.8012,0.0994,0.221,0.2,0.3056,0.75,0.0,0.3396,0.7,0.562,0,0.0
S002,U002,R064,杏仁奶dirty（低咖啡因）,-0.7964,0.1018,0.2233,0.2222,0.3056,0.75,0.0,0.3448,0.7,0.8197,0,0.0
S002,U002,R065,热可可,-0.0208,0.4896,0.2052,0.4,0.5556,1.0,0.0,0.4749,1.0,0.5,0,0.0
S002,U002,R066,燕麦奶热可可,0.2,0.6,0.2213,0.4,0.5556,1.0,0.0,0.4797,1.0,0.5645,1,0.6041
S002,U002,R067,杏仁奶热可可,0.1563,0.5781,0.2213,0.4,0.5556,1.0,0.0,0.4797,1.0,0.7963,1,0.608
S002,U002,R068,玫瑰椰椰烤奶,-0.1369,0.4315,0.2687,0.25,0.5556,1.0,0.0,0.464,1.0,0.9445,1,0.5571
S002,U002,R069,玫瑰菊花茶,0.1061,0.553,0.2202,0.25,0.6111,1.0,0.0,0.4577,1.0,0.7143,1,0.5852
S002,U002,R070,玫瑰陈皮茶,-0.3885,0.3058,0.2173,0.1667,0.6111,1.0,0.0,0.4402,1.0,0.9356,0,0.4519
S002,U002,R071,金银花菊花茶,-0.1002,0.4499,0.2233,0.2,0.6111,1.0,0.0,0.4487,1.0,0.5792,0,0.4883
S002,U002,R072,菊花柠檬茶,-0.6873,0.1564,0.1666,0.1429,0.5556,1.0,0.0,0.4119,1.0,0.9409,0,0.3871
S002,U002,R073,薰衣草柠檬茶,-0.6944,0.1528,0.1657,0.125,0.5556,1.0,0.0,0.4081,1.0,0.8602,0,0.3801
S002,U002,R074,百花茶,-0.454,0.273,0.216,0.2,0.6111,1.0,0.0,0.4465,1.0,0.666,0,0.4298
S002,U002,R075,洛神花玫瑰茶,-0.5948,0.2026,0.216,0.2,0.6111,1.0,0.0,0.4465,1.0,0.8078,0,0.4122
S002,U002,R076,洛神花苹果茶,-0.757,0.1215,0.2135,0.1667,0.6111,1.0,0.0,0.439,1.0,0.654,0,0.3728
S002,U002,R077,金银花荷叶茶,-0.591,0.2045,0.21,0.2,0.6111,1.0,0.0,0.4447,1.0,0.7684,0,0.4101
S002,U002,R078,百合玫瑰茶,0.2099,0.605,0.225,0.25,0.6111,1.0,0.0,0.4592,1.0,0.8212,1,0.6094
S002,U002,R079,陈皮苹果茶,-0.5325,0.2338,0.2147,0.1667,0.6111,1.0,0.0,0.4394,1.0,0.6343,0,0.4113
S003,U003,R001,薄荷柠檬气泡茶,-0.8358,0.0821,0.0232,0.1111,0.5,1.0,0.0,0.3542,0.7,0.5243,0,0.2843
S003,U003,R002,蜂蜜柠檬茶,-0.3366,0.3317,0.0243,0.4,0.25,1.0,0.0,0.3748,0.7,0.7635,0,0.3929
S003,U003,R003,葡萄柠檬茉莉花茶,-0.0909,0.4546,0.0243,0.2857,0.5,1.0,0.0,0.3894,0.7,0.7863,0,0.4436
S003,U003,R004,青柠桂花蜜乌龙,-0.1487,0.4256,0.0239,0.3333,0.5,1.0,0.0,0.3988,0.7,0.7293,1,0.4849
S003,U003,R005,百香果乳酸绿茶,-0.6324,0.1838,0.0229,0.2857,0.5,1.0,0.0,0.389,0.7,0.6868,0,0.3437
S003,U003,R006,百香果美式,-0.8323,0.0839,0.0266,0.1111,0.5,1.0,0.0,0.3552,0.7,0.6598,0,0.2922
S003,U003,R007,百香果美式（低咖啡因）,-0.6104,0.1948,0.0753,0.1111,0.5,1.0,0.0,0.3698,0.7,0.7308,0,0.3411
S003,U003,R008,杨枝甘露,-0.4293,0.2854,0.0728,0.25,0.5,1.0,0.0,0.3968,0.3,0.8919,0,0.353
S003,U003,R009,鲜橙绿茶,-0.6225,0.1887,0.0266,0.2857,0.5,1.0,0.0,0.3901,0.7,0.7066,0,0.3469
S003,U003,R010,橙C美式,-0.8334,0.0833,0.0262,0.2222,0.5,1.0,0.0,0.3773,0.7,0.8743,0,0.3127
S003,U003,R011,橙C美式（低咖啡因）,-0.5697,0.2151,0.0753,0.2222,0.5,1.0,0.0,0.392,0.7,0.513,0,0.3473
S003,U003,R012,鲜橙养乐多,-0.1758,0.4121,0.0867,0.2857,0.5,1.0,0.0,0.4082,0.7,0.9432,1,0.4951
S003,U003,R013,草莓奶昔,-0.287,0.3565,0.0758,0.25,0.5,1.0,0.0,0.3977,0.7,0.5107,0,0.3993
S003,U003,R014,蓝莓奶昔,-0.1903,0.4048,0.0764,0.25,0.5,1.0,0.0,0.3979,0.7,0.5447,0,0.418
S003,U003,R015,桃桃乌龙,0.1533,0.5767,0.0311,0.4,0.5,1.0,0.0,0.4143,0.7,0.803,1,0.5484
S003,U003,R016,芒果奶昔,-0.2853,0.3574,0.0753,0.25,0.5,1.0,0.0,0.3976,0.7,0.9631,0,0.4221
S003,U003,R017,柠迭莓萝气泡水,-0.4539,0.273,0.0286,0.2222,0.5,1.0,0.0,0.378,0.3,0.7935,0,0.3353
S003,U003,R018,茉莉苹果奶绿,-0.2062,0.3969,0.0226,0.2857,0.5,1.0,0.0,0.3889,0.7,0.9252,0,0.4302
S003,U003,R019,荔枝白茶,0.0964,0.5482,0.0311,0.4,0.5,1.0,0.0,0.4143,0.7,0.6427,1,0.5304
S003,U003,R020,超级吨吨桶,-0.8343,0.0829,0.0634,0.2222,0.5,1.0,0.0,0.3885,0.3,0.6747,0,0.2676
S003,U003,R021,芝士奶盖铁观音,-0.3235,0.3382,0.02,0.1667,0.5,1.0,0.0,0.3643,0.7,0.7166,0,0.3881
S003,U003,R022,抹茶椰青美式,-0.7318,0.1341,0.0177,0.125,0.5,1.0,0.0,0.3553,1.0,0.8745,0,0.3506
S003,U003,R023,草莓抹茶椰,-0.4418,0.2791,0.0284,0.3333,0.5,1.0,0.0,0.4002,0.7,0.7021,1,0.4329
S003,U003,R024,柠檬草薄荷气泡水,-0.6376,0.1812,0.0266,0.1111,0.5,1.0,0.0,0.3552,0.7,0.8841,0,0.3375
S003,U003,R025,蝶豆花柠檬气泡水,-0.6203,0.1898,0.0254,0.1,0.5,1.0,0.0,0.3526,0.3,0.9987,0,0.305
S003,U003,R026,泰式奶红,-0.7615,0.1193,0.0254,0.1667,0.5,1.0,0.0,0.3659,1.0,0.6617,0,0.3395
S003,U003,R027,泰式奶绿,-0.757,0.1215,0.0162,0.1667,0.5,1.0,0.0,0.3632,1.0,0.5017,0,0.3311
S003,U003,R028,冰橙伯爵鸳鸯茶,-0.826,0.087,0.0262,0.1667,0.5,1.0,0.0,0.3662,1.0,0.6869,0,0.3296
S003,U003,R029,伯爵红茶奶茶,-0.9088,0.0456,0.0284,0.2,0.25,1.0,0.0,0.336,1.0,0.7533,0,0.3048
S003,U003,R030,焙茶豆乳,-0.7272,0.1364,0.0212,0.2,0.25,1.0,0.0,0.3338,1.0,0.6913,0,0.3325
S003,U003,R031,抹茶豆乳,-0.7941,0.1029,0.0204,0.2,0.25,1.0,0.0,0.3336,1.0,0.5041,0,0.3114
S003,U003,R032,抹茶拿铁,-0.8372,0.0814,0.0212,0.2,0.25,1.0,0.0,0.3338,1.0,0.5189,0,0.3046
S003,U003,R033,燕麦奶抹茶拿铁,-0.8063,0.0968,0.02,0.2,0.25,1.0,0.0,0.3335,1.0,0.6537,0,0.3167
S003,U003,R034,椰奶抹茶拿铁,-0.8491,0.0754,0.0317,0.3333,0.25,1.0,0.0,0.3637,1.0,0.7248,0,0.3263
S003,U003,R035,杏仁奶抹茶拿铁,-0.8249,0.0876,0.02,0.2,0.25,1.0,0.0,0.3335,1.0,0.7869,0,0.3201
S003,U003,R036,港式鸳鸯,-0.8316,0.0842,0.0728,0.1429,0.25,1.0,0.0,0.3379,1.0,0.8088,0,0.322
S003,U003,R037,拿铁,-0.8327,0.0837,0.02,0.1667,0.25,1.0,0.0,0.3268,1.0,0.9587,0,0.3243
S003,U003,R038,燕麦奶拿铁,-0.808,0.096,0.0193,0.1667,0.25,1.0,0.0,0.3266,1.0,0.8073,0,0.3209
S003,U003,R039,椰奶拿铁,-0.8265,0.0868,0.0284,0.2857,0.25,1.0,0.0,0.3532,1.0,0.8007,0,0.3293
S003,U003,R040,杏仁奶拿铁,-0.8264,0.0868,0.0193,0.1667,0.25,1.0,0.0,0.3266,1.0,0.6326,0,0.309
S003,U003,R041,拿铁（低咖啡因）,-0.8269,0.0866,0.0726,0.125,0.25,1.0,0.0,0.3343,1.0,0.7396,0,0.3177
S003,U003,R042,燕麦奶拿铁（低咖啡因）,-0.8304,0.0848,0.0726,0.125,0.25,1.0,0.0,0.3343,1.0,0.598,0,0.31
S003,U003,R043,椰奶拿铁（低咖啡因）,-0.8258,0.0871,0.0809,0.2222,0.25,1.0,0.0,0.3562,1.0,0.6077,0,0.3212
S003,U003,R044,杏仁奶拿铁（低咖啡因）,-0.8282,0.0859,0.0726,0.125,0.25,1.0,0.0,0.3343,1.0,0.5525,0,0.3081
S003,U003,R045,卡布奇诺,-0.8276,0.0862,0.018,0.1429,0.25,1.0,0.0,0.3215,1.0,0.5506,0,0.3024
S003,U003,R046,卡布奇诺（低咖啡因）,-0.8269,0.0866,0.0694,0.1111,0.25,1.0,0.0,0.3305,1.0,0.9894,0,0.3285
S003,U003,R047,西班牙拿铁,-0.8301,0.0849,0.0659,0.1429,0.25,1.0,0.0,0.3358,1.0,0.9925,0,0.3305
S003,U003,R048,西班牙拿铁（低咖啡因）,-0.8291,0.0855,0.0667,0.1111,0.25,1.0,0.0,0.3297,1.0,0.6395,0,0.3103
S003,U003,R049,摩卡,-0.8275,0.0862,0.0641,0.1667,0.25,1.0,0.0,0.3401,1.0,0.6063,0,0.3135
S003,U003,R050,燕麦奶摩卡,-0.8227,0.0887,0.0629,0.1667,0.25,1.0,0.0,0.3397,1.0,0.8709,0,0.3274
S003,U003,R051,椰奶摩卡,-0.8247,0.0876,0.0262,0.2857,0.25,1.0,0.0,0.3525,1.0,0.9476,0,0.3367
S003,U003,R052,杏仁奶摩卡,-0.8228,0.0886,0.0172,0.1667,0.25,1.0,0.0,0.326,1.0,0.9315,0,0.3243
S003,U003,R053,摩卡（低咖啡因）,-0.8257,0.0872,0.0684,0.125,0.25,1.0,0.0,0.333,1.0,0.623,0,0.3115
S003,U003,R054,燕麦奶摩卡（低咖啡因）,-0.8287,0.0856,0.068,0.125,0.25,1.0,0.0,0.3329,1.0,0.5199,0,0.3058
S003,U003,R055,椰奶摩卡（低咖啡因）,-0.8224,0.0888,0.0764,0.2222,0.25,1.0,0.0,0.3549,1.0,0.9289,0,0.3372
S003,U003,R056,杏仁奶摩卡（低咖啡因）,-0.8242,0.0879,0.068,0.125,0.25,1.0,0.0,0.3329,1.0,0.5706,0,0.3091
S003,U003,R057,dirty,-0.8295,0.0852,0.0177,0.1429,0.25,1.0,0.0,0.3214,0.7,0.5818,0,0.2736
S003,U003,R058,燕麦奶dirty,-0.8287,0.0856,0.0172,0.1429,0.25,1.0,0.0,0.3212,0.7,0.507,0,0.2699
S003,U003,R059,椰奶dirty,-0.827,0.0865,0.0258,0.25,0.25,1.0,0.0,0.3452,0.7,0.5854,0,0.2849
S003,U003,R060,杏仁奶dirty,-0.8235,0.0882,0.0172,0.1429,0.25,1.0,0.0,0.3212,0.7,0.783,0,0.2846
S003,U003,R061,dirty（低咖啡因）,-0.828,0.086,0.0684,0.1111,0.25,1.0,0.0,0.3302,0.7,0.9527,0,0.2963
S003,U003,R062,燕麦奶dirty（低咖啡因）,-0.8261,0.0869,0.0684,0.1111,0.25,1.0,0.0,0.3302,0.7,0.7983,0,0.2889
S003,U003,R063,椰奶dirty（低咖啡因）,-0.8244,0.0878,0.0764,0.2,0.25,1.0,0.0,0.3504,0.7,0.9989,0,0.3084
S003,U003,R064,杏仁奶dirty（低咖啡因）,-0.8259,0.087,0.0684,0.1111,0.25,1.0,0.0,0.3302,0.7,0.532,0,0.2757
S003,U003,R065,热可可,-0.641,0.1795,0.0643,0.2,0.0,1.0,0.0,0.3093,1.0,0.6421,0,0.3341
S003,U003,R066,燕麦奶热可可,-0.514,0.243,0.0625,0.2,0.0,1.0,0.0,0.3087,1.0,0.6732,0,0.3576
S003,U003,R067,杏仁奶热可可,-0.5144,0.2428,0.0625,0.2,0.0,1.0,0.0,0.3087,1.0,0.6006,0,0.3539
S003,U003,R068,玫瑰椰椰烤奶,-0.7475,0.1262,0.0172,0.25,0.0,1.0,0.0,0.3052,1.0,0.9696,0,0.33
S003,U003,R069,玫瑰菊花茶,-0.6307,0.1846,0.0117,0.0,0.0,1.0,0.0,0.2535,1.0,0.7741,0,0.3174
S003,U003,R070,玫瑰陈皮茶,-0.6455,0.1773,0.0224,0.1667,0.0,1.0,0.0,0.2901,1.0,0.5511,0,0.3201
S003,U003,R071,金银花菊花茶,-0.6544,0.1728,0.0,0.0,0.0,1.0,0.0,0.25,1.0,0.9342,0,0.3197
S003,U003,R072,菊花柠檬茶,-0.4656,0.2672,0.018,0.1429,0.0,1.0,0.0,0.284,1.0,0.6873,0,0.3557
S003,U003,R073,薰衣草柠檬茶,-0.4778,0.2611,0.0177,0.125,0.0,1.0,0.0,0.2803,1.0,0.6473,0,0.3499
S003,U003,R074,百花茶,-0.7001,0.15,0.011,0.0,0.0,1.0,0.0,0.2533,1.0,0.7267,0,0.3028
S003,U003,R075,洛神花玫瑰茶,-0.7716,0.1142,0.011,0.0,0.0,1.0,0.0,0.2533,1.0,0.9115,0,0.2995
S003,U003,R076,洛神花苹果茶,-0.7996,0.1002,0.0212,0.1667,0.0,1.0,0.0,0.2897,1.0,0.5754,0,0.2942
S003,U003,R077,金银花荷叶茶,-0.8284,0.0858,0.0,0.0,0.0,1.0,0.0,0.25,1.0,0.986,0,0.2918
S003,U003,R078,百合玫瑰茶,-0.5935,0.2032,0.0125,0.0,0.0,1.0,0.0,0.2537,1.0,0.762,0,0.3234
S003,U003,R079,陈皮苹果茶,-0.7111,0.1444,0.0216,0.1667,0.0,1.0,0.0,0.2898,1.0,0.5031,0,0.3061
S004,U004,R001,薄荷柠檬气泡茶,-0.7975,0.1013,0.031,0.0,0.0,0.65,0.0,0.1718,0.7,0.8109,0,0.0
S004,U004,R002,蜂蜜柠檬茶,-0.6416,0.1792,0.0324,0.0,0.0,1.0,0.0,0.2597,0.7,0.9683,0,0.298
S004,U004,R003,葡萄柠檬茉莉花茶,-0.5025,0.2487,0.0324,0.0,0.0,1.0,0.0,0.2597,0.7,0.7381,0,0.3108
S004,U004,R004,青柠桂花蜜乌龙,-0.6044,0.1978,0.0159,0.0,0.0,1.0,0.0,0.2548,0.7,0.7127,0,0.2895
S004,U004,R005,百香果乳酸绿茶,-0.7444,0.1278,0.0076,0.0,0.0,1.0,0.0,0.2523,0.7,0.9659,0,0.2766
S004,U004,R006,百香果美式,-0.8081,0.096,0.0539,0.0,0.0,0.65,0.0,0.1787,0.7,0.6847,0,0.0
S004,U004,R007,百香果美式（低咖啡因）,-0.7873,0.1063,0.1162,0.0,0.05,0.65,0.0,0.2049,0.7,0.5975,0,0.0
S004,U004,R008,杨枝甘露,-0.6403,0.1799,0.1239,0.0,0.0625,1.0,0.0,0.2965,0.3,0.8088,0,0.2668
S004,U004,R009,鲜橙绿茶,-0.764,0.118,0.0089,0.0,0.0,1.0,0.0,0.2527,0.7,0.5554,0,0.2528
S004,U004,R010,橙C美式,-0.7964,0.1018,0.0587,0.0,0.0,0.65,0.0,0.1801,0.7,0.7086,0,0.0
S004,U004,R011,橙C美式（低咖啡因）,-0.7503,0.1248,0.1244,0.0,0.0556,0.65,0.0,0.2081,0.7,0.7041,0,0.0
S004,U004,R012,鲜橙养乐多,-0.6452,0.1774,0.1129,0.0,0.0625,1.0,0.0,0.2933,0.7,0.7654,0,0.3023
S004,U004,R013,草莓奶昔,-0.5631,0.2184,0.1349,0.0,0.0625,1.0,0.0,0.2999,0.7,0.6766,0,0.3152
S004,U004,R014,蓝莓奶昔,-0.5638,0.2181,0.1355,0.0,0.0625,1.0,0.0,0.3,0.7,0.6707,0,0.3149
S004,U004,R015,桃桃乌龙,-0.5299,0.235,0.0,0.0,0.0,1.0,0.0,0.25,0.7,0.5141,0,0.2905
S004,U004,R016,芒果奶昔,-0.5667,0.2166,0.1344,0.0,0.0625,1.0,0.0,0.2997,0.7,0.9215,0,0.3268
S004,U004,R017,柠迭莓萝气泡水,-0.6962,0.1519,0.0286,0.0,0.0,0.65,0.0,0.1711,0.3,0.7821,0,0.0
S004,U004,R018,茉莉苹果奶绿,-0.5778,0.2111,0.0151,0.0,0.0,1.0,0.0,0.2545,0.7,0.7649,0,0.2966
S004,U004,R019,荔枝白茶,-0.5273,0.2363,0.0104,0.0,0.0,1.0,0.0,0.2531,0.7,0.5344,0,0.2933
S004,U004,R020,超级吨吨桶,-0.7994,0.1003,0.0259,0.0,0.0,1.0,0.0,0.2578,0.3,0.9312,0,0.2277
S004,U004,R021,芝士奶盖铁观音,-0.5935,0.2033,0.01,0.0,0.0,1.0,0.0,0.253,0.7,0.893,0,0.2996
S004,U004,R022,抹茶椰青美式,-0.8666,0.0667,0.0677,0.0,0.0,0.65,0.0,0.1828,1.0,0.9222,0,0.0
S004,U004,R023,草莓抹茶椰,-0.8414,0.0793,0.0657,0.0,0.0,0.65,0.0,0.1822,0.7,0.938,0,0.0
S004,U004,R024,柠檬草薄荷气泡水,-0.7495,0.1253,0.0355,0.0,0.0,0.65,0.0,0.1731,0.7,0.6265,0,0.0
S004,U004,R025,蝶豆花柠檬气泡水,-0.7576,0.1212,0.0338,0.0,0.0,0.65,0.0,0.1727,0.3,0.5252,0,0.0
S004,U004,R026,泰式奶红,-0.6312,0.1844,0.0085,0.0,0.0,1.0,0.0,0.2525,1.0,0.5113,0,0.3037
S004,U004,R027,泰式奶绿,-0.6456,0.1772,0.0162,0.0,0.0,1.0,0.0,0.2549,1.0,0.9522,0,0.3243
S004,U004,R028,冰橙伯爵鸳鸯茶,-0.8102,0.0949,0.065,0.0,0.0,0.65,0.0,0.182,1.0,0.9107,0,0.0
S004,U004,R029,伯爵红茶奶茶,-0.6398,0.1801,0.0,0.0,0.0,1.0,0.0,0.25,1.0,0.9103,0,0.321
S004,U004,R030,焙茶豆乳,-0.6156,0.1922,0.0106,0.0,0.0,1.0,0.0,0.2532,1.0,0.8324,0,0.3228
S004,U004,R031,抹茶豆乳,-0.7903,0.1048,0.0704,0.0,0.0,0.65,0.0,0.1836,1.0,0.5926,0,0.0
S004,U004,R032,抹茶拿铁,-0.7958,0.1021,0.0606,0.0,0.0,0.65,0.0,0.1807,1.0,0.7287,0,0.0
S004,U004,R033,燕麦奶抹茶拿铁,-0.7832,0.1084,0.07,0.0,0.0,0.65,0.0,0.1835,1.0,0.8452,0,0.0
S004,U004,R034,椰奶抹茶拿铁,-0.7917,0.1041,0.0606,0.0,0.0,0.65,0.0,0.1807,1.0,0.8108,0,0.0
S004,U004,R035,杏仁奶抹茶拿铁,-0.7996,0.1002,0.07,0.0,0.0,0.65,0.0,0.1835,1.0,0.7695,0,0.0
S004,U004,R036,港式鸳鸯,-0.7987,0.1007,0.0489,0.0,0.0,0.65,0.0,0.1772,1.0,0.753,0,0.0
S004,U004,R037,拿铁,-0.8016,0.0992,0.06,0.0,0.0,0.65,0.0,0.1805,1.0,0.9552,0,0.0
S004,U004,R038,燕麦奶拿铁,-0.7927,0.1037,0.0693,0.0,0.0,0.65,0.0,0.1833,1.0,0.5144,0,0.0
S004,U004,R039,椰奶拿铁,-0.8024,0.0988,0.0595,0.0,0.0,0.65,0.0,0.1803,1.0,0.9984,0,0.0
S004,U004,R040,杏仁奶拿铁,-0.8012,0.0994,0.0693,0.0,0.0,0.65,0.0,0.1833,1.0,0.6432,0,0.0
S004,U004,R041,拿铁（低咖啡因）,-0.8019,0.0991,0.0212,0.0,0.0,0.65,0.0,0.1688,1.0,0.5413,0,0.0
S004,U004,R042,燕麦奶拿铁（低咖啡因）,-0.7993,0.1004,0.0212,0.0,0.0,0.65,0.0,0.1688,1.0,0.9532,0,0.0
S004,U004,R043,椰奶拿铁（低咖啡因）,-0.8056,0.0972,0.02,0.0,0.0,0.65,0.0,0.1685,1.0,0.5895,0,0.0
S004,U004,R044,杏仁奶拿铁（低咖啡因）,-0.8057,0.0972,0.0212,0.0,0.0,0.65,0.0,0.1688,1.0,0.6594,0,0.0
S004,U004,R045,卡布奇诺,-0.8046,0.0977,0.059,0.0,0.0,0.65,0.0,0.1802,1.0,0.6486,0,0.0
S004,U004,R046,卡布奇诺（低咖啡因）,-0.8057,0.0972,0.019,0.0,0.0,0.65,0.0,0.1682,1.0,0.8648,0,0.0
S004,U004,R047,西班牙拿铁,-0.7989,0.1005,0.0492,0.0,0.0,0.65,0.0,0.1773,1.0,0.7506,0,0.0
S004,U004,R048,西班牙拿铁（低咖啡因）,-0.799,0.1005,0.0172,0.0,0.0,0.65,0.0,0.1677,1.0,0.8412,0,0.0
S004,U004,R049,摩卡,-0.8028,0.0986,0.0464,0.0,0.0,0.65,0.0,0.1764,1.0,0.6689,0,0.0
S004,U004,R050,燕麦奶摩卡,-0.8057,0.0971,0.0544,0.0,0.0,0.65,0.0,0.1788,1.0,0.6447,0,0.0
S004,U004,R051,椰奶摩卡,-0.7981,0.101,0.0537,0.0,0.0,0.65,0.0,0.1786,1.0,0.7345,0,0.0
S004,U004,R052,杏仁奶摩卡,-0.8022,0.0989,0.0622,0.0,0.0,0.65,0.0,0.1812,1.0,0.7481,0,0.0
S004,U004,R053,摩卡（低咖啡因）,-0.8003,0.0999,0.0183,0.0,0.0,0.65,0.0,0.168,1.0,0.7151,0,0.0
S004,U004,R054,燕麦奶摩卡（低咖啡因）,-0.7987,0.1007,0.018,0.0,0.0,0.65,0.0,0.1679,1.0,0.8899,0,0.0
S004,U004,R055,椰奶摩卡（低咖啡因）,-0.802,0.099,0.0177,0.0,0.0,0.65,0.0,0.1678,1.0,0.5274,0,0.0
S004,U004,R056,杏仁奶摩卡（低咖啡因）,-0.8021,0.099,0.018,0.0,0.0,0.65,0.0,0.1679,1.0,0.614,0,0.0
S004,U004,R057,dirty,-0.7991,0.1004,0.0539,0.0,0.0,0.65,0.0,0.1787,0.7,0.5998,0,0.0
S004,U004,R058,燕麦奶dirty,-0.808,0.096,0.0622,0.0,0.0,0.65,0.0,0.1812,0.7,0.6634,0,0.0
S004,U004,R059,椰奶dirty,-0.799,0.1005,0.0536,0.0,0.0,0.65,0.0,0.1786,0.7,0.6613,0,0.0
S004,U004,R060,杏仁奶dirty,-0.8055,0.0973,0.0622,0.0,0.0,0.65,0.0,0.1812,0.7,0.5304,0,0.0
S004,U004,R061,dirty（低咖啡因）,-0.8037,0.0981,0.0183,0.0,0.0,0.65,0.0,0.168,0.7,0.5832,0,0.0
S004,U004,R062,燕麦奶dirty（低咖啡因）,-0.8023,0.0989,0.0183,0.0,0.0,0.65,0.0,0.168,0.7,0.6711,0,0.0
S004,U004,R063,椰奶dirty（低咖啡因）,-0.8034,0.0983,0.0177,0.0,0.0,0.65,0.0,0.1678,0.7,0.9249,0,0.0
S004,U004,R064,杏仁奶dirty（低咖啡因）,-0.8045,0.0978,0.0183,0.0,0.0,0.65,0.0,0.168,0.7,0.7637,0,0.0
S004,U004,R065,热可可,-0.4665,0.2668,0.1134,0.0,0.0625,1.0,0.0,0.2934,1.0,0.8283,0,0.3668
S004,U004,R066,燕麦奶热可可,-0.3206,0.3397,0.1224,0.0,0.0625,1.0,0.0,0.2961,1.0,0.9302,0,0.3987
S004,U004,R067,杏仁奶热可可,-0.3548,0.3226,0.1224,0.0,0.0625,1.0,0.0,0.2961,1.0,0.7045,0,0.3814
S004,U004,R068,玫瑰椰椰烤奶,-0.5973,0.2013,0.0086,0.0,0.0,1.0,0.0,0.2526,1.0,0.5886,0,0.3136
S004,U004,R069,玫瑰菊花茶,0.3793,0.6896,0.2202,0.0,0.1111,1.0,0.0,0.3327,1.0,0.5518,1,0.5687
S004,U004,R070,玫瑰陈皮茶,-0.0107,0.4947,0.2173,0.0,0.1111,1.0,0.0,0.3319,1.0,0.6954,1,0.5073
S004,U004,R071,金银花菊花茶,0.3125,0.6563,0.2233,0.0,0.1111,1.0,0.0,0.3337,1.0,0.5728,1,0.5585
S004,U004,R072,菊花柠檬茶,-0.6336,0.1832,0.1666,0.0,0.0556,1.0,0.0,0.3083,1.0,0.7883,0,0.3423
S004,U004,R073,薰衣草柠檬茶,-0.6222,0.1889,0.1657,0.0,0.0556,1.0,0.0,0.3081,1.0,0.9369,0,0.3516
S004,U004,R074,百花茶,0.0698,0.5349,0.216,0.0,0.1111,1.0,0.0,0.3315,1.0,0.7188,1,0.5223
S004,U004,R075,洛神花玫瑰茶,-0.1262,0.4369,0.205,0.0,0.1111,1.0,0.0,0.3282,1.0,0.526,0,0.4269
S004,U004,R076,洛神花苹果茶,-0.5227,0.2386,0.2029,0.0,0.1111,1.0,0.0,0.3275,1.0,0.8092,0,0.3714
S004,U004,R077,金银花荷叶茶,-0.2179,0.3911,0.21,0.0,0.1111,1.0,0.0,0.3297,1.0,0.9949,0,0.435
S004,U004,R078,百合玫瑰茶,0.4189,0.7095,0.225,0.0,0.1111,1.0,0.0,0.3342,1.0,0.979,1,0.5977
S004,U004,R079,陈皮苹果茶,-0.6758,0.1621,0.2147,0.0,0.1111,1.0,0.0,0.3311,1.0,0.7846,0,0.345
S005,U005,R001,薄荷柠檬气泡茶,-0.7492,0.1254,0.0387,0.0,0.0,0.65,0.0,0.1741,0.7,0.7104,0,0.2278
S005,U005,R002,蜂蜜柠檬茶,-0.589,0.2055,0.1097,0.0,0.25,1.0,0.0,0.3204,0.7,0.9866,0,0.3354
S005,U005,R003,葡萄柠檬茉莉花茶,-0.5504,0.2248,0.0935,0.0,0.0,1.0,0.0,0.2781,0.7,0.8845,0,0.318
S005,U005,R004,青柠桂花蜜乌龙,-0.6637,0.1681,0.0928,0.0,0.0,1.0,0.0,0.2778,0.7,0.9137,0,0.2995
S005,U005,R005,百香果乳酸绿茶,-0.6555,0.1722,0.0681,0.0,0.0,1.0,0.0,0.2704,0.7,0.8734,0,0.2956
S005,U005,R006,百香果美式,-0.7681,0.1159,0.0805,0.0,0.0,0.65,0.0,0.1866,0.7,0.5125,0,0.2202
S005,U005,R007,百香果美式（低咖啡因）,-0.7872,0.1064,0.1829,0.0,0.1,0.65,0.0,0.2324,0.7,0.5965,0,0.2416
S005,U005,R008,杨枝甘露,-0.5897,0.2051,0.1828,0.0,0.0625,1.0,0.0,0.3142,0.3,0.6531,0,0.2758
S005,U005,R009,鲜橙绿茶,-0.7622,0.1189,0.0764,0.0,0.0,1.0,0.0,0.2729,0.7,0.6024,0,0.2645
S005,U005,R010,橙C美式,-0.7559,0.122,0.0799,0.0,0.0,0.65,0.0,0.1865,0.7,0.6784,0,0.2306
S005,U005,R011,橙C美式（低咖啡因）,-0.7421,0.1289,0.1952,0.0,0.1111,0.65,0.0,0.2377,0.7,0.5506,0,0.2496
S005,U005,R012,鲜橙养乐多,-0.601,0.1995,0.1808,0.0,0.0625,1.0,0.0,0.3136,0.7,0.9284,0,0.3274
S005,U005,R013,草莓奶昔,-0.5151,0.2425,0.1874,0.0,0.0625,1.0,0.0,0.3156,0.7,0.5025,0,0.322
S005,U005,R014,蓝莓奶昔,-0.5177,0.2411,0.1882,0.0,0.0625,1.0,0.0,0.3158,0.7,0.7904,0,0.336
S005,U005,R015,桃桃乌龙,-0.5958,0.2021,0.0865,0.0,0.0,1.0,0.0,0.276,0.7,0.7104,0,0.3005
S005,U005,R016,芒果奶昔,-0.5183,0.2409,0.1866,0.0,0.0625,1.0,0.0,0.3153,0.7,0.8283,0,0.3376
S005,U005,R017,柠迭莓萝气泡水,-0.633,0.1835,0.0286,0.0,0.0,0.65,0.0,0.1711,0.3,0.671,0,0.2048
S005,U005,R018,茉莉苹果奶绿,-0.6057,0.1971,0.0902,0.0,0.0,1.0,0.0,0.2771,0.7,0.5229,0,0.2898
S005,U005,R019,荔枝白茶,-0.5861,0.207,0.0969,0.0,0.0,1.0,0.0,0.2791,0.7,0.8501,0,0.3105
S005,U005,R020,超级吨吨桶,-0.7603,0.1199,0.0763,0.0,0.0,1.0,0.0,0.2729,0.3,0.6799,0,0.2287
S005,U005,R021,芝士奶盖铁观音,-0.5385,0.2308,0.085,0.0,0.0,1.0,0.0,0.2755,0.7,0.6463,0,0.3071
S005,U005,R022,抹茶椰青美式,-0.8129,0.0936,0.0894,0.0,0.0,0.65,0.0,0.1893,1.0,0.7975,0,0.2578
S005,U005,R023,草莓抹茶椰,-0.8324,0.0838,0.064,0.0,0.0,0.65,0.0,0.1817,0.7,0.8025,0,0.2212
S005,U005,R024,柠檬草薄荷气泡水,-0.6649,0.1675,0.0355,0.0,0.0,0.65,0.0,0.1731,0.7,0.8245,0,0.2478
S005,U005,R025,蝶豆花柠檬气泡水,-0.6758,0.1621,0.0338,0.0,0.0,0.65,0.0,0.1727,0.3,0.6067,0,0.1948
S005,U005,R026,泰式奶红,-0.4901,0.2549,0.0958,0.0,0.0,1.0,0.0,0.2787,1.0,0.8108,0,0.3552
S005,U005,R027,泰式奶绿,-0.5108,0.2446,0.0935,0.0,0.0,1.0,0.0,0.2781,1.0,0.8671,0,0.3541
S005,U005,R028,冰橙伯爵鸳鸯茶,-0.7683,0.1159,0.0799,0.0,0.0,0.65,0.0,0.1865,1.0,0.5346,0,0.2512
S005,U005,R029,伯爵红茶奶茶,-0.5232,0.2384,0.1469,0.0,0.3125,1.0,0.0,0.3409,1.0,0.9245,0,0.3831
S005,U005,R030,焙茶豆乳,-0.4449,0.2775,0.164,0.0,0.3125,1.0,0.0,0.3461,1.0,0.9603,0,0.4009
S005,U005,R031,抹茶豆乳,-0.6766,0.1617,0.1613,0.0,0.3125,0.65,0.0,0.2578,1.0,0.6274,0,0.304
S005,U005,R032,抹茶拿铁,-0.7531,0.1235,0.1429,0.0,0.3125,0.65,0.0,0.2522,1.0,0.5292,0,0.2832
S005,U005,R033,燕麦奶抹茶拿铁,-0.6678,0.1661,0.15,0.0,0.3125,0.65,0.0,0.2544,1.0,0.9136,0,0.3183
S005,U005,R034,椰奶抹茶拿铁,-0.743,0.1285,0.1323,0.0,0.3125,0.65,0.0,0.2491,1.0,0.951,0,0.3046
S005,U005,R035,杏仁奶抹茶拿铁,-0.7575,0.1212,0.15,0.0,0.3125,0.65,0.0,0.2544,1.0,0.6029,0,0.2871
S005,U005,R036,港式鸳鸯,-0.7629,0.1186,0.1296,0.0,0.3056,0.65,0.0,0.2472,1.0,0.9851,0,0.302
S005,U005,R037,拿铁,-0.7605,0.1198,0.15,0.0,0.3125,0.65,0.0,0.2544,1.0,0.706,0,0.2917
S005,U005,R038,燕麦奶拿铁,-0.6852,0.1574,0.1575,0.0,0.3125,0.65,0.0,0.2566,1.0,0.8429,0,0.3127
S005,U005,R039,椰奶拿铁,-0.7593,0.1204,0.1469,0.0,0.3125,0.65,0.0,0.2534,1.0,0.9284,0,0.3026
S005,U005,R040,杏仁奶拿铁,-0.757,0.1215,0.1575,0.0,0.3125,0.65,0.0,0.2566,1.0,0.8568,0,0.3008
S005,U005,R041,拿铁（低咖啡因）,-0.7657,0.1171,0.1085,0.125,0.3125,0.65,0.0,0.2669,1.0,0.8205,0,0.3021
S005,U005,R042,燕麦奶拿铁（低咖啡因）,-0.7545,0.1227,0.1085,0.125,0.3125,0.65,0.0,0.2669,1.0,0.6195,0,0.294
S005,U005,R043,椰奶拿铁（低咖啡因）,-0.7696,0.1152,0.105,0.1111,0.3125,0.65,0.0,0.2631,1.0,0.8301,0,0.3002
S005,U005,R044,杏仁奶拿铁（低咖啡因）,-0.7645,0.1177,0.1085,0.125,0.3125,0.65,0.0,0.2669,1.0,0.8059,0,0.3016
S005,U005,R045,卡布奇诺,-0.7651,0.1174,0.1441,0.0,0.3125,0.65,0.0,0.2526,1.0,0.6718,0,0.2884
S005,U005,R046,卡布奇诺（低咖啡因）,-0.7684,0.1158,0.1019,0.1111,0.3125,0.65,0.0,0.2622,1.0,0.6893,0,0.293
S005,U005,R047,西班牙拿铁,-0.7617,0.1191,0.1318,0.0,0.3056,0.65,0.0,0.2479,1.0,0.7003,0,0.2883
S005,U005,R048,西班牙拿铁（低咖啡因）,-0.7632,0.1184,0.1502,0.1111,0.3125,0.65,0.0,0.2766,1.0,0.6372,0,0.2978
S005,U005,R049,摩卡,-0.7648,0.1176,0.1282,0.0,0.3,0.65,0.0,0.246,1.0,0.5011,0,0.2769
S005,U005,R050,燕麦奶摩卡,-0.7611,0.1194,0.1342,0.0,0.3,0.65,0.0,0.2478,1.0,0.6258,0,0.2846
S005,U005,R051,椰奶摩卡,-0.7603,0.1199,0.1424,0.0,0.3056,0.65,0.0,0.251,1.0,0.5692,0,0.2834
S005,U005,R052,杏仁奶摩卡,-0.7638,0.1181,0.1502,0.0,0.3056,0.65,0.0,0.2534,1.0,0.7861,0,0.2947
S005,U005,R053,摩卡（低咖啡因）,-0.7653,0.1173,0.1542,0.125,0.3125,0.65,0.0,0.2806,1.0,0.9691,0,0.3158
S005,U005,R054,燕麦奶摩卡（低咖啡因）,-0.7588,0.1206,0.1531,0.125,0.3125,0.65,0.0,0.2803,1.0,0.5777,0,0.2972
S005,U005,R055,椰奶摩卡（低咖啡因）,-0.7678,0.1161,0.1521,0.1111,0.3125,0.65,0.0,0.2772,1.0,0.5411,0,0.2924
S005,U005,R056,杏仁奶摩卡（低咖啡因）,-0.7642,0.1179,0.1531,0.125,0.3125,0.65,0.0,0.2803,1.0,0.5346,0,0.2941
S005,U005,R057,dirty,-0.7627,0.1187,0.1432,0.0,0.3056,0.65,0.0,0.2513,0.7,0.8155,0,0.2654
S005,U005,R058,燕麦奶dirty,-0.7596,0.1202,0.1502,0.0,0.3056,0.65,0.0,0.2534,0.7,0.6509,0,0.2586
S005,U005,R059,椰奶dirty,-0.7589,0.1206,0.1416,0.0,0.3056,0.65,0.0,0.2508,0.7,0.9546,0,0.2728
S005,U005,R060,杏仁奶dirty,-0.7659,0.1171,0.1502,0.0,0.3056,0.65,0.0,0.2534,0.7,0.5069,0,0.2504
S005,U005,R061,dirty（低咖啡因）,-0.7666,0.1167,0.1542,0.1111,0.3125,0.65,0.0,0.2778,0.7,0.8497,0,0.2783
S005,U005,R062,燕麦奶dirty（低咖啡因）,-0.763,0.1185,0.1542,0.1111,0.3125,0.65,0.0,0.2778,0.7,0.7444,0,0.2737
S005,U005,R063,椰奶dirty（低咖啡因）,-0.7649,0.1175,0.1521,0.1,0.3125,0.65,0.0,0.275,0.7,0.8915,0,0.2795
S005,U005,R064,杏仁奶dirty（低咖啡因）,-0.7658,0.1171,0.1542,0.1111,0.3125,0.65,0.0,0.2778,0.7,0.9379,0,0.2829
S005,U005,R065,热可可,-0.5321,0.234,0.2502,0.2,0.625,1.0,0.0,0.4588,1.0,0.9841,0,0.4375
S005,U005,R066,燕麦奶热可可,-0.3829,0.3086,0.2663,0.2,0.625,1.0,0.0,0.4636,1.0,0.9133,0,0.4623
S005,U005,R067,杏仁奶热可可,-0.4248,0.2876,0.2663,0.2,0.625,1.0,0.0,0.4636,1.0,0.9132,0,0.4549
S005,U005,R068,玫瑰椰椰烤奶,-0.5242,0.2379,0.1416,0.125,0.5625,1.0,0.0,0.4018,1.0,0.774,0,0.4028
S005,U005,R069,玫瑰菊花茶,0.404,0.702,0.2811,0.25,0.6667,1.0,0.0,0.4843,1.0,0.534,1,0.6403
S005,U005,R070,玫瑰陈皮茶,-0.1241,0.438,0.2885,0.1667,0.6667,1.0,0.0,0.4699,1.0,0.9263,0,0.5111
S005,U005,R071,金银花菊花茶,0.3893,0.6946,0.2853,0.2,0.6667,1.0,0.0,0.4756,1.0,0.5235,1,0.6333
S005,U005,R072,菊花柠檬茶,-0.6339,0.1831,0.2311,0.1429,0.6111,1.0,0.0,0.4396,1.0,0.7904,0,0.4014
S005,U005,R073,薰衣草柠檬茶,-0.6256,0.1872,0.2298,0.125,0.6111,1.0,0.0,0.4356,1.0,0.9338,0,0.4082
S005,U005,R074,百花茶,0.0829,0.5414,0.2755,0.2,0.6667,1.0,0.0,0.4727,1.0,0.9079,0,0.5476
S005,U005,R075,洛神花玫瑰茶,-0.0744,0.4628,0.2865,0.2,0.6667,1.0,0.0,0.4759,1.0,0.7536,1,0.5638
S005,U005,R076,洛神花苹果茶,-0.5339,0.233,0.2827,0.1667,0.6667,1.0,0.0,0.4681,1.0,0.9776,0,0.4411
S005,U005,R077,金银花荷叶茶,-0.1087,0.4457,0.2775,0.2,0.6667,1.0,0.0,0.4733,1.0,0.508,1,0.5444
S005,U005,R078,百合玫瑰茶,0.4516,0.7258,0.2875,0.25,0.6667,1.0,0.0,0.4862,1.0,0.7213,1,0.6589
S005,U005,R079,陈皮苹果茶,-0.7692,0.1154,0.2846,0.1667,0.6667,1.0,0.0,0.4687,1.0,0.9224,0,0.3974
S006,U006,R001,薄荷柠檬气泡茶,-0.7808,0.1096,0.2197,0.0,0.5556,0.4,0.0,0.2492,0.7,0.7042,0,0.0
S006,U006,R002,蜂蜜柠檬茶,-0.4979,0.251,0.2978,0.0,0.3056,1.0,0.0,0.3852,0.7,0.955,0,0.379
S006,U006,R003,葡萄柠檬茉莉花茶,0.1639,0.5819,0.2528,0.0,0.5556,1.0,0.0,0.4092,0.7,0.6662,1,0.5411
S006,U006,R004,青柠桂花蜜乌龙,0.0251,0.5126,0.2438,0.0,0.5556,1.0,0.0,0.4065,0.7,0.642,1,0.5144
S006,U006,R005,百香果乳酸绿茶,-0.6802,0.1599,0.2035,0.0,0.5556,1.0,0.0,0.3944,0.7,0.5583,0,0.3314
S006,U006,R006,百香果美式,-0.787,0.1065,0.1882,0.0,0.5556,0.4,0.0,0.2398,0.7,0.6914,0,0.0
S006,U006,R007,百香果美式（低咖啡因）,-0.7565,0.1218,0.0925,0.0,0.55,0.4,0.0,0.2102,0.7,0.7726,0,0.0
S006,U006,R008,杨枝甘露,-0.5926,0.2037,0.1399,0.0,0.5556,1.0,0.0,0.3753,0.3,0.7107,0,0.3057
S006,U006,R009,鲜橙绿茶,-0.5172,0.2414,0.2257,0.0,0.5556,1.0,0.0,0.4011,0.7,0.6983,0,0.3699
S006,U006,R010,橙C美式,-0.7848,0.1076,0.2024,0.0,0.5556,0.4,0.0,0.244,0.7,0.5379,0,0.0
S006,U006,R011,橙C美式（低咖啡因）,-0.7282,0.1359,0.0966,0.0,0.5556,0.4,0.0,0.2123,0.7,0.9181,0,0.0
S006,U006,R012,鲜橙养乐多,-0.4911,0.2544,0.1808,0.0,0.5556,1.0,0.0,0.3876,0.7,0.9275,0,0.3799
S006,U006,R013,草莓奶昔,-0.4812,0.2594,0.1524,0.0,0.5556,1.0,0.0,0.379,0.7,0.8004,0,0.3714
S006,U006,R014,蓝莓奶昔,-0.4259,0.2871,0.1532,0.0,0.5556,1.0,0.0,0.3793,0.7,0.6428,0,0.3733
S006,U006,R015,桃桃乌龙,0.3021,0.6511,0.2526,0.0,0.5556,1.0,0.0,0.4091,0.7,0.5814,1,0.561
S006,U006,R016,芒果奶昔,-0.4767,0.2617,0.1516,0.0,0.5556,1.0,0.0,0.3788,0.7,0.9089,0,0.3775
S006,U006,R017,柠迭莓萝气泡水,-0.4516,0.2742,0.2371,0.0,0.5556,0.4,0.0,0.2545,0.3,0.8008,0,0.0
S006,U006,R018,茉莉苹果奶绿,-0.0498,0.4751,0.2853,0.0,0.5556,1.0,0.0,0.4189,0.7,0.6517,1,0.5074
S006,U006,R019,荔枝白茶,0.2837,0.6418,0.263,0.0,0.5556,1.0,0.0,0.4122,0.7,0.9699,1,0.5786
S006,U006,R020,超级吨吨桶,-0.7792,0.1104,0.2082,0.0,0.5556,1.0,0.0,0.3958,0.3,0.8845,0,0.291
S006,U006,R021,芝士奶盖铁观音,-0.1853,0.4073,0.2388,0.0,0.5556,1.0,0.0,0.405,0.7,0.9303,0,0.4413
S006,U006,R022,抹茶椰青美式,-0.6955,0.1523,0.2121,0.0,0.5556,0.4,0.0,0.247,1.0,0.8438,0,0.0
S006,U006,R023,草莓抹茶椰,-0.444,0.278,0.2162,0.0,0.5556,0.4,0.0,0.2482,0.7,0.7279,0,0.0
S006,U006,R024,柠檬草薄荷气泡水,-0.6742,0.1629,0.2346,0.0,0.5556,0.4,0.0,0.2537,0.7,0.7372,0,0.0
S006,U006,R025,蝶豆花柠檬气泡水,-0.6528,0.1736,0.2313,0.0,0.5556,0.4,0.0,0.2527,0.3,0.8024,0,0.0
S006,U006,R026,泰式奶红,-0.6989,0.1505,0.228,0.0,0.5,1.0,0.0,0.3934,1.0,0.8518,0,0.3723
S006,U006,R027,泰式奶绿,-0.6823,0.1588,0.2335,0.0,0.5,1.0,0.0,0.395,1.0,0.8515,0,0.3759
S006,U006,R028,冰橙伯爵鸳鸯茶,-0.774,0.113,0.1649,0.0,0.5,0.4,0.0,0.2245,1.0,0.5815,0,0.0
S006,U006,R029,伯爵红茶奶茶,-0.8189,0.0905,0.2069,0.0,0.25,1.0,0.0,0.3496,1.0,0.7547,0,0.3267
S006,U006,R030,焙茶豆乳,-0.6531,0.1734,0.224,0.0,0.25,1.0,0.0,0.3547,1.0,0.52,0,0.3463
S006,U006,R031,抹茶豆乳,-0.7359,0.132,0.1611,0.0,0.25,0.4,0.0,0.1858,1.0,0.5629,0,0.0
S006,U006,R032,抹茶拿铁,-0.7871,0.1065,0.1423,0.0,0.25,0.4,0.0,0.1802,1.0,0.9783,0,0.0
S006,U006,R033,燕麦奶抹茶拿铁,-0.7448,0.1276,0.16,0.0,0.25,0.4,0.0,0.1855,1.0,0.6912,0,0.0
S006,U006,R034,椰奶抹茶拿铁,-0.7984,0.1008,0.1423,0.0,0.25,0.4,0.0,0.1802,1.0,0.7751,0,0.0
S006,U006,R035,杏仁奶抹茶拿铁,-0.773,0.1135,0.16,0.0,0.25,0.4,0.0,0.1855,1.0,0.8401,0,0.0
S006,U006,R036,港式鸳鸯,-0.7825,0.1087,0.1217,0.0,0.25,0.4,0.0,0.174,1.0,0.8285,0,0.0
S006,U006,R037,拿铁,-0.7813,0.1094,0.15,0.0,0.25,0.4,0.0,0.1825,1.0,0.9832,0,0.0
S006,U006,R038,燕麦奶拿铁,-0.7343,0.1329,0.1579,0.0,0.25,0.4,0.0,0.1849,1.0,0.6815,0,0.0
S006,U006,R039,椰奶拿铁,-0.7738,0.1131,0.1474,0.0,0.25,0.4,0.0,0.1817,1.0,0.9148,0,0.0
S006,U006,R040,杏仁奶拿铁,-0.7699,0.1151,0.1579,0.0,0.25,0.4,0.0,0.1849,1.0,0.5472,0,0.0
S006,U006,R041,拿铁（低咖啡因）,-0.7746,0.1127,0.0529,0.0,0.25,0.4,0.0,0.1534,1.0,0.5499,0,0.0
S006,U006,R042,燕麦奶拿铁（低咖啡因）,-0.7793,0.1104,0.0529,0.0,0.25,0.4,0.0,0.1534,1.0,0.7055,0,0.0
S006,U006,R043,椰奶拿铁（低咖啡因）,-0.7796,0.1102,0.05,0.0,0.25,0.4,0.0,0.1525,1.0,0.7851,0,0.0
S006,U006,R044,杏仁奶拿铁（低咖啡因）,-0.7802,0.1099,0.0529,0.0,0.25,0.4,0.0,0.1534,1.0,0.6363,0,0.0
S006,U006,R045,卡布奇诺,-0.7754,0.1123,0.1451,0.0,0.25,0.4,0.0,0.181,1.0,0.6939,0,0.0
S006,U006,R046,卡布奇诺（低咖啡因）,-0.7788,0.1106,0.0474,0.0,0.25,0.4,0.0,0.1517,1.0,0.6828,0,0.0
S006,U006,R047,西班牙拿铁,-0.7799,0.11,0.1235,0.0,0.25,0.4,0.0,0.1745,1.0,0.691,0,0.0
S006,U006,R048,西班牙拿铁（低咖啡因）,-0.7791,0.1104,0.043,0.0,0.25,0.4,0.0,0.1504,1.0,0.821,0,0.0
S006,U006,R049,摩卡,-0.7743,0.1129,0.1194,0.0,0.25,0.4,0.0,0.1733,1.0,0.6876,0,0.0
S006,U006,R050,燕麦奶摩卡,-0.768,0.116,0.1258,0.0,0.25,0.4,0.0,0.1752,1.0,0.8791,0,0.0
S006,U006,R051,椰奶摩卡,-0.7688,0.1156,0.1337,0.0,0.25,0.4,0.0,0.1776,1.0,0.9091,0,0.0
S006,U006,R052,杏仁奶摩卡,-0.7663,0.1168,0.1416,0.0,0.25,0.4,0.0,0.18,1.0,0.5851,0,0.0
S006,U006,R053,摩卡（低咖啡因）,-0.7717,0.1142,0.0458,0.0,0.25,0.4,0.0,0.1512,1.0,0.942,0,0.0
S006,U006,R054,燕麦奶摩卡（低咖啡因）,-0.7765,0.1117,0.0451,0.0,0.25,0.4,0.0,0.151,1.0,0.8443,0,0.0
S006,U006,R055,椰奶摩卡（低咖啡因）,-0.7705,0.1147,0.0444,0.0,0.25,0.4,0.0,0.1508,1.0,0.9135,0,0.0
S006,U006,R056,杏仁奶摩卡（低咖啡因）,-0.7736,0.1132,0.0451,0.0,0.25,0.4,0.0,0.151,1.0,0.5782,0,0.0
S006,U006,R057,dirty,-0.7787,0.1106,0.1344,0.0,0.25,0.4,0.0,0.1778,0.7,0.6411,0,0.0
S006,U006,R058,燕麦奶dirty,-0.7764,0.1118,0.1416,0.0,0.25,0.4,0.0,0.18,0.7,0.5503,0,0.0
S006,U006,R059,椰奶dirty,-0.7753,0.1124,0.133,0.0,0.25,0.4,0.0,0.1774,0.7,0.9587,0,0.0
S006,U006,R060,杏仁奶dirty,-0.77,0.115,0.1416,0.0,0.25,0.4,0.0,0.18,0.7,0.5133,0,0.0
S006,U006,R061,dirty（低咖啡因）,-0.7789,0.1105,0.0458,0.0,0.25,0.4,0.0,0.1512,0.7,0.9939,0,0.0
S006,U006,R062,燕麦奶dirty（低咖啡因）,-0.7788,0.1106,0.0458,0.0,0.25,0.4,0.0,0.1512,0.7,0.6314,0,0.0
S006,U006,R063,椰奶dirty（低咖啡因）,-0.7765,0.1117,0.0444,0.0,0.25,0.4,0.0,0.1508,0.7,0.8153,0,0.0
S006,U006,R064,杏仁奶dirty（低咖啡因）,-0.7761,0.112,0.0458,0.0,0.25,0.4,0.0,0.1512,0.7,0.7244,0,0.0
S006,U006,R065,热可可,-0.6134,0.1933,0.0684,0.0,0.0,1.0,0.0,0.2705,1.0,0.984,0,0.3386
S006,U006,R066,燕麦奶热可可,-0.5021,0.249,0.0881,0.0,0.0,1.0,0.0,0.2764,1.0,0.8498,0,0.354
S006,U006,R067,杏仁奶热可可,-0.5122,0.2439,0.0881,0.0,0.0,1.0,0.0,0.2764,1.0,0.5325,0,0.3364
S006,U006,R068,玫瑰椰椰烤奶,-0.6704,0.1648,0.1469,0.0,0.0,1.0,0.0,0.2941,1.0,0.9525,0,0.3376
S006,U006,R069,玫瑰菊花茶,-0.4522,0.2739,0.1827,0.0,0.0556,1.0,0.0,0.3131,1.0,0.7255,0,0.373
S006,U006,R070,玫瑰陈皮茶,-0.5315,0.2343,0.1798,0.0,0.0556,1.0,0.0,0.3123,1.0,0.5445,0,0.3498
S006,U006,R071,金银花菊花茶,-0.4725,0.2638,0.1858,0.0,0.0556,1.0,0.0,0.3141,1.0,0.5052,0,0.3589
S006,U006,R072,菊花柠檬茶,-0.5692,0.2154,0.1666,0.0,0.0556,1.0,0.0,0.3083,1.0,0.5491,0,0.3416
S006,U006,R073,薰衣草柠檬茶,-0.5782,0.2109,0.1657,0.0,0.0556,1.0,0.0,0.3081,1.0,0.6626,0,0.3456
S006,U006,R074,百花茶,-0.5321,0.2339,0.1785,0.0,0.0556,1.0,0.0,0.3119,1.0,0.9118,0,0.3678
S006,U006,R075,洛神花玫瑰茶,-0.6902,0.1549,0.1675,0.0,0.0556,1.0,0.0,0.3086,1.0,0.5536,0,0.3208
S006,U006,R076,洛神花苹果茶,-0.7468,0.1266,0.1654,0.0,0.0556,1.0,0.0,0.3079,1.0,0.9724,0,0.3315
S006,U006,R077,金银花荷叶茶,-0.706,0.147,0.1725,0.0,0.0556,1.0,0.0,0.3101,1.0,0.8661,0,0.3343
S006,U006,R078,百合玫瑰茶,-0.4153,0.2924,0.175,0.0,0.0556,1.0,0.0,0.3108,1.0,0.5563,0,0.37
S006,U006,R079,陈皮苹果茶,-0.6868,0.1566,0.1772,0.0,0.0556,1.0,0.0,0.3115,1.0,0.7862,0,0.3343
S007,U007,R001,薄荷柠檬气泡茶,-0.7324,0.1338,0.1215,0.1111,0.5556,1.0,0.0,0.392,0.7,0.6782,0,0.3271
S007,U007,R002,蜂蜜柠檬茶,-0.3901,0.3049,0.0904,0.2,0.3125,1.0,0.0,0.364,0.7,0.8563,0,0.3833
S007,U007,R003,葡萄柠檬茉莉花茶,-0.6583,0.1709,0.1385,0.1429,0.5625,1.0,0.0,0.4045,0.7,0.8545,0,0.3545
S007,U007,R004,青柠桂花蜜乌龙,-0.595,0.2025,0.1378,0.1667,0.5625,1.0,0.0,0.4091,0.7,0.6507,0,0.3575
S007,U007,R005,百香果乳酸绿茶,-0.597,0.2015,0.1132,0.1429,0.5556,1.0,0.0,0.3959,0.7,0.5442,0,0.3459
S007,U007,R006,百香果美式,-0.7087,0.1457,0.0894,0.1111,0.5625,1.0,0.0,0.3834,0.7,0.66,0,0.3265
S007,U007,R007,百香果美式（低咖啡因）,-0.1963,0.4019,0.2324,0.1111,0.55,1.0,0.0,0.4244,0.7,0.556,1,0.4794
S007,U007,R008,杨枝甘露,0.0809,0.5404,0.1978,0.125,0.5625,1.0,0.0,0.4187,0.3,0.5902,0,0.4371
S007,U007,R009,鲜橙绿茶,-0.7211,0.1394,0.1262,0.1429,0.5625,1.0,0.0,0.4008,0.7,0.699,0,0.3341
S007,U007,R010,橙C美式,-0.6982,0.1509,0.0937,0.1111,0.5625,1.0,0.0,0.3847,0.7,0.6834,0,0.3301
S007,U007,R011,橙C美式（低咖啡因）,-0.0774,0.4613,0.2488,0.1111,0.5556,1.0,0.0,0.4302,0.7,0.5733,1,0.5037
S007,U007,R012,鲜橙养乐多,0.076,0.538,0.1923,0.1429,0.5625,1.0,0.0,0.4206,0.7,0.9488,0,0.495
S007,U007,R013,草莓奶昔,0.2366,0.6183,0.2111,0.125,0.5625,1.0,0.0,0.4227,0.7,0.6875,1,0.561
S007,U007,R014,蓝莓奶昔,0.28,0.64,0.2121,0.125,0.5625,1.0,0.0,0.423,0.7,0.5784,1,0.5633
S007,U007,R015,桃桃乌龙,-0.3758,0.3121,0.1523,0.2,0.5625,1.0,0.0,0.4201,0.7,0.8884,0,0.4127
S007,U007,R016,芒果奶昔,0.2315,0.6158,0.2102,0.125,0.5625,1.0,0.0,0.4224,0.7,0.8653,1,0.5689
S007,U007,R017,柠迭莓萝气泡水,-0.5868,0.2066,0.1329,0.1111,0.5625,1.0,0.0,0.3965,0.3,0.5309,0,0.3073
S007,U007,R018,茉莉苹果奶绿,-0.6654,0.1673,0.0877,0.1429,0.5625,1.0,0.0,0.3892,0.7,0.7449,0,0.3409
S007,U007,R019,荔枝白茶,-0.4748,0.2626,0.1523,0.2,0.5625,1.0,0.0,0.4201,0.7,0.8565,0,0.3938
S007,U007,R020,超级吨吨桶,-0.7292,0.1354,0.1138,0.1111,0.5556,1.0,0.0,0.3897,0.3,0.9968,0,0.3026
S007,U007,R021,芝士奶盖铁观音,-0.6593,0.1703,0.08,0.0,0.5625,1.0,0.0,0.3584,0.7,0.5977,0,0.3208
S007,U007,R022,抹茶椰青美式,-0.6599,0.17,0.0944,0.125,0.5625,1.0,0.0,0.3877,1.0,0.5204,0,0.36
S007,U007,R023,草莓抹茶椰,-0.5478,0.2261,0.0784,0.1667,0.5625,1.0,0.0,0.3912,0.7,0.5313,0,0.3517
S007,U007,R024,柠檬草薄荷气泡水,-0.6054,0.1973,0.135,0.1111,0.5625,1.0,0.0,0.3971,0.7,0.9447,0,0.365
S007,U007,R025,蝶豆花柠檬气泡水,-0.6073,0.1964,0.1326,0.1,0.5625,1.0,0.0,0.3942,0.3,0.6593,0,0.3091
S007,U007,R026,泰式奶红,-0.7109,0.1445,0.0338,0.0,0.5,1.0,0.0,0.3352,1.0,0.5399,0,0.3284
S007,U007,R027,泰式奶绿,-0.7389,0.1306,0.0324,0.0,0.5,1.0,0.0,0.3347,1.0,0.8513,0,0.3389
S007,U007,R028,冰橙伯爵鸳鸯茶,-0.7173,0.1414,0.0349,0.0,0.5,1.0,0.0,0.3355,1.0,0.552,0,0.3281
S007,U007,R029,伯爵红茶奶茶,-0.7497,0.1252,0.0879,0.0,0.25,1.0,0.0,0.3139,1.0,0.8636,0,0.3282
S007,U007,R030,焙茶豆乳,-0.6148,0.1926,0.0923,0.0,0.25,1.0,0.0,0.3152,1.0,0.665,0,0.3425
S007,U007,R031,抹茶豆乳,-0.616,0.192,0.0907,0.0,0.25,1.0,0.0,0.3147,1.0,0.6218,0,0.3399
S007,U007,R032,抹茶拿铁,-0.7219,0.139,0.0712,0.0,0.25,1.0,0.0,0.3088,1.0,0.6656,0,0.3209
S007,U007,R033,燕麦奶抹茶拿铁,-0.6343,0.1829,0.09,0.0,0.25,1.0,0.0,0.3145,1.0,0.9844,0,0.3547
S007,U007,R034,椰奶抹茶拿铁,-0.7154,0.1423,0.0817,0.1667,0.25,1.0,0.0,0.3454,1.0,0.7253,0,0.3415
S007,U007,R035,杏仁奶抹茶拿铁,-0.7233,0.1384,0.09,0.0,0.25,1.0,0.0,0.3145,1.0,0.8505,0,0.3325
S007,U007,R036,港式鸳鸯,-0.7229,0.1385,0.1217,0.0,0.25,1.0,0.0,0.324,1.0,0.8583,0,0.3372
S007,U007,R037,拿铁,-0.7253,0.1374,0.08,0.0,0.25,1.0,0.0,0.3115,1.0,0.9448,0,0.3355
S007,U007,R038,燕麦奶拿铁,-0.6708,0.1646,0.0886,0.0,0.25,1.0,0.0,0.3141,1.0,0.718,0,0.3349
S007,U007,R039,椰奶拿铁,-0.7251,0.1375,0.0879,0.1429,0.25,1.0,0.0,0.3425,1.0,0.8653,0,0.3455
S007,U007,R040,杏仁奶拿铁,-0.722,0.139,0.0886,0.0,0.25,1.0,0.0,0.3141,1.0,0.716,0,0.3258
S007,U007,R041,拿铁（低咖啡因）,-0.7284,0.1358,0.1529,0.0,0.25,1.0,0.0,0.3334,1.0,0.8533,0,0.3402
S007,U007,R042,燕麦奶拿铁（低咖啡因）,-0.7268,0.1366,0.1529,0.0,0.25,1.0,0.0,0.3334,1.0,0.6215,0,0.3289
S007,U007,R043,椰奶拿铁（低咖啡因）,-0.7195,0.1403,0.16,0.1111,0.25,1.0,0.0,0.3577,1.0,0.7373,0,0.3469
S007,U007,R044,杏仁奶拿铁（低咖啡因）,-0.7178,0.1411,0.1529,0.0,0.25,1.0,0.0,0.3334,1.0,0.6542,0,0.3321
S007,U007,R045,卡布奇诺,-0.7219,0.139,0.077,0.0,0.25,1.0,0.0,0.3106,1.0,0.9444,0,0.3356
S007,U007,R046,卡布奇诺（低咖啡因）,-0.7151,0.1424,0.1474,0.0,0.25,1.0,0.0,0.3317,1.0,0.9295,0,0.3456
S007,U007,R047,西班牙拿铁,-0.7239,0.1381,0.1152,0.0,0.25,1.0,0.0,0.322,1.0,0.5625,0,0.3213
S007,U007,R048,西班牙拿铁（低咖啡因）,-0.7213,0.1394,0.143,0.0,0.25,1.0,0.0,0.3304,1.0,0.7776,0,0.3363
S007,U007,R049,摩卡,-0.7291,0.1354,0.1105,0.0,0.25,1.0,0.0,0.3206,1.0,0.9718,0,0.3403
S007,U007,R050,燕麦奶摩卡,-0.7245,0.1378,0.1173,0.0,0.25,1.0,0.0,0.3227,1.0,0.7263,0,0.3297
S007,U007,R051,椰奶摩卡,-0.7273,0.1363,0.0799,0.1429,0.25,1.0,0.0,0.34,1.0,0.8706,0,0.3442
S007,U007,R052,杏仁奶摩卡,-0.7263,0.1368,0.0794,0.0,0.25,1.0,0.0,0.3113,1.0,0.7453,0,0.3252
S007,U007,R053,摩卡（低咖啡因）,-0.7318,0.1341,0.1458,0.0,0.25,1.0,0.0,0.3312,1.0,0.6226,0,0.3271
S007,U007,R054,燕麦奶摩卡（低咖啡因）,-0.7293,0.1353,0.1451,0.0,0.25,1.0,0.0,0.331,1.0,0.6272,0,0.3277
S007,U007,R055,椰奶摩卡（低咖啡因）,-0.7234,0.1383,0.1532,0.1111,0.25,1.0,0.0,0.3557,1.0,0.8913,0,0.353
S007,U007,R056,杏仁奶摩卡（低咖啡因）,-0.7279,0.1361,0.1451,0.0,0.25,1.0,0.0,0.331,1.0,0.95,0,0.3441
S007,U007,R057,dirty,-0.7252,0.1374,0.0716,0.0,0.25,1.0,0.0,0.309,0.7,0.9168,0,0.303
S007,U007,R058,燕麦奶dirty,-0.7245,0.1378,0.0794,0.0,0.25,1.0,0.0,0.3113,0.7,0.7901,0,0.2978
S007,U007,R059,椰奶dirty,-0.7255,0.1372,0.0794,0.125,0.25,1.0,0.0,0.3363,0.7,0.9023,0,0.3145
S007,U007,R060,杏仁奶dirty,-0.7246,0.1377,0.0794,0.0,0.25,1.0,0.0,0.3113,0.7,0.9208,0,0.3043
S007,U007,R061,dirty（低咖啡因）,-0.7252,0.1374,0.1458,0.0,0.25,1.0,0.0,0.3312,0.7,0.5613,0,0.2952
S007,U007,R062,燕麦奶dirty（低咖啡因）,-0.724,0.138,0.1458,0.0,0.25,1.0,0.0,0.3312,0.7,0.643,0,0.2995
S007,U007,R063,椰奶dirty（低咖啡因）,-0.7221,0.1389,0.1532,0.1,0.25,1.0,0.0,0.3535,0.7,0.6271,0,0.3091
S007,U007,R064,杏仁奶dirty（低咖啡因）,-0.7254,0.1373,0.1458,0.0,0.25,1.0,0.0,0.3312,0.7,0.9701,0,0.3156
S007,U007,R065,热可可,-0.4256,0.2872,0.1701,0.0,0.0,1.0,0.0,0.301,1.0,0.8452,0,0.3782
S007,U007,R066,燕麦奶热可可,-0.2694,0.3653,0.1889,0.0,0.0,1.0,0.0,0.3067,1.0,0.583,0,0.395
S007,U007,R067,杏仁奶热可可,-0.2771,0.3615,0.1889,0.0,0.0,1.0,0.0,0.3067,1.0,0.7713,0,0.4031
S007,U007,R068,玫瑰椰椰烤奶,-0.4857,0.2572,0.0758,0.125,0.0,1.0,0.0,0.2977,1.0,0.827,0,0.3653
S007,U007,R069,玫瑰菊花茶,-0.3939,0.303,0.1335,0.0,0.0,1.0,0.0,0.2901,1.0,0.9809,0,0.3856
S007,U007,R070,玫瑰陈皮茶,-0.568,0.216,0.1423,0.1667,0.0,1.0,0.0,0.326,1.0,0.7549,0,0.36
S007,U007,R071,金银花菊花茶,-0.4361,0.282,0.1361,0.0,0.0,1.0,0.0,0.2908,1.0,0.6208,0,0.3606
S007,U007,R072,菊花柠檬茶,-0.5421,0.2289,0.1666,0.1429,0.0556,1.0,0.0,0.3369,1.0,0.5283,0,0.3582
S007,U007,R073,薰衣草柠檬茶,-0.5622,0.2189,0.1657,0.125,0.0556,1.0,0.0,0.3331,1.0,0.9269,0,0.3729
S007,U007,R074,百花茶,-0.6031,0.1984,0.13,0.0,0.0,1.0,0.0,0.289,1.0,0.5016,0,0.3246
S007,U007,R075,洛神花玫瑰茶,-0.6012,0.1994,0.13,0.0,0.0,1.0,0.0,0.289,1.0,0.7332,0,0.3365
S007,U007,R076,洛神花苹果茶,-0.7345,0.1327,0.1385,0.1667,0.0,1.0,0.0,0.3249,1.0,0.8261,0,0.334
S007,U007,R077,金银花荷叶茶,-0.6369,0.1816,0.125,0.0,0.0,1.0,0.0,0.2875,1.0,0.7459,0,0.3302
S007,U007,R078,百合玫瑰茶,-0.3524,0.3238,0.125,0.0,0.0,1.0,0.0,0.2875,1.0,0.9504,0,0.3902
S007,U007,R079,陈皮苹果茶,-0.5955,0.2022,0.1397,0.1667,0.0,1.0,0.0,0.3252,1.0,0.8466,0,0.3595
S008,U008,R001,薄荷柠檬气泡茶,-0.7804,0.1098,0.0685,0.0,0.0556,1.0,0.0,0.2789,0.7,0.5132,0,0.2596
S008,U008,R002,蜂蜜柠檬茶,-0.613,0.1935,0.1048,0.0,0.25,1.0,0.0,0.3189,0.7,0.5376,0,0.3081
S008,U008,R003,葡萄柠檬茉莉花茶,-0.5468,0.2266,0.1224,0.0,0.0625,1.0,0.0,0.2961,0.7,0.651,0,0.3151
S008,U008,R004,青柠桂花蜜乌龙,-0.6544,0.1728,0.1378,0.0,0.0625,1.0,0.0,0.3007,0.7,0.8086,0,0.3062
S008,U008,R005,百香果乳酸绿茶,-0.7022,0.1489,0.1056,0.0,0.0556,1.0,0.0,0.29,0.7,0.6241,0,0.2838
S008,U008,R006,百香果美式,-0.7954,0.1023,0.0805,0.0,0.0,1.0,0.0,0.2741,0.7,0.5721,0,0.2578
S008,U008,R007,百香果美式（低咖啡因）,-0.79,0.105,0.0753,0.0,0.05,1.0,0.0,0.2801,0.7,0.6896,0,0.2673
S008,U008,R008,杨枝甘露,-0.6059,0.1971,0.1239,0.0,0.0625,1.0,0.0,0.2965,0.3,0.8655,0,0.2757
S008,U008,R009,鲜橙绿茶,-0.7768,0.1116,0.1173,0.0,0.0625,1.0,0.0,0.2946,0.7,0.622,0,0.2727
S008,U008,R010,橙C美式,-0.783,0.1085,0.0937,0.0,0.0,1.0,0.0,0.2781,0.7,0.8668,0,0.2765
S008,U008,R011,橙C美式（低咖啡因）,-0.7455,0.1272,0.088,0.0,0.0556,1.0,0.0,0.2847,0.7,0.7964,0,0.2825
S008,U008,R012,鲜橙养乐多,-0.6157,0.1922,0.0679,0.0,0.0,1.0,0.0,0.2704,0.7,0.9808,0,0.308
S008,U008,R013,草莓奶昔,-0.5277,0.2362,0.1262,0.0,0.0714,1.0,0.0,0.2986,0.7,0.7226,0,0.3232
S008,U008,R014,蓝莓奶昔,-0.5284,0.2358,0.1266,0.0,0.0625,1.0,0.0,0.2974,0.7,0.8077,0,0.3268
S008,U008,R015,桃桃乌龙,-0.5799,0.21,0.1315,0.0,0.0625,1.0,0.0,0.2988,0.7,0.5511,0,0.3055
S008,U008,R016,芒果奶昔,-0.5311,0.2344,0.1258,0.0,0.0625,1.0,0.0,0.2971,0.7,0.8811,0,0.3298
S008,U008,R017,柠迭莓萝气泡水,-0.6715,0.1643,0.0593,0.0,0.0625,1.0,0.0,0.2772,0.3,0.6039,0,0.2424
S008,U008,R018,茉莉苹果奶绿,-0.6059,0.197,0.0939,0.0,0.0,1.0,0.0,0.2782,0.7,0.8839,0,0.3083
S008,U008,R019,荔枝白茶,-0.5754,0.2123,0.1315,0.0,0.0625,1.0,0.0,0.2988,0.7,0.8303,0,0.3203
S008,U008,R020,超级吨吨桶,-0.7878,0.1061,0.0634,0.0,0.0,1.0,0.0,0.269,0.3,0.6652,0,0.2215
S008,U008,R021,芝士奶盖铁观音,-0.5723,0.2139,0.0843,0.0,0.0,1.0,0.0,0.2753,0.7,0.8386,0,0.3107
S008,U008,R022,抹茶椰青美式,-0.8444,0.0778,0.0944,0.0,0.0,1.0,0.0,0.2783,1.0,0.9446,0,0.2997
S008,U008,R023,草莓抹茶椰,-0.8437,0.0782,0.0657,0.0,0.0,1.0,0.0,0.2697,0.7,0.9637,0,0.2669
S008,U008,R024,柠檬草薄荷气泡水,-0.7104,0.1448,0.0675,0.0,0.0625,1.0,0.0,0.2796,0.7,0.9054,0,0.2918
S008,U008,R025,蝶豆花柠檬气泡水,-0.7205,0.1398,0.0663,0.0,0.0625,1.0,0.0,0.2793,0.3,0.7465,0,0.2419
S008,U008,R026,泰式奶红,-0.5586,0.2207,0.0981,0.0,0.0,1.0,0.0,0.2794,1.0,0.6231,0,0.3341
S008,U008,R027,泰式奶绿,-0.5772,0.2114,0.0966,0.0,0.0,1.0,0.0,0.279,1.0,0.5967,0,0.3294
S008,U008,R028,冰橙伯爵鸳鸯茶,-0.7968,0.1016,0.0992,0.0,0.0,1.0,0.0,0.2798,1.0,0.5134,0,0.2871
S008,U008,R029,伯爵红茶奶茶,-0.5823,0.2088,0.1474,0.0,0.3125,1.0,0.0,0.3411,1.0,0.7475,0,0.364
S008,U008,R030,焙茶豆乳,-0.5259,0.237,0.1529,0.0,0.3125,1.0,0.0,0.3427,1.0,0.649,0,0.3696
S008,U008,R031,抹茶豆乳,-0.735,0.1325,0.1509,0.0,0.3125,1.0,0.0,0.3422,1.0,0.926,0,0.3467
S008,U008,R032,抹茶拿铁,-0.7816,0.1092,0.1423,0.0,0.3125,1.0,0.0,0.3396,1.0,0.8311,0,0.3326
S008,U008,R033,燕麦奶抹茶拿铁,-0.7269,0.1365,0.14,0.0,0.3125,1.0,0.0,0.3389,1.0,0.5229,0,0.3264
S008,U008,R034,椰奶抹茶拿铁,-0.7737,0.1131,0.1317,0.0,0.3125,1.0,0.0,0.3364,1.0,0.7872,0,0.3303
S008,U008,R035,杏仁奶抹茶拿铁,-0.7858,0.1071,0.14,0.0,0.3125,1.0,0.0,0.3389,1.0,0.597,0,0.3198
S008,U008,R036,港式鸳鸯,-0.7888,0.1056,0.1217,0.0,0.3056,1.0,0.0,0.3323,1.0,0.5383,0,0.3134
S008,U008,R037,拿铁,-0.7886,0.1057,0.15,0.0,0.3125,1.0,0.0,0.3419,1.0,0.9451,0,0.3381
S008,U008,R038,燕麦奶拿铁,-0.7418,0.1291,0.1482,0.0,0.3125,1.0,0.0,0.3413,1.0,0.7994,0,0.3387
S008,U008,R039,椰奶拿铁,-0.7882,0.1059,0.1474,0.0,0.3125,1.0,0.0,0.3411,1.0,0.6879,0,0.325
S008,U008,R040,杏仁奶拿铁,-0.7864,0.1068,0.1482,0.0,0.3125,1.0,0.0,0.3413,1.0,0.501,0,0.316
S008,U008,R041,拿铁（低咖啡因）,-0.792,0.104,0.1066,0.125,0.3125,1.0,0.0,0.3539,1.0,0.659,0,0.3286
S008,U008,R042,燕麦奶拿铁（低咖啡因）,-0.784,0.108,0.1066,0.125,0.3125,1.0,0.0,0.3539,1.0,0.5493,0,0.3245
S008,U008,R043,椰奶拿铁（低咖啡因）,-0.7954,0.1023,0.1043,0.1111,0.3125,1.0,0.0,0.3504,1.0,0.9335,0,0.3402
S008,U008,R044,杏仁奶拿铁（低咖啡因）,-0.7926,0.1037,0.1066,0.125,0.3125,1.0,0.0,0.3539,1.0,0.6185,0,0.3265
S008,U008,R045,卡布奇诺,-0.7927,0.1037,0.1451,0.0,0.3125,1.0,0.0,0.3404,1.0,0.8316,0,0.331
S008,U008,R046,卡布奇诺（低咖啡因）,-0.7949,0.1026,0.1022,0.1111,0.3125,1.0,0.0,0.3498,1.0,0.6685,0,0.3267
S008,U008,R047,西班牙拿铁,-0.7882,0.1059,0.1235,0.0,0.3056,1.0,0.0,0.3329,1.0,0.9852,0,0.3361
S008,U008,R048,西班牙拿铁（低咖啡因）,-0.789,0.1055,0.1715,0.1111,0.3125,1.0,0.0,0.3706,1.0,0.8045,0,0.3439
S008,U008,R049,摩卡,-0.7918,0.1041,0.1194,0.0,0.3,1.0,0.0,0.3308,1.0,0.533,0,0.3119
S008,U008,R050,燕麦奶摩卡,-0.7907,0.1046,0.1173,0.0,0.3,1.0,0.0,0.3302,1.0,0.8753,0,0.329
S008,U008,R051,椰奶摩卡,-0.787,0.1065,0.1337,0.0,0.3056,1.0,0.0,0.3359,1.0,0.6144,0,0.3191
S008,U008,R052,杏仁奶摩卡,-0.791,0.1045,0.133,0.0,0.3056,1.0,0.0,0.3357,1.0,0.5215,0,0.3137
S008,U008,R053,摩卡（低咖啡因）,-0.7911,0.1044,0.1744,0.125,0.3125,1.0,0.0,0.3742,1.0,0.726,0,0.3412
S008,U008,R054,燕麦奶摩卡（低咖啡因）,-0.7865,0.1068,0.1737,0.125,0.3125,1.0,0.0,0.374,1.0,0.9326,0,0.3523
S008,U008,R055,椰奶摩卡（低咖啡因）,-0.7931,0.1035,0.1729,0.1111,0.3125,1.0,0.0,0.371,1.0,0.5908,0,0.3327
S008,U008,R056,杏仁奶摩卡（低咖啡因）,-0.791,0.1045,0.1737,0.125,0.3125,1.0,0.0,0.374,1.0,0.9994,0,0.3548
S008,U008,R057,dirty,-0.7889,0.1056,0.1344,0.0,0.3056,1.0,0.0,0.3361,0.7,0.7894,0,0.2977
S008,U008,R058,燕麦奶dirty,-0.7907,0.1046,0.133,0.0,0.3056,1.0,0.0,0.3357,0.7,0.594,0,0.2874
S008,U008,R059,椰奶dirty,-0.7866,0.1067,0.133,0.0,0.3056,1.0,0.0,0.3357,0.7,0.9713,0,0.307
S008,U008,R060,杏仁奶dirty,-0.7935,0.1033,0.133,0.0,0.3056,1.0,0.0,0.3357,0.7,0.9437,0,0.3044
S008,U008,R061,dirty（低咖啡因）,-0.7932,0.1034,0.1583,0.1111,0.3125,1.0,0.0,0.3666,0.7,0.7723,0,0.3098
S008,U008,R062,燕麦奶dirty（低咖啡因）,-0.7903,0.1048,0.1583,0.1111,0.3125,1.0,0.0,0.3666,0.7,0.756,0,0.3095
S008,U008,R063,椰奶dirty（低咖啡因）,-0.7919,0.1041,0.1569,0.1,0.3125,1.0,0.0,0.3639,0.7,0.8155,0,0.311
S008,U008,R064,杏仁奶dirty（低咖啡因）,-0.793,0.1035,0.1583,0.1111,0.3125,1.0,0.0,0.3666,0.7,0.583,0,0.3004
S008,U008,R065,热可可,-0.516,0.242,0.1368,0.2,0.5625,1.0,0.0,0.4154,1.0,0.6473,0,0.404
S008,U008,R066,燕麦奶热可可,-0.3665,0.3167,0.1439,0.2,0.5625,1.0,0.0,0.4176,1.0,0.9091,0,0.4442
S008,U008,R067,杏仁奶热可可,-0.4054,0.2973,0.1439,0.2,0.5625,1.0,0.0,0.4176,1.0,0.5792,0,0.4209
S008,U008,R068,玫瑰椰椰烤奶,-0.5664,0.2168,0.1555,0.125,0.5714,1.0,0.0,0.4074,1.0,0.5404,0,0.3862
S008,U008,R069,玫瑰菊花茶,0.3909,0.6954,0.1944,0.25,0.6111,1.0,0.0,0.45,1.0,0.9685,1,0.6443
S008,U008,R070,玫瑰陈皮茶,-0.0822,0.4589,0.1911,0.1667,0.6111,1.0,0.0,0.4323,1.0,0.744,0,0.4923
S008,U008,R071,金银花菊花茶,0.3555,0.6777,0.1981,0.2,0.6111,1.0,0.0,0.4411,1.0,0.8822,1,0.6298
S008,U008,R072,菊花柠檬茶,-0.6379,0.1811,0.1846,0.1429,0.6111,1.0,0.0,0.4256,1.0,0.8177,0,0.3958
S008,U008,R073,薰衣草柠檬茶,-0.6287,0.1857,0.1835,0.125,0.6111,1.0,0.0,0.4217,1.0,0.7891,0,0.3942
S008,U008,R074,百花茶,0.0736,0.5368,0.1895,0.2,0.6111,1.0,0.0,0.4385,1.0,0.6516,1,0.5678
S008,U008,R075,洛神花玫瑰茶,-0.0983,0.4508,0.1895,0.2,0.6111,1.0,0.0,0.4385,1.0,0.6704,1,0.5386
S008,U008,R076,洛神花苹果茶,-0.537,0.2315,0.1865,0.1667,0.6111,1.0,0.0,0.431,1.0,0.6272,0,0.4063
S008,U008,R077,金银花荷叶茶,-0.1587,0.4206,0.1825,0.2,0.6111,1.0,0.0,0.4364,1.0,0.7323,0,0.4802
S008,U008,R078,百合玫瑰茶,0.4352,0.7176,0.2,0.25,0.6111,1.0,0.0,0.4517,1.0,0.7079,1,0.6398
S008,U008,R079,陈皮苹果茶,-0.7409,0.1295,0.188,0.1667,0.6111,1.0,0.0,0.4314,1.0,0.842,0,0.3816
S009,U009,R001,薄荷柠檬气泡茶,-0.7913,0.1043,0.106,0.1111,0.0,1.0,0.0,0.304,0.7,0.6206,0,0.2744
S009,U009,R002,蜂蜜柠檬茶,-0.6646,0.1677,0.161,0.2,0.25,1.0,0.0,0.3758,0.7,0.8807,0,0.3418
S009,U009,R003,葡萄柠檬茉莉花茶,-0.5826,0.2087,0.1224,0.1429,0.0,1.0,0.0,0.3153,0.7,0.8465,0,0.3273
S009,U009,R004,青柠桂花蜜乌龙,-0.6282,0.1859,0.1219,0.1667,0.0,1.0,0.0,0.3199,0.7,0.9287,0,0.3255
S009,U009,R005,百香果乳酸绿茶,-0.7394,0.1303,0.0979,0.1429,0.0,1.0,0.0,0.3079,0.7,0.695,0,0.2889
S009,U009,R006,百香果美式,-0.7789,0.1105,0.1166,0.0,0.0,1.0,0.0,0.285,0.7,0.9138,0,0.2826
S009,U009,R007,百香果美式（低咖啡因）,-0.4662,0.2669,0.0581,0.0,0.05,1.0,0.0,0.2749,0.7,0.7856,0,0.3264
S009,U009,R008,杨枝甘露,-0.6225,0.1888,0.1159,0.0,0.0625,1.0,0.0,0.2942,0.3,0.5781,0,0.2574
S009,U009,R009,鲜橙绿茶,-0.7848,0.1076,0.1084,0.1429,0.0,1.0,0.0,0.3111,0.7,0.8569,0,0.2905
S009,U009,R010,橙C美式,-0.7899,0.105,0.1262,0.0,0.0,1.0,0.0,0.2879,0.7,0.9176,0,0.2822
S009,U009,R011,橙C美式（低咖啡因）,-0.4658,0.2671,0.0622,0.0,0.0556,1.0,0.0,0.277,0.7,0.8527,0,0.3308
S009,U009,R012,鲜橙养乐多,-0.4987,0.2506,0.1129,0.0,0.0625,1.0,0.0,0.2933,0.7,0.8864,0,0.334
S009,U009,R013,草莓奶昔,-0.5467,0.2266,0.1175,0.0,0.0714,1.0,0.0,0.296,0.7,0.7932,0,0.3222
S009,U009,R014,蓝莓奶昔,-0.5449,0.2276,0.1177,0.0,0.0625,1.0,0.0,0.2947,0.7,0.5149,0,0.308
S009,U009,R015,桃桃乌龙,-0.56,0.22,0.1211,0.2,0.0,1.0,0.0,0.3263,0.7,0.5225,0,0.32
S009,U009,R016,芒果奶昔,-0.5553,0.2223,0.1172,0.0,0.0625,1.0,0.0,0.2945,0.7,0.5041,0,0.3055
S009,U009,R017,柠迭莓萝气泡水,-0.7276,0.1362,0.1114,0.0,0.0,1.0,0.0,0.2834,0.3,0.8668,0,0.2485
S009,U009,R018,茉莉苹果奶绿,-0.551,0.2245,0.1426,0.1429,0.0,1.0,0.0,0.3214,0.7,0.5852,0,0.3225
S009,U009,R019,荔枝白茶,-0.5498,0.2251,0.1211,0.2,0.0,1.0,0.0,0.3263,0.7,0.7548,0,0.3334
S009,U009,R020,超级吨吨桶,-0.7776,0.1112,0.1009,0.1111,0.0,1.0,0.0,0.3025,0.3,0.8245,0,0.2463
S009,U009,R021,芝士奶盖铁观音,-0.5937,0.2032,0.1425,0.1667,0.0,1.0,0.0,0.3261,0.7,0.7145,0,0.3236
S009,U009,R022,抹茶椰青美式,-0.8001,0.0999,0.1355,0.125,0.0,1.0,0.0,0.3156,1.0,0.7544,0,0.3147
S009,U009,R023,草莓抹茶椰,-0.6604,0.1698,0.1409,0.1667,0.0,1.0,0.0,0.3256,0.7,0.8977,0,0.3208
S009,U009,R024,柠檬草薄荷气泡水,-0.7491,0.1254,0.1084,0.0,0.0,1.0,0.0,0.2825,0.7,0.8149,0,0.2818
S009,U009,R025,蝶豆花柠檬气泡水,-0.7415,0.1293,0.1072,0.0,0.0,1.0,0.0,0.2822,0.3,0.6709,0,0.2358
S009,U009,R026,泰式奶红,-0.709,0.1455,0.1463,0.1667,0.0,1.0,0.0,0.3272,1.0,0.5461,0,0.3255
S009,U009,R027,泰式奶绿,-0.7272,0.1364,0.1449,0.1667,0.0,1.0,0.0,0.3268,1.0,0.559,0,0.3227
S009,U009,R028,冰橙伯爵鸳鸯茶,-0.788,0.106,0.1474,0.1667,0.0,1.0,0.0,0.3276,1.0,0.5334,0,0.3112
S009,U009,R029,伯爵红茶奶茶,-0.7065,0.1468,0.1474,0.2,0.25,1.0,0.0,0.3717,1.0,0.6495,0,0.3511
S009,U009,R030,焙茶豆乳,-0.6077,0.1962,0.1529,0.2,0.25,1.0,0.0,0.3734,1.0,0.6247,0,0.3679
S009,U009,R031,抹茶豆乳,-0.6473,0.1763,0.1509,0.2,0.25,1.0,0.0,0.3728,1.0,0.7145,0,0.3652
S009,U009,R032,抹茶拿铁,-0.7895,0.1053,0.1529,0.2,0.25,1.0,0.0,0.3734,1.0,0.6341,0,0.3366
S009,U009,R033,燕麦奶抹茶拿铁,-0.6691,0.1654,0.14,0.2,0.25,1.0,0.0,0.3695,1.0,0.8963,0,0.369
S009,U009,R034,椰奶抹茶拿铁,-0.7833,0.1083,0.1423,0.1667,0.25,1.0,0.0,0.3635,1.0,0.9283,0,0.3479
S009,U009,R035,杏仁奶抹茶拿铁,-0.8014,0.0993,0.14,0.2,0.25,1.0,0.0,0.3695,1.0,0.6976,0,0.3359
S009,U009,R036,港式鸳鸯,-0.7829,0.1085,0.1217,0.1429,0.25,1.0,0.0,0.3526,1.0,0.7537,0,0.3343
S009,U009,R037,拿铁,-0.7879,0.106,0.14,0.0,0.25,1.0,0.0,0.3295,1.0,0.6495,0,0.3179
S009,U009,R038,燕麦奶拿铁,-0.6964,0.1518,0.1386,0.0,0.25,1.0,0.0,0.3291,1.0,0.7752,0,0.34
S009,U009,R039,椰奶拿铁,-0.7984,0.1008,0.1379,0.0,0.25,1.0,0.0,0.3289,1.0,0.5529,0,0.3109
S009,U009,R040,杏仁奶拿铁,-0.803,0.0985,0.1386,0.0,0.25,1.0,0.0,0.3291,1.0,0.7065,0,0.3179
S009,U009,R041,拿铁（低咖啡因）,-0.7817,0.1091,0.0212,0.125,0.25,1.0,0.0,0.3188,1.0,0.5988,0,0.3116
S009,U009,R042,燕麦奶拿铁（低咖啡因）,-0.7937,0.1031,0.0212,0.125,0.25,1.0,0.0,0.3188,1.0,0.5748,0,0.3083
S009,U009,R043,椰奶拿铁（低咖啡因）,-0.7821,0.109,0.02,0.1111,0.25,1.0,0.0,0.3157,1.0,0.5539,0,0.3079
S009,U009,R044,杏仁奶拿铁（低咖啡因）,-0.788,0.106,0.0212,0.125,0.25,1.0,0.0,0.3188,1.0,0.8767,0,0.3244
S009,U009,R045,卡布奇诺,-0.788,0.106,0.1361,0.0,0.25,1.0,0.0,0.3283,1.0,0.6483,0,0.3172
S009,U009,R046,卡布奇诺（低咖啡因）,-0.7838,0.1081,0.019,0.1111,0.25,1.0,0.0,0.3154,1.0,0.7454,0,0.317
S009,U009,R047,西班牙拿铁,-0.7873,0.1064,0.1152,0.0,0.25,1.0,0.0,0.322,1.0,0.5536,0,0.3098
S009,U009,R048,西班牙拿铁（低咖啡因）,-0.7854,0.1073,0.0172,0.1111,0.25,1.0,0.0,0.3149,1.0,0.728,0,0.3157
S009,U009,R049,摩卡,-0.7873,0.1064,0.1105,0.0,0.25,1.0,0.0,0.3206,1.0,0.745,0,0.3187
S009,U009,R050,燕麦奶摩卡,-0.8059,0.0971,0.1088,0.0,0.25,1.0,0.0,0.3202,1.0,0.8629,0,0.3212
S009,U009,R051,椰奶摩卡,-0.7968,0.1016,0.1249,0.0,0.25,1.0,0.0,0.325,1.0,0.9551,0,0.3296
S009,U009,R052,杏仁奶摩卡,-0.7975,0.1013,0.1244,0.0,0.25,1.0,0.0,0.3248,1.0,0.6568,0,0.3144
S009,U009,R053,摩卡（低咖啡因）,-0.7856,0.1072,0.0183,0.125,0.25,1.0,0.0,0.318,1.0,0.9301,0,0.3271
S009,U009,R054,燕麦奶摩卡（低咖啡因）,-0.7904,0.1048,0.018,0.125,0.25,1.0,0.0,0.3179,1.0,0.8547,0,0.3225
S009,U009,R055,椰奶摩卡（低咖啡因）,-0.7884,0.1058,0.0177,0.1111,0.25,1.0,0.0,0.315,1.0,0.8206,0,0.3198
S009,U009,R056,杏仁奶摩卡（低咖啡因）,-0.7926,0.1037,0.018,0.125,0.25,1.0,0.0,0.3179,1.0,0.5831,0,0.3085
S009,U009,R057,dirty,-0.7844,0.1078,0.1255,0.0,0.25,1.0,0.0,0.3251,0.7,0.6951,0,0.2888
S009,U009,R058,燕麦奶dirty,-0.8004,0.0998,0.1244,0.0,0.25,1.0,0.0,0.3248,0.7,0.9088,0,0.2965
S009,U009,R059,椰奶dirty,-0.7942,0.1029,0.1244,0.0,0.25,1.0,0.0,0.3248,0.7,0.681,0,0.2862
S009,U009,R060,杏仁奶dirty,-0.7958,0.1021,0.1244,0.0,0.25,1.0,0.0,0.3248,0.7,0.7496,0,0.2894
S009,U009,R061,dirty（低咖啡因）,-0.7836,0.1082,0.0183,0.1111,0.25,1.0,0.0,0.3152,0.7,0.7649,0,0.2879
S009,U009,R062,燕麦奶dirty（低咖啡因）,-0.7912,0.1044,0.0183,0.1111,0.25,1.0,0.0,0.3152,0.7,0.6961,0,0.2832
S009,U009,R063,椰奶dirty（低咖啡因）,-0.7926,0.1037,0.0177,0.1,0.25,1.0,0.0,0.3128,0.7,0.7284,0,0.2835
S009,U009,R064,杏仁奶dirty（低咖啡因）,-0.7891,0.1054,0.0183,0.1111,0.25,1.0,0.0,0.3152,0.7,0.7757,0,0.2875
S009,U009,R065,热可可,0.0348,0.5174,0.1368,0.2,0.5625,1.0,0.0,0.4154,1.0,0.7917,1,0.5576
S009,U009,R066,燕麦奶热可可,0.249,0.6245,0.1331,0.2,0.5625,1.0,0.0,0.4143,1.0,0.5418,1,0.5821
S009,U009,R067,杏仁奶热可可,0.2151,0.6076,0.1331,0.2,0.5625,1.0,0.0,0.4143,1.0,0.648,1,0.5815
S009,U009,R068,玫瑰椰椰烤奶,-0.227,0.3865,0.0906,0.25,0.5,1.0,0.0,0.4022,1.0,0.6757,0,0.45
S009,U009,R069,玫瑰菊花茶,0.0763,0.5382,0.1218,0.25,0.5556,1.0,0.0,0.4199,1.0,0.8285,1,0.5687
S009,U009,R070,玫瑰陈皮茶,-0.2986,0.3507,0.1199,0.1667,0.5556,1.0,0.0,0.4026,1.0,0.9196,0,0.4499
S009,U009,R071,金银花菊花茶,-0.1602,0.4199,0.1239,0.2,0.5556,1.0,0.0,0.4105,1.0,0.6451,0,0.4639
S009,U009,R072,菊花柠檬茶,-0.6006,0.1997,0.1111,0.1429,0.5556,1.0,0.0,0.3952,1.0,0.9686,0,0.3962
S009,U009,R073,薰衣草柠檬茶,-0.6071,0.1965,0.1105,0.125,0.5556,1.0,0.0,0.3915,1.0,0.9538,0,0.3926
S009,U009,R074,百花茶,-0.4545,0.2727,0.119,0.2,0.5556,1.0,0.0,0.409,1.0,0.6417,0,0.4116
S009,U009,R075,洛神花玫瑰茶,-0.5891,0.2054,0.119,0.2,0.5556,1.0,0.0,0.409,1.0,0.9328,0,0.4026
S009,U009,R076,洛神花苹果茶,-0.6941,0.1529,0.1173,0.1667,0.5556,1.0,0.0,0.4019,1.0,0.7963,0,0.3742
S009,U009,R077,金银花荷叶茶,-0.6402,0.1799,0.115,0.2,0.5556,1.0,0.0,0.4078,1.0,0.6654,0,0.3797
S009,U009,R078,百合玫瑰茶,0.1711,0.5855,0.125,0.25,0.5556,1.0,0.0,0.4208,1.0,0.6314,1,0.5759
S009,U009,R079,陈皮苹果茶,-0.4433,0.2784,0.1181,0.1667,0.5556,1.0,0.0,0.4021,1.0,0.8742,0,0.4221
S010,U010,R001,薄荷柠檬气泡茶,-0.7184,0.1408,0.0762,0.0,0.0556,1.0,0.0,0.2812,0.7,0.5694,0,0.2743
S010,U010,R002,蜂蜜柠檬茶,-0.3735,0.3132,0.0904,0.0,0.0625,1.0,0.0,0.2865,0.7,0.5147,0,0.3343
S010,U010,R003,葡萄柠檬茉莉花茶,-0.5998,0.2001,0.0854,0.0,0.0625,1.0,0.0,0.285,0.7,0.5256,0,0.2946
S010,U010,R004,青柠桂花蜜乌龙,-0.5709,0.2146,0.0849,0.0,0.0625,1.0,0.0,0.2848,0.7,0.5953,0,0.303
S010,U010,R005,百香果乳酸绿茶,-0.6193,0.1903,0.0681,0.0,0.0556,1.0,0.0,0.2787,0.7,0.9866,0,0.3114
S010,U010,R006,百香果美式,-0.6985,0.1508,0.0894,0.0,0.0625,1.0,0.0,0.2862,0.7,0.6407,0,0.2836
S010,U010,R007,百香果美式（低咖啡因）,-0.2533,0.3733,0.1334,0.0,0.05,1.0,0.0,0.2975,0.7,0.8876,0,0.3789
S010,U010,R008,杨枝甘露,0.122,0.561,0.1399,0.0,0.0625,1.0,0.0,0.3013,0.3,0.7027,1,0.4471
S010,U010,R009,鲜橙绿茶,-0.7106,0.1447,0.0764,0.0,0.0625,1.0,0.0,0.2823,0.7,0.5092,0,0.2731
S010,U010,R010,橙C美式,-0.6836,0.1582,0.0937,0.0,0.0625,1.0,0.0,0.2875,0.7,0.7695,0,0.2932
S010,U010,R011,橙C美式（低咖啡因）,-0.1144,0.4428,0.1416,0.0,0.0556,1.0,0.0,0.3008,0.7,0.5456,1,0.4376
S010,U010,R012,鲜橙养乐多,0.0319,0.516,0.1358,0.0,0.0625,1.0,0.0,0.3001,0.7,0.9732,0,0.4343
S010,U010,R013,草莓奶昔,0.2837,0.6418,0.1524,0.0,0.0625,1.0,0.0,0.3051,0.7,0.8092,1,0.5224
S010,U010,R014,蓝莓奶昔,0.3281,0.6641,0.1532,0.0,0.0625,1.0,0.0,0.3053,0.7,0.9043,1,0.535
S010,U010,R015,桃桃乌龙,-0.3131,0.3434,0.0969,0.0,0.0625,1.0,0.0,0.2884,0.7,0.6291,0,0.3514
S010,U010,R016,芒果奶昔,0.2809,0.6405,0.1516,0.0,0.0625,1.0,0.0,0.3048,0.7,0.7804,1,0.5203
S010,U010,R017,柠迭莓萝气泡水,-0.6032,0.1984,0.0807,0.0,0.0625,1.0,0.0,0.2836,0.3,0.5502,0,0.2546
S010,U010,R018,茉莉苹果奶绿,-0.6019,0.199,0.0877,0.0,0.0625,1.0,0.0,0.2857,0.7,0.7135,0,0.3039
S010,U010,R019,荔枝白茶,-0.4173,0.2914,0.0969,0.0,0.0625,1.0,0.0,0.2884,0.7,0.6816,0,0.3358
S010,U010,R020,超级吨吨桶,-0.7191,0.1404,0.1138,0.0,0.0556,1.0,0.0,0.2925,0.3,0.7792,0,0.2497
S010,U010,R021,芝士奶盖铁观音,-0.5855,0.2073,0.08,0.0,0.0625,1.0,0.0,0.2834,0.7,0.9133,0,0.3157
S010,U010,R022,抹茶椰青美式,-0.6178,0.1911,0.0944,0.0,0.0625,1.0,0.0,0.2877,1.0,0.5963,0,0.3262
S010,U010,R023,草莓抹茶椰,-0.5137,0.2432,0.0784,0.0,0.0625,1.0,0.0,0.2829,0.7,0.6082,0,0.3128
S010,U010,R024,柠檬草薄荷气泡水,-0.625,0.1875,0.0853,0.0,0.0625,1.0,0.0,0.285,0.7,0.7239,0,0.3001
S010,U010,R025,蝶豆花柠檬气泡水,-0.6285,0.1857,0.0832,0.0,0.0625,1.0,0.0,0.2843,0.3,0.5944,0,0.2527
S010,U010,R026,泰式奶红,-0.6676,0.1662,0.0338,0.0,0.0,1.0,0.0,0.2602,1.0,0.8773,0,0.3191
S010,U010,R027,泰式奶绿,-0.694,0.153,0.0404,0.0,0.0,1.0,0.0,0.2621,1.0,0.8054,0,0.3118
S010,U010,R028,冰橙伯爵鸳鸯茶,-0.7055,0.1473,0.0262,0.0,0.0,1.0,0.0,0.2579,1.0,0.8456,0,0.3099
S010,U010,R029,伯爵红茶奶茶,-0.7211,0.1395,0.019,0.0,0.0,1.0,0.0,0.2557,1.0,0.7373,0,0.3007
S010,U010,R030,焙茶豆乳,-0.575,0.2125,0.0317,0.0,0.0,1.0,0.0,0.2595,1.0,0.5461,0,0.3185
S010,U010,R031,抹茶豆乳,-0.5998,0.2001,0.0306,0.0,0.0,1.0,0.0,0.2592,1.0,0.584,0,0.3159
S010,U010,R032,抹茶拿铁,-0.7087,0.1456,0.0106,0.0,0.0,1.0,0.0,0.2532,1.0,0.5343,0,0.2916
S010,U010,R033,燕麦奶抹茶拿铁,-0.6174,0.1913,0.04,0.0,0.0,1.0,0.0,0.262,1.0,0.7362,0,0.3217
S010,U010,R034,椰奶抹茶拿铁,-0.7005,0.1498,0.0106,0.0,0.0,1.0,0.0,0.2532,1.0,0.667,0,0.2997
S010,U010,R035,杏仁奶抹茶拿铁,-0.7075,0.1463,0.04,0.0,0.0,1.0,0.0,0.262,1.0,0.9228,0,0.3152
S010,U010,R036,港式鸳鸯,-0.7131,0.1435,0.0648,0.0,0.0,1.0,0.0,0.2694,1.0,0.6198,0,0.3024
S010,U010,R037,拿铁,-0.7131,0.1434,0.02,0.0,0.0,1.0,0.0,0.256,1.0,0.8738,0,0.3091
S010,U010,R038,燕麦奶拿铁,-0.6507,0.1747,0.0386,0.0,0.0,1.0,0.0,0.2616,1.0,0.7264,0,0.3152
S010,U010,R039,椰奶拿铁,-0.71,0.145,0.019,0.0,0.0,1.0,0.0,0.2557,1.0,0.5197,0,0.2918
S010,U010,R040,杏仁奶拿铁,-0.7042,0.1479,0.0386,0.0,0.0,1.0,0.0,0.2616,1.0,0.7826,0,0.3086
S010,U010,R041,拿铁（低咖啡因）,-0.7194,0.1403,0.0923,0.0,0.0,1.0,0.0,0.2777,1.0,0.7254,0,0.3103
S010,U010,R042,燕麦奶拿铁（低咖啡因）,-0.7134,0.1433,0.1029,0.0,0.0,1.0,0.0,0.2809,1.0,0.7636,0,0.3147
S010,U010,R043,椰奶拿铁（低咖啡因）,-0.7099,0.1451,0.09,0.0,0.0,1.0,0.0,0.277,1.0,0.9516,0,0.323
S010,U010,R044,杏仁奶拿铁（低咖啡因）,-0.7065,0.1467,0.1029,0.0,0.0,1.0,0.0,0.2809,1.0,0.9988,0,0.3277
S010,U010,R045,卡布奇诺,-0.71,0.145,0.027,0.0,0.0,1.0,0.0,0.2581,1.0,0.5981,0,0.2968
S010,U010,R046,卡布奇诺（低咖啡因）,-0.7052,0.1474,0.0974,0.0,0.0,1.0,0.0,0.2792,1.0,0.7099,0,0.3127
S010,U010,R047,西班牙拿铁,-0.7127,0.1437,0.0742,0.0,0.0,1.0,0.0,0.2723,1.0,0.9726,0,0.3214
S010,U010,R048,西班牙拿铁（低咖啡因）,-0.7108,0.1446,0.093,0.0,0.0,1.0,0.0,0.2779,1.0,0.5917,0,0.3052
S010,U010,R049,摩卡,-0.7176,0.1412,0.0641,0.0,0.0,1.0,0.0,0.2692,1.0,0.8462,0,0.3129
S010,U010,R050,燕麦奶摩卡,-0.707,0.1465,0.0798,0.0,0.0,1.0,0.0,0.2739,1.0,0.5865,0,0.3039
S010,U010,R051,椰奶摩卡,-0.7125,0.1438,0.0175,0.0,0.0,1.0,0.0,0.2552,1.0,0.9504,0,0.3127
S010,U010,R052,杏仁奶摩卡,-0.7113,0.1444,0.0344,0.0,0.0,1.0,0.0,0.2603,1.0,0.9219,0,0.3138
S010,U010,R053,摩卡（低咖啡因）,-0.7211,0.1395,0.0867,0.0,0.0,1.0,0.0,0.276,1.0,0.9788,0,0.322
S010,U010,R054,燕麦奶摩卡（低咖啡因）,-0.7169,0.1416,0.0951,0.0,0.0,1.0,0.0,0.2785,1.0,0.8433,0,0.317
S010,U010,R055,椰奶摩卡（低咖啡因）,-0.712,0.144,0.0855,0.0,0.0,1.0,0.0,0.2756,1.0,0.9017,0,0.3195
S010,U010,R056,杏仁奶摩卡（低咖啡因）,-0.7155,0.1423,0.0951,0.0,0.0,1.0,0.0,0.2785,1.0,0.9953,0,0.3249
S010,U010,R057,dirty,-0.7148,0.1426,0.0177,0.0,0.0,1.0,0.0,0.2553,0.7,0.757,0,0.2727
S010,U010,R058,燕麦奶dirty,-0.708,0.146,0.0344,0.0,0.0,1.0,0.0,0.2603,0.7,0.5481,0,0.2656
S010,U010,R059,椰奶dirty,-0.7125,0.1438,0.0172,0.0,0.0,1.0,0.0,0.2552,0.7,0.5108,0,0.2607
S010,U010,R060,杏仁奶dirty,-0.7104,0.1448,0.0344,0.0,0.0,1.0,0.0,0.2603,0.7,0.6648,0,0.2711
S010,U010,R061,dirty（低咖啡因）,-0.7152,0.1424,0.0867,0.0,0.0,1.0,0.0,0.276,0.7,0.5303,0,0.2705
S010,U010,R062,燕麦奶dirty（低咖啡因）,-0.7124,0.1438,0.0958,0.0,0.0,1.0,0.0,0.2787,0.7,0.535,0,0.2725
S010,U010,R063,椰奶dirty（低咖啡因）,-0.7097,0.1451,0.0855,0.0,0.0,1.0,0.0,0.2756,0.7,0.8693,0,0.2883
S010,U010,R064,杏仁奶dirty（低咖啡因）,-0.7137,0.1431,0.0958,0.0,0.0,1.0,0.0,0.2787,0.7,0.6389,0,0.2775
S010,U010,R065,热可可,-0.5488,0.2256,0.0567,0.0,0.0,1.0,0.0,0.267,1.0,0.9937,0,0.3488
S010,U010,R066,燕麦奶热可可,-0.4108,0.2946,0.0881,0.0,0.0,1.0,0.0,0.2764,1.0,0.7541,0,0.3652
S010,U010,R067,杏仁奶热可可,-0.4208,0.2896,0.0881,0.0,0.0,1.0,0.0,0.2764,1.0,0.6101,0,0.3562
S010,U010,R068,玫瑰椰椰烤奶,-0.5318,0.2341,0.0258,0.0,0.0,1.0,0.0,0.2577,1.0,0.685,0,0.3322
S010,U010,R069,玫瑰菊花茶,-0.396,0.302,0.0468,0.0,0.0,1.0,0.0,0.264,1.0,0.8088,0,0.3649
S010,U010,R070,玫瑰陈皮茶,-0.5847,0.2077,0.0561,0.0,0.0,1.0,0.0,0.2668,1.0,0.5704,0,0.3213
S010,U010,R071,金银花菊花茶,-0.3881,0.306,0.0489,0.0,0.0,1.0,0.0,0.2647,1.0,0.656,0,0.359
S010,U010,R072,菊花柠檬茶,-0.5442,0.2279,0.0826,0.0,0.0556,1.0,0.0,0.2831,1.0,0.8763,0,0.351
S010,U010,R073,薰衣草柠檬茶,-0.5673,0.2164,0.0819,0.0,0.0556,1.0,0.0,0.2829,1.0,0.6428,0,0.3352
S010,U010,R074,百花茶,-0.5513,0.2244,0.044,0.0,0.0,1.0,0.0,0.2632,1.0,0.948,0,0.3444
S010,U010,R075,洛神花玫瑰茶,-0.5541,0.2229,0.055,0.0,0.0,1.0,0.0,0.2665,1.0,0.7298,0,0.3344
S010,U010,R076,洛神花苹果茶,-0.7261,0.1369,0.0529,0.0,0.0,1.0,0.0,0.2659,1.0,0.6695,0,0.3011
S010,U010,R077,金银花荷叶茶,-0.5725,0.2137,0.05,0.0,0.0,1.0,0.0,0.265,1.0,0.6249,0,0.3253
S010,U010,R078,百合玫瑰茶,-0.3633,0.3184,0.0375,0.0,0.0,1.0,0.0,0.2612,1.0,0.711,0,0.3645
S010,U010,R079,陈皮苹果茶,-0.6581,0.171,0.0539,0.0,0.0,1.0,0.0,0.2662,1.0,0.68,0,0.3136
S011,U011,R001,薄荷柠檬气泡茶,-0.7397,0.1301,0.106,0.1111,0.5556,1.0,0.0,0.3874,0.7,0.5215,0,0.316
S011,U011,R002,蜂蜜柠檬茶,-0.2951,0.3525,0.0743,0.2,0.3125,1.0,0.0,0.3592,0.7,0.5154,0,0.3808
S011,U011,R003,葡萄柠檬茉莉花茶,-0.6017,0.1991,0.0693,0.1429,0.5625,1.0,0.0,0.3837,0.7,0.9775,0,0.3612
S011,U011,R004,青柠桂花蜜乌龙,-0.5493,0.2253,0.0689,0.1667,0.5625,1.0,0.0,0.3884,0.7,0.5378,0,0.3505
S011,U011,R005,百香果乳酸绿茶,-0.5572,0.2214,0.1056,0.1429,0.5556,1.0,0.0,0.3936,0.7,0.6324,0,0.3562
S011,U011,R006,百香果美式,-0.7249,0.1375,0.0716,0.1111,0.5625,1.0,0.0,0.3781,0.7,0.9358,0,0.3351
S011,U011,R007,百香果美式（低咖啡因）,-0.293,0.3535,0.0667,0.1111,0.55,1.0,0.0,0.3747,0.7,0.5023,0,0.3875
S011,U011,R008,杨枝甘露,0.0715,0.5357,0.1319,0.125,0.5625,1.0,0.0,0.3989,0.3,0.8137,1,0.4877
S011,U011,R009,鲜橙绿茶,-0.708,0.146,0.1173,0.1429,0.5625,1.0,0.0,0.3981,0.7,0.7448,0,0.3375
S011,U011,R010,橙C美式,-0.7115,0.1443,0.0762,0.1111,0.5625,1.0,0.0,0.3795,0.7,0.9663,0,0.3396
S011,U011,R011,橙C美式（低咖啡因）,-0.1714,0.4143,0.0708,0.1111,0.5556,1.0,0.0,0.3768,0.7,0.7674,0,0.4229
S011,U011,R012,鲜橙养乐多,0.1176,0.5588,0.1358,0.1429,0.5625,1.0,0.0,0.4037,0.7,0.7278,1,0.5336
S011,U011,R013,草莓奶昔,0.2339,0.6169,0.1349,0.125,0.5625,1.0,0.0,0.3999,0.7,0.5059,1,0.5412
S011,U011,R014,蓝莓奶昔,0.3004,0.6502,0.1355,0.125,0.5625,1.0,0.0,0.4,0.7,0.513,1,0.5532
S011,U011,R015,桃桃乌龙,-0.3006,0.3497,0.0761,0.2,0.5625,1.0,0.0,0.3972,0.7,0.5531,0,0.3988
S011,U011,R016,芒果奶昔,0.2311,0.6156,0.1344,0.125,0.5625,1.0,0.0,0.3997,0.7,0.9965,1,0.5651
S011,U011,R017,柠迭莓萝气泡水,-0.5272,0.2364,0.1186,0.1111,0.5625,1.0,0.0,0.3922,0.3,0.5839,0,0.3184
S011,U011,R018,茉莉苹果奶绿,-0.6249,0.1876,0.0726,0.1429,0.5625,1.0,0.0,0.3847,0.7,0.7674,0,0.3471
S011,U011,R019,荔枝白茶,-0.4071,0.2964,0.0761,0.2,0.5625,1.0,0.0,0.3972,0.7,0.9787,0,0.4014
S011,U011,R020,超级吨吨桶,-0.7434,0.1283,0.1009,0.1111,0.5556,1.0,0.0,0.3858,0.3,0.9409,0,0.2956
S011,U011,R021,芝士奶盖铁观音,-0.613,0.1935,0.07,0.0,0.5625,1.0,0.0,0.3554,0.7,0.5738,0,0.3263
S011,U011,R022,抹茶椰青美式,-0.6645,0.1677,0.0766,0.125,0.5625,1.0,0.0,0.3824,1.0,0.7614,0,0.3689
S011,U011,R023,草莓抹茶椰,-0.5484,0.2258,0.0784,0.1667,0.5625,1.0,0.0,0.3912,0.7,0.9615,0,0.3731
S011,U011,R024,柠檬草薄荷气泡水,-0.5681,0.216,0.1173,0.1111,0.5625,1.0,0.0,0.3918,0.7,0.6927,0,0.3565
S011,U011,R025,蝶豆花柠檬气泡水,-0.5714,0.2143,0.1157,0.1,0.5625,1.0,0.0,0.3891,0.3,0.7403,0,0.3171
S011,U011,R026,泰式奶红,-0.6746,0.1627,0.0169,0.0,0.5,1.0,0.0,0.3301,1.0,0.5706,0,0.334
S011,U011,R027,泰式奶绿,-0.7014,0.1493,0.0162,0.0,0.5,1.0,0.0,0.3299,1.0,0.8892,0,0.3452
S011,U011,R028,冰橙伯爵鸳鸯茶,-0.7292,0.1354,0.0262,0.0,0.5,1.0,0.0,0.3329,1.0,0.9174,0,0.3431
S011,U011,R029,伯爵红茶奶茶,-0.7496,0.1252,0.019,0.0,0.25,1.0,0.0,0.2932,1.0,0.7748,0,0.3145
S011,U011,R030,焙茶豆乳,-0.6036,0.1982,0.0106,0.0,0.25,1.0,0.0,0.2907,1.0,0.5684,0,0.3286
S011,U011,R031,抹茶豆乳,-0.6529,0.1735,0.0102,0.0,0.25,1.0,0.0,0.2906,1.0,0.9544,0,0.3392
S011,U011,R032,抹茶拿铁,-0.7309,0.1345,0.0106,0.0,0.25,1.0,0.0,0.2907,1.0,0.9305,0,0.3244
S011,U011,R033,燕麦奶抹茶拿铁,-0.6638,0.1681,0.01,0.0,0.25,1.0,0.0,0.2905,1.0,0.897,0,0.3344
S011,U011,R034,椰奶抹茶拿铁,-0.7273,0.1363,0.0212,0.1667,0.25,1.0,0.0,0.3272,1.0,0.5875,0,0.3243
S011,U011,R035,杏仁奶抹茶拿铁,-0.7273,0.1363,0.01,0.0,0.25,1.0,0.0,0.2905,1.0,0.8739,0,0.3221
S011,U011,R036,港式鸳鸯,-0.7342,0.1329,0.0159,0.0,0.25,1.0,0.0,0.2923,1.0,0.7484,0,0.3155
S011,U011,R037,拿铁,-0.7353,0.1323,0.01,0.0,0.25,1.0,0.0,0.2905,1.0,0.5187,0,0.303
S011,U011,R038,燕麦奶拿铁,-0.6948,0.1526,0.0096,0.0,0.25,1.0,0.0,0.2904,1.0,0.6149,0,0.3148
S011,U011,R039,椰奶拿铁,-0.7312,0.1344,0.019,0.1429,0.25,1.0,0.0,0.3218,1.0,0.7179,0,0.3277
S011,U011,R040,杏仁奶拿铁,-0.7276,0.1362,0.0096,0.0,0.25,1.0,0.0,0.2904,1.0,0.579,0,0.3073
S011,U011,R041,拿铁（低咖啡因）,-0.7403,0.1299,0.0106,0.0,0.25,1.0,0.0,0.2907,1.0,0.7053,0,0.3115
S011,U011,R042,燕麦奶拿铁（低咖啡因）,-0.7336,0.1332,0.0106,0.0,0.25,1.0,0.0,0.2907,1.0,0.605,0,0.3077
S011,U011,R043,椰奶拿铁（低咖啡因）,-0.7317,0.1341,0.02,0.1111,0.25,1.0,0.0,0.3157,1.0,0.6989,0,0.324
S011,U011,R044,杏仁奶拿铁（低咖啡因）,-0.7281,0.136,0.0106,0.0,0.25,1.0,0.0,0.2907,1.0,0.9143,0,0.3241
S011,U011,R045,卡布奇诺,-0.7327,0.1337,0.009,0.0,0.25,1.0,0.0,0.2902,1.0,0.7322,0,0.314
S011,U011,R046,卡布奇诺（低咖啡因）,-0.7278,0.1361,0.0095,0.0,0.25,1.0,0.0,0.2903,1.0,0.7588,0,0.3162
S011,U011,R047,西班牙拿铁,-0.7338,0.1331,0.0083,0.0,0.25,1.0,0.0,0.29,1.0,0.6914,0,0.3117
S011,U011,R048,西班牙拿铁（低咖啡因）,-0.7324,0.1338,0.0086,0.0,0.25,1.0,0.0,0.2901,1.0,0.8992,0,0.3223
S011,U011,R049,摩卡,-0.7392,0.1304,0.0089,0.0,0.25,1.0,0.0,0.2902,1.0,0.7654,0,0.3145
S011,U011,R050,燕麦奶摩卡,-0.7286,0.1357,0.0085,0.0,0.25,1.0,0.0,0.29,1.0,0.722,0,0.3141
S011,U011,R051,椰奶摩卡,-0.7345,0.1328,0.0175,0.1429,0.25,1.0,0.0,0.3213,1.0,0.6258,0,0.3223
S011,U011,R052,杏仁奶摩卡,-0.7337,0.1331,0.0086,0.0,0.25,1.0,0.0,0.2901,1.0,0.7307,0,0.3137
S011,U011,R053,摩卡（低咖啡因）,-0.7422,0.1289,0.0092,0.0,0.25,1.0,0.0,0.2903,1.0,0.6855,0,0.31
S011,U011,R054,燕麦奶摩卡（低咖啡因）,-0.7374,0.1313,0.009,0.0,0.25,1.0,0.0,0.2902,1.0,0.9061,0,0.3218
S011,U011,R055,椰奶摩卡（低咖啡因）,-0.734,0.133,0.0177,0.1111,0.25,1.0,0.0,0.315,1.0,0.9227,0,0.3344
S011,U011,R056,杏仁奶摩卡（低咖啡因）,-0.7355,0.1322,0.009,0.0,0.25,1.0,0.0,0.2902,1.0,0.6759,0,0.3107
S011,U011,R057,dirty,-0.7361,0.132,0.0089,0.0,0.25,1.0,0.0,0.2902,0.7,0.6877,0,0.2812
S011,U011,R058,燕麦奶dirty,-0.7301,0.1349,0.0086,0.0,0.25,1.0,0.0,0.2901,0.7,0.8963,0,0.2926
S011,U011,R059,椰奶dirty,-0.7327,0.1337,0.0172,0.125,0.25,1.0,0.0,0.3177,0.7,0.6387,0,0.2917
S011,U011,R060,杏仁奶dirty,-0.7324,0.1338,0.0086,0.0,0.25,1.0,0.0,0.2901,0.7,0.8861,0,0.2917
S011,U011,R061,dirty（低咖啡因）,-0.7363,0.1318,0.0683,0.0,0.25,1.0,0.0,0.308,0.7,0.8844,0,0.299
S011,U011,R062,燕麦奶dirty（低咖啡因）,-0.7316,0.1342,0.0683,0.0,0.25,1.0,0.0,0.308,0.7,0.5195,0,0.2815
S011,U011,R063,椰奶dirty（低咖啡因）,-0.73,0.135,0.0766,0.1,0.25,1.0,0.0,0.3305,0.7,0.9429,0,0.3131
S011,U011,R064,杏仁奶dirty（低咖啡因）,-0.7346,0.1327,0.0683,0.0,0.25,1.0,0.0,0.308,0.7,0.8489,0,0.2975
S011,U011,R065,热可可,-0.6159,0.192,0.0567,0.0,0.0,1.0,0.0,0.267,1.0,0.5413,0,0.3144
S011,U011,R066,燕麦奶热可可,-0.4818,0.2591,0.0558,0.0,0.0,1.0,0.0,0.2667,1.0,0.7974,0,0.3506
S011,U011,R067,杏仁奶热可可,-0.4861,0.257,0.0558,0.0,0.0,1.0,0.0,0.2667,1.0,0.6129,0,0.3406
S011,U011,R068,玫瑰椰椰烤奶,-0.6199,0.19,0.0086,0.125,0.0,1.0,0.0,0.2776,1.0,0.5854,0,0.3207
S011,U011,R069,玫瑰菊花茶,-0.4331,0.2834,0.0117,0.0,0.0,1.0,0.0,0.2535,1.0,0.9985,0,0.3632
S011,U011,R070,玫瑰陈皮茶,-0.5776,0.2112,0.0224,0.1667,0.0,1.0,0.0,0.2901,1.0,0.9952,0,0.3542
S011,U011,R071,金银花菊花茶,-0.415,0.2925,0.0122,0.0,0.0,1.0,0.0,0.2537,1.0,0.6925,0,0.3512
S011,U011,R072,菊花柠檬茶,-0.492,0.254,0.0555,0.1429,0.0556,1.0,0.0,0.3036,1.0,0.8266,0,0.3669
S011,U011,R073,薰衣草柠檬茶,-0.5085,0.2458,0.0552,0.125,0.0556,1.0,0.0,0.2999,1.0,0.5874,0,0.3503
S011,U011,R074,百花茶,-0.5465,0.2268,0.011,0.0,0.0,1.0,0.0,0.2533,1.0,0.9217,0,0.3394
S011,U011,R075,洛神花玫瑰茶,-0.5332,0.2334,0.011,0.0,0.0,1.0,0.0,0.2533,1.0,0.5694,0,0.3241
S011,U011,R076,洛神花苹果茶,-0.7151,0.1425,0.0212,0.1667,0.0,1.0,0.0,0.2897,1.0,0.6057,0,0.3105
S011,U011,R077,金银花荷叶茶,-0.5789,0.2106,0.01,0.0,0.0,1.0,0.0,0.253,1.0,0.6379,0,0.3194
S011,U011,R078,百合玫瑰茶,-0.4065,0.2968,0.0,0.0,0.0,1.0,0.0,0.25,1.0,0.8249,0,0.3576
S011,U011,R079,陈皮苹果茶,-0.6911,0.1545,0.0216,0.1667,0.0,1.0,0.0,0.2898,1.0,0.5344,0,0.3112
S012,U012,R001,薄荷柠檬气泡茶,-0.7703,0.1148,0.0387,0.0,0.0,0.3,0.0,0.0866,0.7,0.9624,0,0.0
S012,U012,R002,蜂蜜柠檬茶,-0.6379,0.181,0.0485,0.0,0.0,1.0,0.0,0.2646,0.7,0.8089,0,0.2929
S012,U012,R003,葡萄柠檬茉莉花茶,-0.5145,0.2428,0.0404,0.0,0.0,1.0,0.0,0.2621,0.7,0.9595,0,0.3209
S012,U012,R004,青柠桂花蜜乌龙,-0.6381,0.1809,0.0319,0.0,0.0,1.0,0.0,0.2596,0.7,0.6035,0,0.2803
S012,U012,R005,百香果乳酸绿茶,-0.7002,0.1499,0.0153,0.0,0.0,1.0,0.0,0.2546,0.7,0.982,0,0.2861
S012,U012,R006,百香果美式,-0.7883,0.1058,0.0177,0.0,0.0,0.3,0.0,0.0803,0.7,0.7469,0,0.0
S012,U012,R007,百香果美式（低咖啡因）,-0.8106,0.0947,0.1334,0.0,0.05,0.3,0.0,0.1225,0.7,0.9347,0,0.0
S012,U012,R008,杨枝甘露,-0.6104,0.1948,0.1319,0.0,0.0625,1.0,0.0,0.2989,0.3,0.5243,0,0.2589
S012,U012,R009,鲜橙绿茶,-0.7665,0.1167,0.0177,0.0,0.0,1.0,0.0,0.2553,0.7,0.8928,0,0.2704
S012,U012,R010,橙C美式,-0.7755,0.1122,0.0175,0.0,0.0,0.3,0.0,0.0802,0.7,0.6977,0,0.0
S012,U012,R011,橙C美式（低咖啡因）,-0.7626,0.1187,0.1416,0.0,0.0556,0.3,0.0,0.1258,0.7,0.6573,0,0.0
S012,U012,R012,鲜橙养乐多,-0.6545,0.1727,0.1244,0.0,0.0625,1.0,0.0,0.2967,0.7,0.6414,0,0.296
S012,U012,R013,草莓奶昔,-0.5338,0.2331,0.1437,0.0,0.0625,1.0,0.0,0.3025,0.7,0.6702,0,0.3212
S012,U012,R014,蓝莓奶昔,-0.5412,0.2294,0.1444,0.0,0.0625,1.0,0.0,0.3027,0.7,0.6016,0,0.3166
S012,U012,R015,桃桃乌龙,-0.5596,0.2202,0.0104,0.0,0.0,1.0,0.0,0.2531,0.7,0.987,0,0.3103
S012,U012,R016,芒果奶昔,-0.5364,0.2318,0.143,0.0,0.0625,1.0,0.0,0.3023,0.7,0.8693,0,0.3306
S012,U012,R017,柠迭莓萝气泡水,-0.6634,0.1683,0.0357,0.0,0.0,0.3,0.0,0.0857,0.3,0.5362,0,0.0
S012,U012,R018,茉莉苹果奶绿,-0.5901,0.2049,0.0301,0.0,0.0,1.0,0.0,0.259,0.7,0.9444,0,0.3055
S012,U012,R019,荔枝白茶,-0.5492,0.2254,0.0208,0.0,0.0,1.0,0.0,0.2562,0.7,0.5042,0,0.2894
S012,U012,R020,超级吨吨桶,-0.7799,0.1101,0.0324,0.0,0.0,1.0,0.0,0.2597,0.3,0.9448,0,0.2326
S012,U012,R021,芝士奶盖铁观音,-0.5363,0.2319,0.02,0.0,0.0,1.0,0.0,0.256,0.7,0.5657,0,0.2946
S012,U012,R022,抹茶椰青美式,-0.8284,0.0858,0.0266,0.0,0.0,0.3,0.0,0.083,1.0,0.8774,0,0.0
S012,U012,R023,草莓抹茶椰,-0.8405,0.0797,0.0095,0.0,0.0,0.3,0.0,0.0778,0.7,0.6501,0,0.0
S012,U012,R024,柠檬草薄荷气泡水,-0.7066,0.1467,0.0444,0.0,0.0,0.3,0.0,0.0883,0.7,0.545,0,0.0
S012,U012,R025,蝶豆花柠檬气泡水,-0.7157,0.1422,0.0423,0.0,0.0,0.3,0.0,0.0877,0.3,0.8138,0,0.0
S012,U012,R026,泰式奶红,-0.5224,0.2388,0.0254,0.0,0.0,1.0,0.0,0.2576,1.0,0.5946,0,0.3292
S012,U012,R027,泰式奶绿,-0.5415,0.2293,0.0324,0.0,0.0,1.0,0.0,0.2597,1.0,0.9045,0,0.3423
S012,U012,R028,冰橙伯爵鸳鸯茶,-0.7873,0.1063,0.0175,0.0,0.0,0.3,0.0,0.0802,1.0,0.6228,0,0.0
S012,U012,R029,伯爵红茶奶茶,-0.5506,0.2247,0.019,0.0,0.0,1.0,0.0,0.2557,1.0,0.8291,0,0.3352
S012,U012,R030,焙茶豆乳,-0.4709,0.2646,0.0317,0.0,0.0,1.0,0.0,0.2595,1.0,0.7683,0,0.3478
S012,U012,R031,抹茶豆乳,-0.6928,0.1536,0.0306,0.0,0.0,0.3,0.0,0.0842,1.0,0.7882,0,0.0
S012,U012,R032,抹茶拿铁,-0.7739,0.113,0.0212,0.0,0.0,0.3,0.0,0.0813,1.0,0.8116,0,0.0
S012,U012,R033,燕麦奶抹茶拿铁,-0.6859,0.157,0.02,0.0,0.0,0.3,0.0,0.081,1.0,0.978,0,0.0
S012,U012,R034,椰奶抹茶拿铁,-0.7642,0.1179,0.0106,0.0,0.0,0.3,0.0,0.0782,1.0,0.7678,0,0.0
S012,U012,R035,杏仁奶抹茶拿铁,-0.7778,0.1111,0.02,0.0,0.0,0.3,0.0,0.081,1.0,0.8102,0,0.0
S012,U012,R036,港式鸳鸯,-0.7827,0.1087,0.0159,0.0,0.0,0.3,0.0,0.0798,1.0,0.5079,0,0.0
S012,U012,R037,拿铁,-0.7806,0.1097,0.02,0.0,0.0,0.3,0.0,0.081,1.0,0.7039,0,0.0
S012,U012,R038,燕麦奶拿铁,-0.7018,0.1491,0.0289,0.0,0.0,0.3,0.0,0.0837,1.0,0.537,0,0.0
S012,U012,R039,椰奶拿铁,-0.7794,0.1103,0.019,0.0,0.0,0.3,0.0,0.0807,1.0,0.6552,0,0.0
S012,U012,R040,杏仁奶拿铁,-0.7763,0.1118,0.0289,0.0,0.0,0.3,0.0,0.0837,1.0,0.9929,0,0.0
S012,U012,R041,拿铁（低咖啡因）,-0.7853,0.1073,0.0423,0.125,0.0,0.3,0.0,0.1127,1.0,0.9463,0,0.0
S012,U012,R042,燕麦奶拿铁（低咖啡因）,-0.7758,0.1121,0.0423,0.125,0.0,0.3,0.0,0.1127,1.0,0.7022,0,0.0
S012,U012,R043,椰奶拿铁（低咖啡因）,-0.7898,0.1051,0.04,0.1111,0.0,0.3,0.0,0.1092,1.0,0.7401,0,0.0
S012,U012,R044,杏仁奶拿铁（低咖啡因）,-0.7849,0.1076,0.0423,0.125,0.0,0.3,0.0,0.1127,1.0,0.5554,0,0.0
S012,U012,R045,卡布奇诺,-0.7845,0.1078,0.018,0.0,0.0,0.3,0.0,0.0804,1.0,0.7803,0,0.0
S012,U012,R046,卡布奇诺（低咖啡因）,-0.7881,0.106,0.0379,0.1111,0.0,0.3,0.0,0.1086,1.0,0.7003,0,0.0
S012,U012,R047,西班牙拿铁,-0.7817,0.1092,0.0167,0.0,0.0,0.3,0.0,0.08,1.0,0.7953,0,0.0
S012,U012,R048,西班牙拿铁（低咖啡因）,-0.7829,0.1086,0.0344,0.1111,0.0,0.3,0.0,0.1075,1.0,0.7427,0,0.0
S012,U012,R049,摩卡,-0.7842,0.1079,0.0177,0.0,0.0,0.3,0.0,0.0803,1.0,0.9425,0,0.0
S012,U012,R050,燕麦奶摩卡,-0.7808,0.1096,0.0254,0.0,0.0,0.3,0.0,0.0826,1.0,0.5206,0,0.0
S012,U012,R051,椰奶摩卡,-0.7794,0.1103,0.0175,0.0,0.0,0.3,0.0,0.0802,1.0,0.9425,0,0.0
S012,U012,R052,杏仁奶摩卡,-0.7825,0.1087,0.0258,0.0,0.0,0.3,0.0,0.0827,1.0,0.7809,0,0.0
S012,U012,R053,摩卡（低咖啡因）,-0.7846,0.1077,0.0367,0.125,0.0,0.3,0.0,0.111,1.0,0.5456,0,0.0
S012,U012,R054,燕麦奶摩卡（低咖啡因）,-0.7792,0.1104,0.0361,0.125,0.0,0.3,0.0,0.1108,1.0,0.7576,0,0.0
S012,U012,R055,椰奶摩卡（低咖啡因）,-0.7869,0.1065,0.0355,0.1111,0.0,0.3,0.0,0.1079,1.0,0.6532,0,0.0
S012,U012,R056,杏仁奶摩卡（低咖啡因）,-0.7844,0.1078,0.0361,0.125,0.0,0.3,0.0,0.1108,1.0,0.7566,0,0.0
S012,U012,R057,dirty,-0.7825,0.1088,0.0177,0.0,0.0,0.3,0.0,0.0803,0.7,0.9636,0,0.0
S012,U012,R058,燕麦奶dirty,-0.7802,0.1099,0.0258,0.0,0.0,0.3,0.0,0.0827,0.7,0.5978,0,0.0
S012,U012,R059,椰奶dirty,-0.7791,0.1104,0.0172,0.0,0.0,0.3,0.0,0.0802,0.7,0.6624,0,0.0
S012,U012,R060,杏仁奶dirty,-0.7851,0.1074,0.0258,0.0,0.0,0.3,0.0,0.0827,0.7,0.7433,0,0.0
S012,U012,R061,dirty（低咖啡因）,-0.7867,0.1067,0.0367,0.1111,0.0,0.3,0.0,0.1082,0.7,0.7132,0,0.0
S012,U012,R062,燕麦奶dirty（低咖啡因）,-0.7839,0.108,0.0367,0.1111,0.0,0.3,0.0,0.1082,0.7,0.5002,0,0.0
S012,U012,R063,椰奶dirty（低咖啡因）,-0.7854,0.1073,0.0355,0.1,0.0,0.3,0.0,0.1056,0.7,0.9335,0,0.0
S012,U012,R064,杏仁奶dirty（低咖啡因）,-0.786,0.107,0.0367,0.1111,0.0,0.3,0.0,0.1082,0.7,0.5817,0,0.0
S012,U012,R065,热可可,-0.5288,0.2356,0.1251,0.2,0.0625,1.0,0.0,0.3369,1.0,0.6487,0,0.3665
S012,U012,R066,燕麦奶热可可,-0.3777,0.3112,0.1331,0.2,0.0625,1.0,0.0,0.3393,1.0,0.5665,0,0.3899
S012,U012,R067,杏仁奶热可可,-0.4203,0.2899,0.1331,0.2,0.0625,1.0,0.0,0.3393,1.0,0.8578,0,0.397
S012,U012,R068,玫瑰椰椰烤奶,-0.5259,0.237,0.0258,0.125,0.0,1.0,0.0,0.2827,1.0,0.9026,0,0.3553
S012,U012,R069,玫瑰菊花茶,0.3941,0.697,0.2319,0.25,0.1111,1.0,0.0,0.3862,1.0,0.752,1,0.6053
S012,U012,R070,玫瑰陈皮茶,-0.127,0.4365,0.2398,0.1667,0.1111,1.0,0.0,0.3719,1.0,0.6963,0,0.455
S012,U012,R071,金银花菊花茶,0.3713,0.6856,0.2356,0.2,0.1111,1.0,0.0,0.3773,1.0,0.5669,1,0.5881
S012,U012,R072,菊花柠檬茶,-0.675,0.1625,0.1846,0.1429,0.0556,1.0,0.0,0.3423,1.0,0.7238,0,0.3471
S012,U012,R073,薰衣草柠檬茶,-0.6673,0.1663,0.1835,0.125,0.0556,1.0,0.0,0.3384,1.0,0.788,0,0.3499
S012,U012,R074,百花茶,0.0663,0.5332,0.227,0.2,0.1111,1.0,0.0,0.3748,1.0,0.9137,1,0.551
S012,U012,R075,洛神花玫瑰茶,-0.1118,0.4441,0.227,0.2,0.1111,1.0,0.0,0.3748,1.0,0.57,0,0.4526
S012,U012,R076,洛神花苹果茶,-0.5618,0.2191,0.224,0.1667,0.1111,1.0,0.0,0.3672,1.0,0.5931,0,0.3716
S012,U012,R077,金银花荷叶茶,-0.1427,0.4287,0.23,0.2,0.1111,1.0,0.0,0.3757,1.0,0.5892,1,0.4986
S012,U012,R078,百合玫瑰茶,0.4429,0.7214,0.2375,0.25,0.1111,1.0,0.0,0.3879,1.0,0.9265,1,0.6234
S012,U012,R079,陈皮苹果茶,-0.7696,0.1152,0.2363,0.1667,0.1111,1.0,0.0,0.3709,1.0,0.7878,0,0.3466
S013,U013,R001,薄荷柠檬气泡茶,-0.8244,0.0878,0.1137,0.0,0.0556,1.0,0.0,0.2925,0.7,0.7948,0,0.2721
S013,U013,R002,蜂蜜柠檬茶,-0.6908,0.1546,0.1324,0.0,0.0,1.0,0.0,0.2897,0.7,0.9438,0,0.3017
S013,U013,R003,葡萄柠檬茉莉花茶,-0.5304,0.2348,0.1754,0.0,0.0625,1.0,0.0,0.312,0.7,0.9832,0,0.3417
S013,U013,R004,青柠桂花蜜乌龙,-0.6286,0.1857,0.1749,0.0,0.0625,1.0,0.0,0.3118,0.7,0.6372,0,0.3072
S013,U013,R005,百香果乳酸绿茶,-0.7747,0.1127,0.1507,0.0,0.0556,1.0,0.0,0.3035,0.7,0.9858,0,0.2953
S013,U013,R006,百香果美式,-0.8313,0.0844,0.1255,0.0,0.0,1.0,0.0,0.2876,0.7,0.6596,0,0.2619
S013,U013,R007,百香果美式（低咖啡因）,-0.7626,0.1187,0.1162,0.0,0.05,1.0,0.0,0.2924,0.7,0.6307,0,0.2747
S013,U013,R008,杨枝甘露,-0.664,0.168,0.1899,0.0,0.0625,1.0,0.0,0.3163,0.3,0.8268,0,0.0
S013,U013,R009,鲜橙绿茶,-0.7924,0.1038,0.1671,0.0,0.0625,1.0,0.0,0.3095,0.7,0.5592,0,0.2736
S013,U013,R010,橙C美式,-0.8224,0.0888,0.1437,0.0,0.0,1.0,0.0,0.2931,0.7,0.9141,0,0.2787
S013,U013,R011,橙C美式（低咖啡因）,-0.7302,0.1349,0.133,0.0,0.0556,1.0,0.0,0.2982,0.7,0.7233,0,0.2876
S013,U013,R012,鲜橙养乐多,-0.6609,0.1695,0.1244,0.0,0.0,1.0,0.0,0.2873,0.7,0.7579,0,0.2965
S013,U013,R013,草莓奶昔,-0.5862,0.2069,0.1849,0.0,0.0625,1.0,0.0,0.3149,0.7,0.6944,0,0.0
S013,U013,R014,蓝莓奶昔,-0.5918,0.2041,0.1855,0.0,0.0625,1.0,0.0,0.315,0.7,0.5787,0,0.0
S013,U013,R015,桃桃乌龙,-0.5591,0.2204,0.1869,0.0,0.0625,1.0,0.0,0.3154,0.7,0.9312,0,0.3356
S013,U013,R016,芒果奶昔,-0.5909,0.2046,0.1844,0.0,0.0625,1.0,0.0,0.3147,0.7,0.5549,0,0.0
S013,U013,R017,柠迭莓萝气泡水,-0.7277,0.1362,0.1114,0.0,0.0625,1.0,0.0,0.2928,0.3,0.7384,0,0.2463
S013,U013,R018,茉莉苹果奶绿,-0.6015,0.1993,0.1301,0.0,0.0,1.0,0.0,0.289,0.7,0.6463,0,0.0
S013,U013,R019,荔枝白茶,-0.5525,0.2237,0.1869,0.0,0.0625,1.0,0.0,0.3154,0.7,0.5895,0,0.3197
S013,U013,R020,超级吨吨桶,-0.8234,0.0883,0.1074,0.0,0.0,1.0,0.0,0.2822,0.3,0.6194,0,0.2189
S013,U013,R021,芝士奶盖铁观音,-0.6183,0.1908,0.13,0.0,0.0,0.65,0.0,0.2015,0.7,0.5556,0,0.0
S013,U013,R022,抹茶椰青美式,-0.8909,0.0545,0.1444,0.0,0.0,1.0,0.0,0.2933,1.0,0.8294,0,0.2925
S013,U013,R023,草莓抹茶椰,-0.852,0.074,0.1284,0.0,0.0,1.0,0.0,0.2885,0.7,0.6943,0,0.2604
S013,U013,R024,柠檬草薄荷气泡水,-0.7789,0.1105,0.1173,0.0,0.0625,1.0,0.0,0.2946,0.7,0.9534,0,0.2889
S013,U013,R025,蝶豆花柠檬气泡水,-0.7849,0.1076,0.1157,0.0,0.0625,1.0,0.0,0.2941,0.3,0.8407,0,0.242
S013,U013,R026,泰式奶红,-0.6663,0.1668,0.1338,0.0,0.0,1.0,0.0,0.2902,1.0,0.6187,0,0.0
S013,U013,R027,泰式奶绿,-0.6817,0.1591,0.1324,0.0,0.0,1.0,0.0,0.2897,1.0,0.6899,0,0.0
S013,U013,R028,冰橙伯爵鸳鸯茶,-0.8342,0.0829,0.1349,0.0,0.0,1.0,0.0,0.2905,1.0,0.5504,0,0.2873
S013,U013,R029,伯爵红茶奶茶,-0.6695,0.1652,0.2474,0.0,0.0625,1.0,0.0,0.3336,1.0,0.7285,0,0.0
S013,U013,R030,焙茶豆乳,-0.6336,0.1832,0.2635,0.0,0.0625,1.0,0.0,0.3384,1.0,0.6609,0,0.3494
S013,U013,R031,抹茶豆乳,-0.7914,0.1043,0.2611,0.0,0.0625,1.0,0.0,0.3377,1.0,0.5795,0,0.3174
S013,U013,R032,抹茶拿铁,-0.8225,0.0888,0.2423,0.0,0.0625,1.0,0.0,0.3321,1.0,0.6426,0,0.0
S013,U013,R033,燕麦奶抹茶拿铁,-0.7891,0.1055,0.26,0.0,0.0625,1.0,0.0,0.3374,1.0,0.6008,0,0.3188
S013,U013,R034,椰奶抹茶拿铁,-0.8179,0.0911,0.2529,0.0,0.0625,1.0,0.0,0.3352,1.0,0.9785,0,0.3316
S013,U013,R035,杏仁奶抹茶拿铁,-0.8282,0.0859,0.26,0.0,0.0625,1.0,0.0,0.3374,1.0,0.9175,0,0.3278
S013,U013,R036,港式鸳鸯,-0.8239,0.0881,0.2035,0.0,0.0556,1.0,0.0,0.3194,1.0,0.8577,0,0.0
S013,U013,R037,拿铁,-0.8272,0.0864,0.25,0.0,0.0625,1.0,0.0,0.3344,1.0,0.9031,0,0.0
S013,U013,R038,燕麦奶拿铁,-0.802,0.099,0.2579,0.0,0.0625,1.0,0.0,0.3367,1.0,0.8056,0,0.3264
S013,U013,R039,椰奶拿铁,-0.8298,0.0851,0.2569,0.0,0.0625,1.0,0.0,0.3364,1.0,0.784,0,0.3204
S013,U013,R040,杏仁奶拿铁,-0.8294,0.0853,0.2579,0.0,0.0625,1.0,0.0,0.3367,1.0,0.7028,0,0.3165
S013,U013,R041,拿铁（低咖啡因）,-0.8264,0.0868,0.1317,0.0,0.0625,1.0,0.0,0.2989,1.0,0.5763,0,0.0
S013,U013,R042,燕麦奶拿铁（低咖啡因）,-0.8265,0.0868,0.1423,0.0,0.0625,1.0,0.0,0.3021,1.0,0.5277,0,0.2927
S013,U013,R043,椰奶拿铁（低咖啡因）,-0.83,0.085,0.14,0.0,0.0625,1.0,0.0,0.3014,1.0,0.6484,0,0.2978
S013,U013,R044,杏仁奶拿铁（低咖啡因）,-0.831,0.0845,0.1423,0.0,0.0625,1.0,0.0,0.3021,1.0,0.9111,0,0.3111
S013,U013,R045,卡布奇诺,-0.8297,0.0851,0.2451,0.0,0.0625,0.65,0.0,0.2454,1.0,0.601,0,0.0
S013,U013,R046,卡布奇诺（低咖啡因）,-0.83,0.085,0.1284,0.0,0.0625,0.65,0.0,0.2104,1.0,0.5516,0,0.0
S013,U013,R047,西班牙拿铁,-0.8249,0.0875,0.2053,0.0,0.0556,0.65,0.0,0.2324,1.0,0.8704,0,0.0
S013,U013,R048,西班牙拿铁（低咖啡因）,-0.8244,0.0878,0.1844,0.0,0.0625,1.0,0.0,0.3147,1.0,0.5068,0,0.0
S013,U013,R049,摩卡,-0.8282,0.0859,0.1944,0.0,0.05,1.0,0.0,0.3158,1.0,0.9812,0,0.0
S013,U013,R050,燕麦奶摩卡,-0.834,0.083,0.2008,0.0,0.05,1.0,0.0,0.3177,1.0,0.9551,0,0.3198
S013,U013,R051,椰奶摩卡,-0.8256,0.0872,0.2324,0.0,0.0556,1.0,0.0,0.328,1.0,0.655,0,0.3109
S013,U013,R052,杏仁奶摩卡,-0.8293,0.0854,0.2316,0.0,0.0556,1.0,0.0,0.3278,1.0,0.7664,0,0.3157
S013,U013,R053,摩卡（低咖啡因）,-0.8257,0.0871,0.1867,0.0,0.0625,1.0,0.0,0.3154,1.0,0.925,0,0.0
S013,U013,R054,燕麦奶摩卡（低咖啡因）,-0.8253,0.0874,0.1951,0.0,0.0625,1.0,0.0,0.3179,1.0,0.6022,0,0.3037
S013,U013,R055,椰奶摩卡（低咖啡因）,-0.8277,0.0862,0.1944,0.0,0.0625,1.0,0.0,0.3177,1.0,0.5968,0,0.303
S013,U013,R056,杏仁奶摩卡（低咖啡因）,-0.8288,0.0856,0.1951,0.0,0.0625,1.0,0.0,0.3179,1.0,0.8193,0,0.314
S013,U013,R057,dirty,-0.8245,0.0878,0.2244,0.0,0.0556,1.0,0.0,0.3256,0.7,0.5253,0,0.0
S013,U013,R058,燕麦奶dirty,-0.8352,0.0824,0.2316,0.0,0.0556,1.0,0.0,0.3278,0.7,0.7713,0,0.2849
S013,U013,R059,椰奶dirty,-0.8261,0.087,0.2316,0.0,0.0556,1.0,0.0,0.3278,0.7,0.9388,0,0.2949
S013,U013,R060,杏仁奶dirty,-0.8321,0.084,0.2316,0.0,0.0556,1.0,0.0,0.3278,0.7,0.905,0,0.2921
S013,U013,R061,dirty（低咖啡因）,-0.8287,0.0857,0.1867,0.0,0.0625,1.0,0.0,0.3154,0.7,0.9334,0,0.0
S013,U013,R062,燕麦奶dirty（低咖啡因）,-0.8288,0.0856,0.1958,0.0,0.0625,1.0,0.0,0.3181,0.7,0.8948,0,0.2878
S013,U013,R063,椰奶dirty（低咖啡因）,-0.83,0.085,0.1944,0.0,0.0625,1.0,0.0,0.3177,0.7,0.6865,0,0.277
S013,U013,R064,杏仁奶dirty（低咖啡因）,-0.8303,0.0849,0.1958,0.0,0.0625,1.0,0.0,0.3181,0.7,0.7374,0,0.2797
S013,U013,R065,热可可,-0.3891,0.3054,0.2268,0.0,0.0625,1.0,0.0,0.3274,1.0,0.8486,0,0.0
S013,U013,R066,燕麦奶热可可,-0.2262,0.3869,0.2447,0.0,0.0625,1.0,0.0,0.3328,1.0,0.6334,0,0.4169
S013,U013,R067,杏仁奶热可可,-0.2621,0.369,0.2447,0.0,0.0625,1.0,0.0,0.3328,1.0,0.7822,0,0.418
S013,U013,R068,玫瑰椰椰烤奶,-0.5469,0.2266,0.2516,0.0,0.0625,1.0,0.0,0.3348,1.0,0.5764,0,0.3588
S013,U013,R069,玫瑰菊花茶,0.3591,0.6796,0.2694,0.0,0.1111,1.0,0.0,0.3475,1.0,0.7043,1,0.5794
S013,U013,R070,玫瑰陈皮茶,-0.049,0.4755,0.2661,0.0,0.1111,1.0,0.0,0.3465,1.0,0.8818,1,0.5164
S013,U013,R071,金银花菊花茶,0.26,0.63,0.2731,0.0,0.1111,1.0,0.0,0.3486,1.0,0.6018,1,0.5575
S013,U013,R072,菊花柠檬茶,-0.6713,0.1644,0.2506,0.0,0.1111,1.0,0.0,0.3419,1.0,0.7862,0,0.3507
S013,U013,R073,薰衣草柠檬茶,-0.6616,0.1692,0.2496,0.0,0.1111,1.0,0.0,0.3415,1.0,0.8757,0,0.3567
S013,U013,R074,百花茶,-0.0049,0.4975,0.2645,0.0,0.1111,1.0,0.0,0.346,1.0,0.6304,1,0.5114
S013,U013,R075,洛神花玫瑰茶,-0.2077,0.3961,0.2645,0.0,0.1111,1.0,0.0,0.346,1.0,0.6267,0,0.4257
S013,U013,R076,洛神花苹果茶,-0.5744,0.2128,0.2615,0.0,0.1111,1.0,0.0,0.3451,1.0,0.677,0,0.3636
S013,U013,R077,金银花荷叶茶,-0.2932,0.3534,0.2575,0.0,0.1111,1.0,0.0,0.3439,1.0,0.8435,0,0.4206
S013,U013,R078,百合玫瑰茶,0.4099,0.7049,0.275,0.0,0.1111,1.0,0.0,0.3492,1.0,0.7097,1,0.5894
S013,U013,R079,陈皮苹果茶,-0.6566,0.1717,0.263,0.0,0.1111,1.0,0.0,0.3456,1.0,0.8083,0,0.356
S014,U014,R001,薄荷柠檬气泡茶,-0.7991,0.1004,0.0762,0.0,0.5556,1.0,0.0,0.3562,0.7,0.6123,0,0.2961
S014,U014,R002,蜂蜜柠檬茶,-0.3691,0.3155,0.0774,0.0,0.3125,1.0,0.0,0.3201,0.7,0.523,0,0.3506
S014,U014,R003,葡萄柠檬茉莉花茶,0.0793,0.5396,0.0854,0.0,0.5625,1.0,0.0,0.36,0.7,0.9579,1,0.5188
S014,U014,R004,青柠桂花蜜乌龙,-0.1325,0.4338,0.0769,0.0,0.5625,1.0,0.0,0.3574,0.7,0.6838,0,0.4168
S014,U014,R005,百香果乳酸绿茶,-0.7406,0.1297,0.0757,0.0,0.5556,1.0,0.0,0.356,0.7,0.6396,0,0.3076
S014,U014,R006,百香果美式,-0.8068,0.0966,0.0716,0.0,0.5625,1.0,0.0,0.3559,0.7,0.6956,0,0.2987
S014,U014,R007,百香果美式（低咖啡因）,-0.8318,0.0841,0.0667,0.0,0.55,1.0,0.0,0.3525,0.7,0.8041,0,0.2983
S014,U014,R008,杨枝甘露,-0.6525,0.1737,0.0689,0.0,0.5625,1.0,0.0,0.355,0.3,0.7259,0,0.2869
S014,U014,R009,鲜橙绿茶,-0.6305,0.1847,0.0853,0.0,0.5625,1.0,0.0,0.36,0.7,0.5356,0,0.3234
S014,U014,R010,橙C美式,-0.8116,0.0942,0.0712,0.0,0.5714,1.0,0.0,0.3571,0.7,0.9221,0,0.3098
S014,U014,R011,橙C美式（低咖啡因）,-0.8021,0.0989,0.0708,0.0,0.5556,1.0,0.0,0.3546,0.7,0.8066,0,0.3045
S014,U014,R012,鲜橙养乐多,-0.5495,0.2253,0.0679,0.0,0.5625,1.0,0.0,0.3548,0.7,0.9176,0,0.3544
S014,U014,R013,草莓奶昔,-0.5336,0.2332,0.0712,0.0,0.5714,1.0,0.0,0.3571,0.7,0.6586,0,0.3452
S014,U014,R014,蓝莓奶昔,-0.4521,0.274,0.0716,0.0,0.5625,1.0,0.0,0.3559,0.7,0.88,0,0.37
S014,U014,R015,桃桃乌龙,0.1971,0.5985,0.0865,0.0,0.5625,1.0,0.0,0.3603,0.7,0.7073,1,0.527
S014,U014,R016,芒果奶昔,-0.5284,0.2358,0.0708,0.0,0.5625,1.0,0.0,0.3556,0.7,0.5503,0,0.3401
S014,U014,R017,柠迭莓萝气泡水,-0.5626,0.2187,0.0664,0.0,0.5625,1.0,0.0,0.3543,0.3,0.7609,0,0.304
S014,U014,R018,茉莉苹果奶绿,0.0608,0.5304,0.0827,0.0,0.5714,1.0,0.0,0.3605,0.7,0.8465,1,0.5102
S014,U014,R019,荔枝白茶,0.1835,0.5917,0.0865,0.0,0.5625,1.0,0.0,0.3603,0.7,0.7986,1,0.5292
S014,U014,R020,超级吨吨桶,-0.8008,0.0996,0.0699,0.0,0.5556,1.0,0.0,0.3543,0.3,0.7327,0,0.2609
S014,U014,R021,芝士奶盖铁观音,-0.0111,0.4945,0.085,0.0,0.5714,1.0,0.0,0.3612,0.7,0.5622,1,0.4837
S014,U014,R022,抹茶椰青美式,-0.631,0.1845,0.0805,0.0,0.5714,1.0,0.0,0.3599,1.0,0.7607,0,0.3646
S014,U014,R023,草莓抹茶椰,-0.3335,0.3333,0.0734,0.0,0.5714,1.0,0.0,0.3577,0.7,0.9198,0,0.3936
S014,U014,R024,柠檬草薄荷气泡水,-0.7362,0.1319,0.0675,0.0,0.5625,1.0,0.0,0.3546,0.7,0.7789,0,0.3147
S014,U014,R025,蝶豆花柠檬气泡水,-0.7194,0.1403,0.0663,0.0,0.5625,1.0,0.0,0.3543,0.3,0.9771,0,0.2874
S014,U014,R026,泰式奶红,-0.5703,0.2149,0.0254,0.0,0.5,1.0,0.0,0.3326,1.0,0.8857,0,0.3692
S014,U014,R027,泰式奶绿,-0.5583,0.2208,0.0404,0.0,0.5,1.0,0.0,0.3371,1.0,0.66,0,0.362
S014,U014,R028,冰橙伯爵鸳鸯茶,-0.7986,0.1007,0.0349,0.0,0.5,1.0,0.0,0.3355,1.0,0.7213,0,0.3223
S014,U014,R029,伯爵红茶奶茶,-0.773,0.1135,0.0284,0.0,0.25,1.0,0.0,0.296,1.0,0.5111,0,0.2985
S014,U014,R030,焙茶豆乳,-0.5456,0.2272,0.0317,0.0,0.25,1.0,0.0,0.297,1.0,0.9587,0,0.3611
S014,U014,R031,抹茶豆乳,-0.6979,0.151,0.0306,0.0,0.25,1.0,0.0,0.2967,1.0,0.5098,0,0.3119
S014,U014,R032,抹茶拿铁,-0.8063,0.0968,0.0212,0.0,0.25,1.0,0.0,0.2938,1.0,0.8225,0,0.3072
S014,U014,R033,燕麦奶抹茶拿铁,-0.7203,0.1399,0.03,0.0,0.25,1.0,0.0,0.2965,1.0,0.9769,0,0.3312
S014,U014,R034,椰奶抹茶拿铁,-0.8141,0.0929,0.0212,0.0,0.25,1.0,0.0,0.2938,1.0,0.948,0,0.3121
S014,U014,R035,杏仁奶抹茶拿铁,-0.7966,0.1017,0.03,0.0,0.25,1.0,0.0,0.2965,1.0,0.9135,0,0.3147
S014,U014,R036,港式鸳鸯,-0.8058,0.0971,0.0239,0.0,0.25,1.0,0.0,0.2947,1.0,0.5117,0,0.2922
S014,U014,R037,拿铁,-0.8013,0.0993,0.02,0.0,0.25,1.0,0.0,0.2935,1.0,0.8698,0,0.3103
S014,U014,R038,燕麦奶拿铁,-0.7116,0.1442,0.0193,0.0,0.25,1.0,0.0,0.2933,1.0,0.7232,0,0.3186
S014,U014,R039,椰奶拿铁,-0.795,0.1025,0.019,0.0,0.25,1.0,0.0,0.2932,1.0,0.5927,0,0.2975
S014,U014,R040,杏仁奶拿铁,-0.7932,0.1034,0.0193,0.0,0.25,1.0,0.0,0.2933,1.0,0.6857,0,0.3025
S014,U014,R041,拿铁（低咖啡因）,-0.7991,0.1005,0.0212,0.0,0.25,1.0,0.0,0.2938,1.0,0.8654,0,0.3106
S014,U014,R042,燕麦奶拿铁（低咖啡因）,-0.7997,0.1001,0.0212,0.0,0.25,1.0,0.0,0.2938,1.0,0.5307,0,0.2938
S014,U014,R043,椰奶拿铁（低咖啡因）,-0.8012,0.0994,0.02,0.0,0.25,1.0,0.0,0.2935,1.0,0.9512,0,0.3144
S014,U014,R044,杏仁奶拿铁（低咖啡因）,-0.8034,0.0983,0.0212,0.0,0.25,1.0,0.0,0.2938,1.0,0.9997,0,0.3166
S014,U014,R045,卡布奇诺,-0.7996,0.1002,0.018,0.0,0.25,1.0,0.0,0.2929,1.0,0.9291,0,0.3133
S014,U014,R046,卡布奇诺（低咖啡因）,-0.8043,0.0978,0.019,0.0,0.25,1.0,0.0,0.2932,1.0,0.9004,0,0.3112
S014,U014,R047,西班牙拿铁,-0.8031,0.0985,0.0167,0.0,0.25,1.0,0.0,0.2925,1.0,0.895,0,0.3108
S014,U014,R048,西班牙拿铁（低咖啡因）,-0.8042,0.0979,0.0172,0.0,0.25,1.0,0.0,0.2927,1.0,0.5851,0,0.2952
S014,U014,R049,摩卡,-0.7962,0.1019,0.0177,0.0,0.25,1.0,0.0,0.2928,1.0,0.7725,0,0.306
S014,U014,R050,燕麦奶摩卡,-0.7888,0.1056,0.0169,0.0,0.25,1.0,0.0,0.2926,1.0,0.7587,0,0.3066
S014,U014,R051,椰奶摩卡,-0.793,0.1035,0.0175,0.0,0.25,1.0,0.0,0.2927,1.0,0.5534,0,0.2956
S014,U014,R052,杏仁奶摩卡,-0.7907,0.1047,0.0172,0.0,0.25,1.0,0.0,0.2927,1.0,0.7597,0,0.3063
S014,U014,R053,摩卡（低咖啡因）,-0.7946,0.1027,0.0183,0.0,0.25,1.0,0.0,0.293,1.0,0.9206,0,0.3138
S014,U014,R054,燕麦奶摩卡（低咖啡因）,-0.7976,0.1012,0.018,0.0,0.25,1.0,0.0,0.2929,1.0,0.7212,0,0.3033
S014,U014,R055,椰奶摩卡（低咖啡因）,-0.7952,0.1024,0.0177,0.0,0.25,1.0,0.0,0.2928,1.0,0.6496,0,0.3001
S014,U014,R056,杏仁奶摩卡（低咖啡因）,-0.7946,0.1027,0.018,0.0,0.25,1.0,0.0,0.2929,1.0,0.6115,0,0.2983
S014,U014,R057,dirty,-0.8022,0.0989,0.0177,0.0,0.25,1.0,0.0,0.2928,0.7,0.7782,0,0.2753
S014,U014,R058,燕麦奶dirty,-0.7927,0.1037,0.0172,0.0,0.25,1.0,0.0,0.2927,0.7,0.7814,0,0.2771
S014,U014,R059,椰奶dirty,-0.7987,0.1006,0.0172,0.0,0.25,1.0,0.0,0.2927,0.7,0.9155,0,0.2827
S014,U014,R060,杏仁奶dirty,-0.7928,0.1036,0.0172,0.0,0.25,1.0,0.0,0.2927,0.7,0.6646,0,0.2712
S014,U014,R061,dirty（低咖啡因）,-0.8002,0.0999,0.0183,0.0,0.25,1.0,0.0,0.293,0.7,0.9049,0,0.2821
S014,U014,R062,燕麦奶dirty（低咖啡因）,-0.7998,0.1001,0.0183,0.0,0.25,1.0,0.0,0.293,0.7,0.6468,0,0.2692
S014,U014,R063,椰奶dirty（低咖啡因）,-0.7977,0.1011,0.0177,0.0,0.25,1.0,0.0,0.2928,0.7,0.8423,0,0.2793
S014,U014,R064,杏仁奶dirty（低咖啡因）,-0.7973,0.1014,0.0183,0.0,0.25,1.0,0.0,0.293,0.7,0.5179,0,0.2632
S014,U014,R065,热可可,-0.6581,0.171,0.0,0.0,0.0,1.0,0.0,0.25,1.0,0.6026,0,0.3025
S014,U014,R066,燕麦奶热可可,-0.5534,0.2233,0.0108,0.0,0.0,1.0,0.0,0.2532,1.0,0.5441,0,0.3193
S014,U014,R067,杏仁奶热可可,-0.5715,0.2142,0.0108,0.0,0.0,1.0,0.0,0.2532,1.0,0.6074,0,0.3193
S014,U014,R068,玫瑰椰椰烤奶,-0.6576,0.1712,0.0172,0.0,0.0,1.0,0.0,0.2552,1.0,0.7367,0,0.3116
S014,U014,R069,玫瑰菊花茶,-0.4616,0.2692,0.0726,0.0,0.0,1.0,0.0,0.2718,1.0,0.7242,0,0.3527
S014,U014,R070,玫瑰陈皮茶,-0.606,0.197,0.0712,0.0,0.0,1.0,0.0,0.2714,1.0,0.5053,0,0.3163
S014,U014,R071,金银花菊花茶,-0.4581,0.2709,0.0742,0.0,0.0,1.0,0.0,0.2722,1.0,0.9598,0,0.3653
S014,U014,R072,菊花柠檬茶,-0.4573,0.2713,0.102,0.0,0.0556,1.0,0.0,0.2889,1.0,0.5415,0,0.352
S014,U014,R073,薰衣草柠檬茶,-0.4735,0.2633,0.1016,0.0,0.0556,1.0,0.0,0.2888,1.0,0.5944,0,0.3518
S014,U014,R074,百花茶,-0.5702,0.2149,0.0705,0.0,0.0,1.0,0.0,0.2712,1.0,0.5672,0,0.3256
S014,U014,R075,洛神花玫瑰茶,-0.7136,0.1432,0.0705,0.0,0.0,1.0,0.0,0.2712,1.0,0.9953,0,0.3219
S014,U014,R076,洛神花苹果茶,-0.7803,0.1098,0.0692,0.0,0.0,1.0,0.0,0.2708,1.0,0.608,0,0.2907
S014,U014,R077,金银花荷叶茶,-0.7207,0.1396,0.0675,0.0,0.0,1.0,0.0,0.2702,1.0,0.7771,0,0.3093
S014,U014,R078,百合玫瑰茶,-0.4109,0.2945,0.0625,0.0,0.0,1.0,0.0,0.2687,1.0,0.7265,0,0.3603
S014,U014,R079,陈皮苹果茶,-0.7582,0.1209,0.0699,0.0,0.0,1.0,0.0,0.271,1.0,0.8947,0,0.309
S015,U015,R001,薄荷柠檬气泡茶,-0.7919,0.104,0.0685,0.0,0.0,0.75,0.0,0.208,0.7,0.7721,0,0.0
S015,U015,R002,蜂蜜柠檬茶,-0.6415,0.1792,0.0904,0.0,0.0,1.0,0.0,0.2771,0.7,0.9921,0,0.307
S015,U015,R003,葡萄柠檬茉莉花茶,-0.5051,0.2474,0.0774,0.0,0.0,1.0,0.0,0.2732,0.7,0.8866,0,0.3239
S015,U015,R004,青柠桂花蜜乌龙,-0.6033,0.1983,0.0689,0.0,0.0,1.0,0.0,0.2707,0.7,0.8395,0,0.3032
S015,U015,R005,百香果乳酸绿茶,-0.7397,0.1301,0.0528,0.0,0.0,1.0,0.0,0.2658,0.7,0.7379,0,0.2721
S015,U015,R006,百香果美式,-0.8018,0.0991,0.0627,0.0,0.0,0.75,0.0,0.2063,0.7,0.9687,0,0.0
S015,U015,R007,百香果美式（低咖啡因）,-0.7773,0.1114,0.1571,0.0,0.05,0.75,0.0,0.2421,0.7,0.5767,0,0.0
S015,U015,R008,杨枝甘露,-0.6448,0.1776,0.1159,0.0,0.0625,1.0,0.0,0.2942,0.3,0.7249,0,0.2608
S015,U015,R009,鲜橙绿茶,-0.7587,0.1206,0.0587,0.0,0.0,1.0,0.0,0.2676,0.7,0.5141,0,0.2583
S015,U015,R010,橙C美式,-0.7906,0.1047,0.0675,0.0,0.0,0.75,0.0,0.2077,0.7,0.6044,0,0.0
S015,U015,R011,橙C美式（低咖啡因）,-0.7437,0.1282,0.1694,0.0,0.0556,0.75,0.0,0.2466,0.7,0.5392,0,0.0
S015,U015,R012,鲜橙养乐多,-0.6417,0.1791,0.1694,0.0,0.0625,1.0,0.0,0.3102,0.7,0.7983,0,0.3122
S015,U015,R013,草莓奶昔,-0.5708,0.2146,0.1262,0.0,0.0625,1.0,0.0,0.2972,0.7,0.7812,0,0.3179
S015,U015,R014,蓝莓奶昔,-0.5719,0.2141,0.1266,0.0,0.0625,1.0,0.0,0.2974,0.7,0.7555,0,0.3165
S015,U015,R015,桃桃乌龙,-0.5363,0.2319,0.0554,0.0,0.0,1.0,0.0,0.2666,0.7,0.9422,0,0.3182
S015,U015,R016,芒果奶昔,-0.5745,0.2128,0.1258,0.0,0.0625,1.0,0.0,0.2971,0.7,0.9501,0,0.3257
S015,U015,R017,柠迭莓萝气泡水,-0.6932,0.1534,0.0736,0.0,0.0,0.75,0.0,0.2096,0.3,0.7689,0,0.0
S015,U015,R018,茉莉苹果奶绿,-0.5775,0.2112,0.0726,0.0,0.0,1.0,0.0,0.2718,0.7,0.5995,0,0.2962
S015,U015,R019,荔枝白茶,-0.5321,0.234,0.0554,0.0,0.0,1.0,0.0,0.2666,0.7,0.8098,0,0.3123
S015,U015,R020,超级吨吨桶,-0.7931,0.1035,0.0634,0.0,0.0,1.0,0.0,0.269,0.3,0.7506,0,0.2248
S015,U015,R021,芝士奶盖铁观音,-0.5984,0.2008,0.0,0.0,0.0,1.0,0.0,0.25,0.7,0.8536,0,0.2955
S015,U015,R022,抹茶椰青美式,-0.8644,0.0678,0.0677,0.0,0.0,0.75,0.0,0.2078,1.0,0.804,0,0.0
S015,U015,R023,草莓抹茶椰,-0.8376,0.0812,0.0595,0.0,0.0,0.75,0.0,0.2053,0.7,0.8262,0,0.0
S015,U015,R024,柠檬草薄荷气泡水,-0.7449,0.1275,0.0764,0.0,0.0,0.75,0.0,0.2104,0.7,0.8604,0,0.0
S015,U015,R025,蝶豆花柠檬气泡水,-0.7528,0.1236,0.0748,0.0,0.0,0.75,0.0,0.2099,0.3,0.7526,0,0.0
S015,U015,R026,泰式奶红,-0.6344,0.1828,0.0669,0.0,0.0,1.0,0.0,0.2701,1.0,0.7499,0,0.323
S015,U015,R027,泰式奶绿,-0.6484,0.1758,0.0743,0.0,0.0,1.0,0.0,0.2723,1.0,0.6381,0,0.316
S015,U015,R028,冰橙伯爵鸳鸯茶,-0.8044,0.0978,0.0675,0.0,0.0,0.75,0.0,0.2077,1.0,0.6556,0,0.0
S015,U015,R029,伯爵红茶奶茶,-0.6383,0.1809,0.1284,0.0,0.0,1.0,0.0,0.2885,1.0,0.887,0,0.3375
S015,U015,R030,焙茶豆乳,-0.6217,0.1892,0.1317,0.0,0.0,1.0,0.0,0.2895,1.0,0.7699,0,0.335
S015,U015,R031,抹茶豆乳,-0.7906,0.1047,0.1306,0.0,0.0,0.75,0.0,0.2267,1.0,0.5718,0,0.0
S015,U015,R032,抹茶拿铁,-0.7901,0.1049,0.1317,0.0,0.0,0.75,0.0,0.227,1.0,0.8518,0,0.0
S015,U015,R033,燕麦奶抹茶拿铁,-0.7833,0.1084,0.12,0.0,0.0,0.75,0.0,0.2235,1.0,0.6374,0,0.0
S015,U015,R034,椰奶抹茶拿铁,-0.7863,0.1068,0.1212,0.0,0.0,0.75,0.0,0.2238,1.0,0.5773,0,0.0
S015,U015,R035,杏仁奶抹茶拿铁,-0.794,0.103,0.12,0.0,0.0,0.75,0.0,0.2235,1.0,0.898,0,0.0
S015,U015,R036,港式鸳鸯,-0.7923,0.1039,0.1057,0.0,0.0,0.75,0.0,0.2192,1.0,0.6517,0,0.0
S015,U015,R037,拿铁,-0.7957,0.1022,0.13,0.0,0.0,0.75,0.0,0.2265,1.0,0.5022,0,0.0
S015,U015,R038,燕麦奶拿铁,-0.7923,0.1039,0.1289,0.0,0.0,0.75,0.0,0.2262,1.0,0.808,0,0.0
S015,U015,R039,椰奶拿铁,-0.7968,0.1016,0.1284,0.0,0.0,0.75,0.0,0.226,1.0,0.8297,0,0.0
S015,U015,R040,杏仁奶拿铁,-0.7961,0.1019,0.1289,0.0,0.0,0.75,0.0,0.2262,1.0,0.8162,0,0.0
S015,U015,R041,拿铁（低咖啡因）,-0.7956,0.1022,0.0712,0.0,0.0,0.75,0.0,0.2088,1.0,0.697,0,0.0
S015,U015,R042,燕麦奶拿铁（低咖啡因）,-0.7938,0.1031,0.0712,0.0,0.0,0.75,0.0,0.2088,1.0,0.6722,0,0.0
S015,U015,R043,椰奶拿铁（低咖啡因）,-0.7992,0.1004,0.07,0.0,0.0,0.75,0.0,0.2085,1.0,0.8712,0,0.0
S015,U015,R044,杏仁奶拿铁（低咖啡因）,-0.7999,0.1001,0.0712,0.0,0.0,0.75,0.0,0.2088,1.0,0.7115,0,0.0
S015,U015,R045,卡布奇诺,-0.7987,0.1007,0.127,0.0,0.0,0.75,0.0,0.2256,1.0,0.6528,0,0.0
S015,U015,R046,卡布奇诺（低咖啡因）,-0.7996,0.1002,0.069,0.0,0.0,0.75,0.0,0.2082,1.0,0.9524,0,0.0
S015,U015,R047,西班牙拿铁,-0.7927,0.1036,0.1068,0.0,0.0,0.75,0.0,0.2195,1.0,0.7291,0,0.0
S015,U015,R048,西班牙拿铁（低咖啡因）,-0.7927,0.1036,0.0672,0.0,0.0,0.75,0.0,0.2077,1.0,0.5099,0,0.0
S015,U015,R049,摩卡,-0.7967,0.1016,0.1016,0.0,0.0,0.75,0.0,0.218,1.0,0.9811,0,0.0
S015,U015,R050,燕麦奶摩卡,-0.8007,0.0997,0.1004,0.0,0.0,0.75,0.0,0.2176,1.0,0.6517,0,0.0
S015,U015,R051,椰奶摩卡,-0.7923,0.1039,0.1162,0.0,0.0,0.75,0.0,0.2224,1.0,0.5422,0,0.0
S015,U015,R052,杏仁奶摩卡,-0.7966,0.1017,0.1158,0.0,0.0,0.75,0.0,0.2222,1.0,0.6907,0,0.0
S015,U015,R053,摩卡（低咖啡因）,-0.7941,0.103,0.0683,0.0,0.0,0.75,0.0,0.208,1.0,0.5031,0,0.0
S015,U015,R054,燕麦奶摩卡（低咖啡因）,-0.7928,0.1036,0.068,0.0,0.0,0.75,0.0,0.2079,1.0,0.7738,0,0.0
S015,U015,R055,椰奶摩卡（低咖啡因）,-0.7959,0.1021,0.0677,0.0,0.0,0.75,0.0,0.2078,1.0,0.5693,0,0.0
S015,U015,R056,杏仁奶摩卡（低咖啡因）,-0.7961,0.102,0.068,0.0,0.0,0.75,0.0,0.2079,1.0,0.7295,0,0.0
S015,U015,R057,dirty,-0.7929,0.1036,0.1166,0.0,0.0,0.75,0.0,0.2225,0.7,0.5803,0,0.0
S015,U015,R058,燕麦奶dirty,-0.803,0.0985,0.1158,0.0,0.0,0.75,0.0,0.2222,0.7,0.516,0,0.0
S015,U015,R059,椰奶dirty,-0.7931,0.1034,0.1158,0.0,0.0,0.75,0.0,0.2222,0.7,0.6437,0,0.0
S015,U015,R060,杏仁奶dirty,-0.7999,0.1,0.1158,0.0,0.0,0.75,0.0,0.2222,0.7,0.6739,0,0.0
S015,U015,R061,dirty（低咖啡因）,-0.7975,0.1012,0.0683,0.0,0.0,0.75,0.0,0.208,0.7,0.6333,0,0.0
S015,U015,R062,燕麦奶dirty（低咖啡因）,-0.7964,0.1018,0.0683,0.0,0.0,0.75,0.0,0.208,0.7,0.676,0,0.0
S015,U015,R063,椰奶dirty（低咖啡因）,-0.7975,0.1013,0.0677,0.0,0.0,0.75,0.0,0.2078,0.7,0.9341,0,0.0
S015,U015,R064,杏仁奶dirty（低咖啡因）,-0.7985,0.1007,0.0683,0.0,0.0,0.75,0.0,0.208,0.7,0.7906,0,0.0
S015,U015,R065,热可可,-0.4463,0.2769,0.1818,0.0,0.0625,1.0,0.0,0.3139,1.0,0.6208,0,0.3692
S015,U015,R066,燕麦奶热可可,-0.3008,0.3496,0.1781,0.0,0.0625,1.0,0.0,0.3128,1.0,0.5707,0,0.3916
S015,U015,R067,杏仁奶热可可,-0.3345,0.3327,0.1781,0.0,0.0625,1.0,0.0,0.3128,1.0,0.5085,0,0.3826
S015,U015,R068,玫瑰椰椰烤奶,-0.5913,0.2043,0.1344,0.0,0.0,1.0,0.0,0.2903,1.0,0.8455,0,0.3444
S015,U015,R069,玫瑰菊花茶,0.3875,0.6938,0.2319,0.0,0.0556,1.0,0.0,0.3279,1.0,0.5791,1,0.5693
S015,U015,R070,玫瑰陈皮茶,0.0082,0.5041,0.2286,0.0,0.0556,1.0,0.0,0.3269,1.0,0.5265,1,0.4999
S015,U015,R071,金银花菊花茶,0.3137,0.6568,0.2356,0.0,0.0556,1.0,0.0,0.329,1.0,0.9403,1,0.575
S015,U015,R072,菊花柠檬茶,-0.6247,0.1876,0.2131,0.0,0.0556,1.0,0.0,0.3223,1.0,0.6557,0,0.3435
S015,U015,R073,薰衣草柠檬茶,-0.6125,0.1938,0.221,0.0,0.0556,1.0,0.0,0.3246,1.0,0.7149,0,0.3496
S015,U015,R074,百花茶,0.0761,0.538,0.238,0.0,0.0556,1.0,0.0,0.3297,1.0,0.5064,1,0.512
S015,U015,R075,洛神花玫瑰茶,-0.1214,0.4393,0.216,0.0,0.0556,1.0,0.0,0.3231,1.0,0.6731,0,0.4328
S015,U015,R076,洛神花苹果茶,-0.5114,0.2443,0.2135,0.0,0.0556,1.0,0.0,0.3224,1.0,0.9563,0,0.3784
S015,U015,R077,金银花荷叶茶,-0.2185,0.3908,0.22,0.0,0.0556,1.0,0.0,0.3243,1.0,0.595,0,0.4125
S015,U015,R078,百合玫瑰茶,0.4264,0.7132,0.2375,0.0,0.0556,1.0,0.0,0.3296,1.0,0.7629,1,0.5861
S015,U015,R079,陈皮苹果茶,-0.6567,0.1717,0.2255,0.0,0.0556,1.0,0.0,0.326,1.0,0.9718,0,0.3554
S016,U016,R001,薄荷柠檬气泡茶,-0.7502,0.1249,0.0607,0.0,0.0556,1.0,0.0,0.2766,0.7,0.7989,0,0.2781
S016,U016,R002,蜂蜜柠檬茶,-0.5967,0.2017,0.1529,0.0,0.0625,1.0,0.0,0.3053,0.7,0.5697,0,0.3065
S016,U016,R003,葡萄柠檬茉莉花茶,-0.5626,0.2187,0.1224,0.0,0.0625,1.0,0.0,0.2961,0.7,0.8609,0,0.3228
S016,U016,R004,青柠桂花蜜乌龙,-0.6746,0.1627,0.1299,0.0,0.0625,1.0,0.0,0.2983,0.7,0.873,0,0.3048
S016,U016,R005,百香果乳酸绿茶,-0.6592,0.1704,0.0979,0.0,0.0556,1.0,0.0,0.2877,0.7,0.8923,0,0.3037
S016,U016,R006,百香果美式,-0.769,0.1155,0.1255,0.0,0.0625,1.0,0.0,0.297,0.7,0.8696,0,0.2876
S016,U016,R007,百香果美式（低咖啡因）,-0.7785,0.1108,0.0753,0.0,0.05,1.0,0.0,0.2801,0.7,0.7976,0,0.2747
S016,U016,R008,杨枝甘露,-0.5764,0.2118,0.1319,0.0,0.0625,1.0,0.0,0.2989,0.3,0.6125,0,0.2693
S016,U016,R009,鲜橙绿茶,-0.7685,0.1157,0.1084,0.0,0.0625,1.0,0.0,0.2919,0.7,0.8582,0,0.2848
S016,U016,R010,橙C美式,-0.7568,0.1216,0.1349,0.0,0.0714,1.0,0.0,0.3012,0.7,0.7773,0,0.287
S016,U016,R011,橙C美式（低咖啡因）,-0.7302,0.1349,0.0794,0.0,0.0556,1.0,0.0,0.2821,0.7,0.9533,0,0.2918
S016,U016,R012,鲜橙养乐多,-0.5979,0.2011,0.1244,0.0,0.0625,1.0,0.0,0.2967,0.7,0.6998,0,0.3089
S016,U016,R013,草莓奶昔,-0.501,0.2495,0.1349,0.0,0.0714,1.0,0.0,0.3012,0.7,0.7281,0,0.3293
S016,U016,R014,蓝莓奶昔,-0.505,0.2475,0.1355,0.0,0.0625,1.0,0.0,0.3,0.7,0.706,0,0.3269
S016,U016,R015,桃桃乌龙,-0.6047,0.1976,0.1211,0.0,0.0625,1.0,0.0,0.2957,0.7,0.5791,0,0.3012
S016,U016,R016,芒果奶昔,-0.5042,0.2479,0.1344,0.0,0.0625,1.0,0.0,0.2997,0.7,0.5531,0,0.3193
S016,U016,R017,柠迭莓萝气泡水,-0.6406,0.1797,0.0664,0.0,0.0625,1.0,0.0,0.2793,0.3,0.8948,0,0.2633
S016,U016,R018,茉莉苹果奶绿,-0.6162,0.1919,0.1502,0.0,0.0714,1.0,0.0,0.3058,0.7,0.905,0,0.32
S016,U016,R019,荔枝白茶,-0.5954,0.2023,0.1315,0.0,0.0625,1.0,0.0,0.2988,0.7,0.9679,0,0.3237
S016,U016,R020,超级吨吨桶,-0.7616,0.1192,0.1009,0.0,0.0556,1.0,0.0,0.2886,0.3,0.669,0,0.235
S016,U016,R021,芝士奶盖铁观音,-0.545,0.2275,0.1686,0.0,0.0714,1.0,0.0,0.3113,0.7,0.5721,0,0.3183
S016,U016,R022,抹茶椰青美式,-0.8109,0.0946,0.1444,0.0,0.0714,1.0,0.0,0.304,1.0,0.5458,0,0.2972
S016,U016,R023,草莓抹茶椰,-0.8329,0.0835,0.1409,0.0,0.0714,1.0,0.0,0.303,0.7,0.8819,0,0.2797
S016,U016,R024,柠檬草薄荷气泡水,-0.669,0.1655,0.0675,0.0,0.0625,1.0,0.0,0.2796,0.7,0.5098,0,0.2792
S016,U016,R025,蝶豆花柠檬气泡水,-0.6797,0.1602,0.0663,0.0,0.0625,1.0,0.0,0.2793,0.3,0.7112,0,0.2473
S016,U016,R026,泰式奶红,-0.4901,0.2549,0.0981,0.0,0.0,1.0,0.0,0.2794,1.0,0.7497,0,0.3524
S016,U016,R027,泰式奶绿,-0.5122,0.2439,0.1047,0.0,0.0,1.0,0.0,0.2814,1.0,0.9241,0,0.3582
S016,U016,R028,冰橙伯爵鸳鸯茶,-0.7691,0.1154,0.0992,0.0,0.0,1.0,0.0,0.2798,1.0,0.6835,0,0.3005
S016,U016,R029,伯爵红茶奶茶,-0.5209,0.2396,0.0784,0.0,0.0,1.0,0.0,0.2735,1.0,0.6883,0,0.3413
S016,U016,R030,焙茶豆乳,-0.4358,0.2821,0.0923,0.0,0.0,1.0,0.0,0.2777,1.0,0.6537,0,0.3564
S016,U016,R031,抹茶豆乳,-0.6658,0.1671,0.0907,0.0,0.0,1.0,0.0,0.2772,1.0,0.9931,0,0.3329
S016,U016,R032,抹茶拿铁,-0.7545,0.1228,0.0817,0.0,0.0,1.0,0.0,0.2745,1.0,0.7254,0,0.3028
S016,U016,R033,燕麦奶抹茶拿铁,-0.6576,0.1712,0.08,0.0,0.0,1.0,0.0,0.274,1.0,0.5241,0,0.3094
S016,U016,R034,椰奶抹茶拿铁,-0.7431,0.1284,0.0712,0.0,0.0,1.0,0.0,0.2713,1.0,0.5454,0,0.2943
S016,U016,R035,杏仁奶抹茶拿铁,-0.759,0.1205,0.08,0.0,0.0,1.0,0.0,0.274,1.0,0.6241,0,0.2967
S016,U016,R036,港式鸳鸯,-0.7648,0.1176,0.0648,0.0,0.0,1.0,0.0,0.2694,1.0,0.5288,0,0.2888
S016,U016,R037,拿铁,-0.7618,0.1191,0.08,0.0,0.0,1.0,0.0,0.274,1.0,0.5567,0,0.2928
S016,U016,R038,燕麦奶拿铁,-0.6768,0.1616,0.0886,0.0,0.0,1.0,0.0,0.2766,1.0,0.5458,0,0.3083
S016,U016,R039,椰奶拿铁,-0.7607,0.1196,0.0784,0.0,0.0,1.0,0.0,0.2735,1.0,0.9871,0,0.3143
S016,U016,R040,杏仁奶拿铁,-0.7581,0.1209,0.0886,0.0,0.0,1.0,0.0,0.2766,1.0,0.5564,0,0.2946
S016,U016,R041,拿铁（低咖啡因）,-0.7676,0.1162,0.0317,0.125,0.0,1.0,0.0,0.2845,1.0,0.7555,0,0.3065
S016,U016,R042,燕麦奶拿铁（低咖啡因）,-0.756,0.122,0.0317,0.125,0.0,1.0,0.0,0.2845,1.0,0.5801,0,0.2997
S016,U016,R043,椰奶拿铁（低咖啡因）,-0.7712,0.1144,0.03,0.1111,0.0,1.0,0.0,0.2812,1.0,0.8052,0,0.3068
S016,U016,R044,杏仁奶拿铁（低咖啡因）,-0.7657,0.1172,0.0317,0.125,0.0,1.0,0.0,0.2845,1.0,0.7118,0,0.3046
S016,U016,R045,卡布奇诺,-0.7665,0.1168,0.077,0.0,0.0,1.0,0.0,0.2731,1.0,0.821,0,0.3048
S016,U016,R046,卡布奇诺（低咖啡因）,-0.7698,0.1151,0.0284,0.1111,0.0,1.0,0.0,0.2808,1.0,0.8692,0,0.3101
S016,U016,R047,西班牙拿铁,-0.7635,0.1183,0.0659,0.0,0.0,1.0,0.0,0.2698,1.0,0.6516,0,0.2954
S016,U016,R048,西班牙拿铁（低咖啡因）,-0.7649,0.1175,0.0987,0.1111,0.0,1.0,0.0,0.3018,1.0,0.555,0,0.3047
S016,U016,R049,摩卡,-0.7665,0.1167,0.0641,0.0,0.0,1.0,0.0,0.2692,1.0,0.6974,0,0.2969
S016,U016,R050,燕麦奶摩卡,-0.7624,0.1188,0.0713,0.0,0.0,1.0,0.0,0.2714,1.0,0.9651,0,0.312
S016,U016,R051,椰奶摩卡,-0.7622,0.1189,0.0712,0.0,0.0,1.0,0.0,0.2714,1.0,0.8338,0,0.3054
S016,U016,R052,杏仁奶摩卡,-0.7656,0.1172,0.0794,0.0,0.0,1.0,0.0,0.2738,1.0,0.9311,0,0.3108
S016,U016,R053,摩卡（低咖啡因）,-0.7675,0.1163,0.101,0.125,0.0,1.0,0.0,0.3053,1.0,0.974,0,0.3268
S016,U016,R054,燕麦奶摩卡（低咖啡因）,-0.7606,0.1197,0.1004,0.125,0.0,1.0,0.0,0.3051,1.0,0.9083,0,0.3246
S016,U016,R055,椰奶摩卡（低咖啡因）,-0.7698,0.1151,0.0998,0.1111,0.0,1.0,0.0,0.3022,1.0,0.7342,0,0.313
S016,U016,R056,杏仁奶摩卡（低咖啡因）,-0.7662,0.1169,0.1004,0.125,0.0,1.0,0.0,0.3051,1.0,0.6488,0,0.3106
S016,U016,R057,dirty,-0.7645,0.1177,0.0716,0.0,0.0,1.0,0.0,0.2715,0.7,0.7819,0,0.2725
S016,U016,R058,燕麦奶dirty,-0.7604,0.1198,0.0794,0.0,0.0,1.0,0.0,0.2738,0.7,0.703,0,0.2703
S016,U016,R059,椰奶dirty,-0.7607,0.1197,0.0708,0.0,0.0,1.0,0.0,0.2712,0.7,0.9699,0,0.2824
S016,U016,R060,杏仁奶dirty,-0.7674,0.1163,0.0794,0.0,0.0,1.0,0.0,0.2738,0.7,0.9447,0,0.2811
S016,U016,R061,dirty（低咖啡因）,-0.7684,0.1158,0.0929,0.1111,0.0,1.0,0.0,0.3001,0.7,0.8124,0,0.2862
S016,U016,R062,燕麦奶dirty（低咖啡因）,-0.7648,0.1176,0.0929,0.1111,0.0,1.0,0.0,0.3001,0.7,0.9554,0,0.294
S016,U016,R063,椰奶dirty（低咖啡因）,-0.7667,0.1166,0.0917,0.1,0.0,1.0,0.0,0.2975,0.7,0.9905,0,0.2942
S016,U016,R064,杏仁奶dirty（低咖啡因）,-0.7675,0.1162,0.0929,0.1111,0.0,1.0,0.0,0.3001,0.7,0.5896,0,0.2752
S016,U016,R065,热可可,-0.529,0.2355,0.0684,0.2,0.0,1.0,0.0,0.3105,1.0,0.9097,0,0.3676
S016,U016,R066,燕麦奶热可可,-0.3763,0.3118,0.0774,0.2,0.0,1.0,0.0,0.3132,1.0,0.5708,0,0.3786
S016,U016,R067,杏仁奶热可可,-0.4195,0.2903,0.0774,0.2,0.0,1.0,0.0,0.3132,1.0,0.7152,0,0.3783
S016,U016,R068,玫瑰椰椰烤奶,-0.5087,0.2456,0.082,0.125,0.0,1.0,0.0,0.2996,1.0,0.719,0,0.3567
S016,U016,R069,玫瑰菊花茶,0.3993,0.6996,0.1218,0.25,0.0556,1.0,0.0,0.3449,1.0,0.8682,1,0.5935
S016,U016,R070,玫瑰陈皮茶,-0.1432,0.4284,0.1311,0.1667,0.0556,1.0,0.0,0.331,1.0,0.9979,0,0.4488
S016,U016,R071,金银花菊花茶,0.3839,0.6919,0.1239,0.2,0.0556,1.0,0.0,0.3355,1.0,0.5084,1,0.5686
S016,U016,R072,菊花柠檬茶,-0.6428,0.1786,0.1201,0.1429,0.0556,1.0,0.0,0.3229,1.0,0.7432,0,0.345
S016,U016,R073,薰衣草柠檬茶,-0.636,0.182,0.1194,0.125,0.0556,1.0,0.0,0.3191,1.0,0.6135,0,0.338
S016,U016,R074,百花茶,0.0689,0.5344,0.119,0.2,0.0556,1.0,0.0,0.334,1.0,0.8286,0,0.4788
S016,U016,R075,洛神花玫瑰茶,-0.0835,0.4583,0.13,0.2,0.0556,1.0,0.0,0.3373,1.0,0.6936,1,0.4969
S016,U016,R076,洛神花苹果茶,-0.5432,0.2284,0.1279,0.1667,0.0556,1.0,0.0,0.33,1.0,0.5486,0,0.3559
S016,U016,R077,金银花荷叶茶,-0.1116,0.4442,0.125,0.2,0.0556,1.0,0.0,0.3358,1.0,0.5021,1,0.4817
S016,U016,R078,百合玫瑰茶,0.4489,0.7244,0.1125,0.25,0.0556,1.0,0.0,0.3421,1.0,0.9394,1,0.6045
S016,U016,R079,陈皮苹果茶,-0.7744,0.1128,0.1289,0.1667,0.0556,1.0,0.0,0.3303,1.0,0.9944,0,0.3378
S017,U017,R001,薄荷柠檬气泡茶,-0.771,0.1145,0.0762,0.0,0.0,1.0,0.0,0.2729,0.7,0.8778,0,0.2768
S017,U017,R002,蜂蜜柠檬茶,-0.6165,0.1918,0.1129,0.0,0.25,1.0,0.0,0.3214,0.7,0.8981,0,0.3267
S017,U017,R003,葡萄柠檬茉莉花茶,-0.5345,0.2328,0.0854,0.0,0.0,1.0,0.0,0.2756,0.7,0.9088,0,0.3209
S017,U017,R004,青柠桂花蜜乌龙,-0.6404,0.1798,0.0849,0.0,0.0,1.0,0.0,0.2755,0.7,0.9549,0,0.3047
S017,U017,R005,百香果乳酸绿茶,-0.687,0.1565,0.0604,0.0,0.0,1.0,0.0,0.2681,0.7,0.859,0,0.2884
S017,U017,R006,百香果美式,-0.7871,0.1064,0.0177,0.0,0.0,1.0,0.0,0.2553,0.7,0.8129,0,0.2628
S017,U017,R007,百香果美式（低咖啡因）,-0.7895,0.1052,0.1248,0.0,0.1,1.0,0.0,0.3024,0.7,0.8251,0,0.2842
S017,U017,R008,杨枝甘露,-0.6056,0.1972,0.0739,0.0,0.0625,1.0,0.0,0.2815,0.3,0.8902,0,0.2702
S017,U017,R009,鲜橙绿茶,-0.7627,0.1187,0.0675,0.0,0.0,1.0,0.0,0.2703,0.7,0.5428,0,0.2603
S017,U017,R010,橙C美式,-0.7744,0.1128,0.0175,0.0,0.0,1.0,0.0,0.2552,0.7,0.8889,0,0.2688
S017,U017,R011,橙C美式（低咖啡因）,-0.7464,0.1268,0.133,0.0,0.1111,1.0,0.0,0.3066,0.7,0.6258,0,0.2836
S017,U017,R012,鲜橙养乐多,-0.6138,0.1931,0.1129,0.0,0.0625,1.0,0.0,0.2933,0.7,0.9881,0,0.319
S017,U017,R013,草莓奶昔,-0.53,0.235,0.0762,0.0,0.0714,1.0,0.0,0.2836,0.7,0.6658,0,0.3132
S017,U017,R014,蓝莓奶昔,-0.533,0.2335,0.0766,0.0,0.0625,1.0,0.0,0.2824,0.7,0.6702,0,0.3123
S017,U017,R015,桃桃乌龙,-0.5723,0.2139,0.0761,0.0,0.0,1.0,0.0,0.2728,0.7,0.7813,0,0.3067
S017,U017,R016,芒果奶昔,-0.5334,0.2333,0.0758,0.0,0.0625,1.0,0.0,0.2821,0.7,0.5579,0,0.3065
S017,U017,R017,柠迭莓萝气泡水,-0.6528,0.1736,0.0736,0.0,0.0,1.0,0.0,0.2721,0.3,0.8545,0,0.2559
S017,U017,R018,茉莉苹果奶绿,-0.607,0.1965,0.0939,0.0,0.0,1.0,0.0,0.2782,0.7,0.7647,0,0.3022
S017,U017,R019,荔枝白茶,-0.5653,0.2173,0.0865,0.0,0.0,1.0,0.0,0.276,0.7,0.6173,0,0.3011
S017,U017,R020,超级吨吨桶,-0.7789,0.1105,0.0699,0.0,0.0,1.0,0.0,0.271,0.3,0.6951,0,0.2254
S017,U017,R021,芝士奶盖铁观音,-0.5737,0.2132,0.02,0.0,0.0,1.0,0.0,0.256,0.7,0.5441,0,0.287
S017,U017,R022,抹茶椰青美式,-0.8421,0.0789,0.0266,0.0,0.0,1.0,0.0,0.258,1.0,0.6318,0,0.2753
S017,U017,R023,草莓抹茶椰,-0.8476,0.0762,0.0,0.0,0.0,1.0,0.0,0.25,0.7,0.749,0,0.2466
S017,U017,R024,柠檬草薄荷气泡水,-0.6951,0.1525,0.0764,0.0,0.0,1.0,0.0,0.2729,0.7,0.634,0,0.2779
S017,U017,R025,蝶豆花柠檬气泡水,-0.7049,0.1475,0.0748,0.0,0.0,1.0,0.0,0.2724,0.3,0.8557,0,0.247
S017,U017,R026,泰式奶红,-0.553,0.2235,0.0986,0.0,0.0,1.0,0.0,0.2796,1.0,0.9059,0,0.3493
S017,U017,R027,泰式奶绿,-0.5712,0.2144,0.0967,0.0,0.0,1.0,0.0,0.279,1.0,0.6367,0,0.3324
S017,U017,R028,冰橙伯爵鸳鸯茶,-0.788,0.106,0.0175,0.0,0.0,1.0,0.0,0.2552,1.0,0.8017,0,0.292
S017,U017,R029,伯爵红茶奶茶,-0.5728,0.2136,0.1474,0.0,0.3125,1.0,0.0,0.3411,1.0,0.5789,0,0.3572
S017,U017,R030,焙茶豆乳,-0.519,0.2405,0.1635,0.0,0.3125,1.0,0.0,0.3459,1.0,0.8168,0,0.3807
S017,U017,R031,抹茶豆乳,-0.7284,0.1358,0.1009,0.0,0.3125,1.0,0.0,0.3272,1.0,0.735,0,0.3315
S017,U017,R032,抹茶拿铁,-0.7731,0.1135,0.0817,0.0,0.3125,1.0,0.0,0.3214,1.0,0.9632,0,0.3325
S017,U017,R033,燕麦奶抹茶拿铁,-0.7188,0.1406,0.09,0.0,0.3125,1.0,0.0,0.3239,1.0,0.6178,0,0.3259
S017,U017,R034,椰奶抹茶拿铁,-0.7651,0.1175,0.0712,0.0,0.3125,1.0,0.0,0.3182,1.0,0.9904,0,0.3338
S017,U017,R035,杏仁奶抹茶拿铁,-0.777,0.1115,0.09,0.0,0.3125,1.0,0.0,0.3239,1.0,0.9647,0,0.333
S017,U017,R036,港式鸳鸯,-0.7805,0.1097,0.0728,0.0,0.3056,1.0,0.0,0.3177,1.0,0.9217,0,0.3275
S017,U017,R037,拿铁,-0.7801,0.11,0.09,0.0,0.3125,1.0,0.0,0.3239,1.0,0.9521,0,0.3319
S017,U017,R038,燕麦奶拿铁,-0.7334,0.1333,0.0982,0.0,0.3125,1.0,0.0,0.3263,1.0,0.6778,0,0.3274
S017,U017,R039,椰奶拿铁,-0.7793,0.1104,0.0879,0.0,0.3125,1.0,0.0,0.3233,1.0,0.6172,0,0.315
S017,U017,R040,杏仁奶拿铁,-0.7773,0.1113,0.0982,0.0,0.3125,1.0,0.0,0.3263,1.0,0.8178,0,0.3267
S017,U017,R041,拿铁（低咖啡因）,-0.7834,0.1083,0.1091,0.125,0.3125,1.0,0.0,0.3546,1.0,0.6839,0,0.3317
S017,U017,R042,燕麦奶拿铁（低咖啡因）,-0.775,0.1125,0.1091,0.125,0.3125,1.0,0.0,0.3546,1.0,0.99,0,0.3484
S017,U017,R043,椰奶拿铁（低咖啡因）,-0.7871,0.1064,0.1063,0.1111,0.3125,1.0,0.0,0.351,1.0,0.9355,0,0.342
S017,U017,R044,杏仁奶拿铁（低咖啡因）,-0.7839,0.1081,0.1091,0.125,0.3125,1.0,0.0,0.3546,1.0,0.6868,0,0.3317
S017,U017,R045,卡布奇诺,-0.784,0.108,0.0861,0.0,0.3125,1.0,0.0,0.3227,1.0,0.9717,0,0.3316
S017,U017,R046,卡布奇诺（低咖啡因）,-0.7864,0.1068,0.1037,0.1111,0.3125,1.0,0.0,0.3502,1.0,0.6074,0,0.3253
S017,U017,R047,西班牙拿铁,-0.7797,0.1101,0.0742,0.0,0.3056,1.0,0.0,0.3181,1.0,0.9538,0,0.3294
S017,U017,R048,西班牙拿铁（低咖啡因）,-0.7806,0.1097,0.0992,0.1111,0.3125,1.0,0.0,0.3489,1.0,0.5483,0,0.3228
S017,U017,R049,摩卡,-0.7832,0.1084,0.073,0.0,0.3,1.0,0.0,0.3169,1.0,0.8276,0,0.3219
S017,U017,R050,燕麦奶摩卡,-0.7817,0.1091,0.0798,0.0,0.3,1.0,0.0,0.3189,1.0,0.9238,0,0.3279
S017,U017,R051,椰奶摩卡,-0.7782,0.1109,0.0799,0.0,0.3056,1.0,0.0,0.3198,1.0,0.8448,0,0.325
S017,U017,R052,杏仁奶摩卡,-0.7821,0.1089,0.088,0.0,0.3056,1.0,0.0,0.3222,1.0,0.5753,0,0.3119
S017,U017,R053,摩卡（低咖啡因）,-0.7826,0.1087,0.1021,0.125,0.3125,1.0,0.0,0.3525,1.0,0.9229,0,0.3428
S017,U017,R054,燕麦奶摩卡（低咖啡因）,-0.7776,0.1112,0.1013,0.125,0.3125,1.0,0.0,0.3523,1.0,0.7012,0,0.3325
S017,U017,R055,椰奶摩卡（低咖啡因）,-0.7845,0.1077,0.1006,0.1111,0.3125,1.0,0.0,0.3493,1.0,0.9561,0,0.3427
S017,U017,R056,杏仁奶摩卡（低咖啡因）,-0.7824,0.1088,0.1013,0.125,0.3125,1.0,0.0,0.3523,1.0,0.7328,0,0.3333
S017,U017,R057,dirty,-0.7803,0.1098,0.0805,0.0,0.3056,1.0,0.0,0.32,0.7,0.9734,0,0.3011
S017,U017,R058,燕麦奶dirty,-0.7819,0.109,0.088,0.0,0.3056,1.0,0.0,0.3222,0.7,0.9567,0,0.301
S017,U017,R059,椰奶dirty,-0.7777,0.1112,0.0794,0.0,0.3056,1.0,0.0,0.3196,0.7,0.907,0,0.2981
S017,U017,R060,杏仁奶dirty,-0.7848,0.1076,0.088,0.0,0.3056,1.0,0.0,0.3222,0.7,0.6869,0,0.287
S017,U017,R061,dirty（低咖啡因）,-0.7848,0.1076,0.1021,0.1111,0.3125,1.0,0.0,0.3497,0.7,0.5433,0,0.2922
S017,U017,R062,燕麦奶dirty（低咖啡因）,-0.7817,0.1092,0.1021,0.1111,0.3125,1.0,0.0,0.3497,0.7,0.5083,0,0.291
S017,U017,R063,椰奶dirty（低咖啡因）,-0.7833,0.1083,0.1006,0.1,0.3125,1.0,0.0,0.3471,0.7,0.5282,0,0.2905
S017,U017,R064,杏仁奶dirty（低咖啡因）,-0.7844,0.1078,0.1021,0.1111,0.3125,1.0,0.0,0.3497,0.7,0.68,0,0.2991
S017,U017,R065,热可可,-0.5172,0.2414,0.1368,0.2,0.625,1.0,0.0,0.4248,1.0,0.689,0,0.4101
S017,U017,R066,燕麦奶热可可,-0.3685,0.3158,0.1547,0.2,0.625,1.0,0.0,0.4302,1.0,0.5348,0,0.4308
S017,U017,R067,杏仁奶热可可,-0.4074,0.2963,0.1547,0.2,0.625,1.0,0.0,0.4302,1.0,0.8592,0,0.4403
S017,U017,R068,玫瑰椰椰烤奶,-0.563,0.2185,0.1555,0.125,0.5714,1.0,0.0,0.4074,1.0,0.9546,0,0.4075
S017,U017,R069,玫瑰菊花茶,0.3997,0.6999,0.2319,0.25,0.6667,1.0,0.0,0.4696,1.0,0.8615,1,0.6493
S017,U017,R070,玫瑰陈皮茶,-0.0785,0.4607,0.2286,0.1667,0.6667,1.0,0.0,0.4519,1.0,0.6756,0,0.4984
S017,U017,R071,金银花菊花茶,0.3673,0.6837,0.2356,0.2,0.6667,1.0,0.0,0.4607,1.0,0.586,1,0.6259
S017,U017,R072,菊花柠檬茶,-0.6415,0.1793,0.1756,0.1429,0.6111,1.0,0.0,0.4229,1.0,0.6772,0,0.3869
S017,U017,R073,薰衣草柠檬茶,-0.6316,0.1842,0.1746,0.125,0.6111,1.0,0.0,0.419,1.0,0.8294,0,0.3945
S017,U017,R074,百花茶,0.0857,0.5428,0.227,0.2,0.6667,1.0,0.0,0.4581,1.0,0.7961,1,0.5859
S017,U017,R075,洛神花玫瑰茶,-0.0851,0.4575,0.227,0.2,0.6667,1.0,0.0,0.4581,1.0,0.7884,1,0.5557
S017,U017,R076,洛神花苹果茶,-0.528,0.236,0.224,0.1667,0.6667,1.0,0.0,0.4505,1.0,0.7309,0,0.4219
S017,U017,R077,金银花荷叶茶,-0.142,0.429,0.22,0.2,0.6667,1.0,0.0,0.456,1.0,0.8209,0,0.4964
S017,U017,R078,百合玫瑰茶,0.4432,0.7216,0.2375,0.25,0.6667,1.0,0.0,0.4713,1.0,0.8858,1,0.6589
S017,U017,R079,陈皮苹果茶,-0.7403,0.1298,0.2255,0.1667,0.6667,1.0,0.0,0.451,1.0,0.5359,0,0.3752
S018,U018,R001,薄荷柠檬气泡茶,-0.6306,0.1847,0.0762,0.0,0.0556,0.4,0.0,0.1312,0.7,0.6808,0,0.0
S018,U018,R002,蜂蜜柠檬茶,-0.0175,0.4913,0.0967,0.0,0.0625,1.0,0.0,0.2884,0.7,0.819,1,0.4627
S018,U018,R003,葡萄柠檬茉莉花茶,-0.3952,0.3024,0.0854,0.0,0.0625,1.0,0.0,0.285,0.7,0.6925,0,0.3387
S018,U018,R004,青柠桂花蜜乌龙,-0.5801,0.2099,0.0769,0.0,0.0625,1.0,0.0,0.2824,0.7,0.9445,0,0.3178
S018,U018,R005,百香果乳酸绿茶,-0.4656,0.2672,0.0306,0.0,0.0,1.0,0.0,0.2592,0.7,0.8134,0,0.3208
S018,U018,R006,百香果美式,-0.6501,0.175,0.0716,0.0,0.0625,0.4,0.0,0.1309,0.7,0.772,0,0.0
S018,U018,R007,百香果美式（低咖啡因）,-0.6706,0.1647,0.0344,0.0,0.0,0.4,0.0,0.1103,0.7,0.8082,0,0.0
S018,U018,R008,杨枝甘露,-0.4857,0.2572,0.008,0.0,0.0,1.0,0.0,0.2524,0.3,0.5349,0,0.2603
S018,U018,R009,鲜橙绿茶,-0.7358,0.1321,0.0764,0.0,0.0625,1.0,0.0,0.2823,0.7,0.9523,0,0.2909
S018,U018,R010,橙C美式,-0.6637,0.1681,0.0762,0.0,0.0625,0.4,0.0,0.1322,0.7,0.595,0,0.0
S018,U018,R011,橙C美式（低咖啡因）,-0.6402,0.1799,0.0344,0.0,0.0,0.4,0.0,0.1103,0.7,0.7473,0,0.0
S018,U018,R012,鲜橙养乐多,-0.2786,0.3607,0.0,0.0,0.0,1.0,0.0,0.25,0.7,0.5519,0,0.3363
S018,U018,R013,草莓奶昔,-0.3833,0.3083,0.0175,0.0,0.0,1.0,0.0,0.2552,0.7,0.958,0,0.3407
S018,U018,R014,蓝莓奶昔,-0.2793,0.3604,0.0177,0.0,0.0,1.0,0.0,0.2553,0.7,0.5596,0,0.339
S018,U018,R015,桃桃乌龙,-0.3385,0.3307,0.0865,0.0,0.0625,1.0,0.0,0.2853,0.7,0.9671,0,0.3625
S018,U018,R016,芒果奶昔,-0.3806,0.3097,0.0172,0.0,0.0,1.0,0.0,0.2552,0.7,0.8253,0,0.3345
S018,U018,R017,柠迭莓萝气泡水,-0.4664,0.2668,0.0214,0.0,0.0,0.4,0.0,0.1064,0.3,0.8047,0,0.0
S018,U018,R018,茉莉苹果奶绿,-0.1411,0.4295,0.0864,0.0,0.0625,1.0,0.0,0.2853,0.7,0.6849,0,0.3829
S018,U018,R019,荔枝白茶,-0.3442,0.3279,0.0865,0.0,0.0625,1.0,0.0,0.2853,0.7,0.8786,0,0.3571
S018,U018,R020,超级吨吨桶,-0.6516,0.1742,0.0324,0.0,0.0,1.0,0.0,0.2597,0.3,0.7205,0,0.2439
S018,U018,R021,芝士奶盖铁观音,0.0914,0.5457,0.0963,0.0,0.0625,1.0,0.0,0.2883,0.7,0.7042,1,0.4759
S018,U018,R022,抹茶椰青美式,-0.4421,0.2789,0.0944,0.0,0.0625,0.4,0.0,0.1377,1.0,0.9343,0,0.0
S018,U018,R023,草莓抹茶椰,-0.2753,0.3624,0.0942,0.0,0.0625,0.4,0.0,0.1376,0.7,0.6416,0,0.0
S018,U018,R024,柠檬草薄荷气泡水,-0.4751,0.2624,0.0177,0.0,0.0,0.4,0.0,0.1053,0.7,0.8628,0,0.0
S018,U018,R025,蝶豆花柠檬气泡水,-0.4766,0.2617,0.0169,0.0,0.0,0.4,0.0,0.1051,0.3,0.7802,0,0.0
S018,U018,R026,泰式奶红,-0.0707,0.4646,0.0901,0.0,0.0625,1.0,0.0,0.2864,1.0,0.8984,1,0.4864
S018,U018,R027,泰式奶绿,-0.0974,0.4513,0.0886,0.0,0.0625,1.0,0.0,0.286,1.0,0.7075,1,0.472
S018,U018,R028,冰橙伯爵鸳鸯茶,-0.6445,0.1777,0.0912,0.0,0.0625,0.4,0.0,0.1367,1.0,0.7158,0,0.0
S018,U018,R029,伯爵红茶奶茶,-0.3839,0.308,0.0879,0.0,0.0625,1.0,0.0,0.2858,1.0,0.5205,0,0.3624
S018,U018,R030,焙茶豆乳,-0.0183,0.4909,0.0923,0.0,0.0625,1.0,0.0,0.2871,1.0,0.672,1,0.4846
S018,U018,R031,抹茶豆乳,-0.3297,0.3352,0.1009,0.0,0.0625,0.4,0.0,0.1397,1.0,0.6298,0,0.0
S018,U018,R032,抹茶拿铁,-0.6439,0.1781,0.0923,0.0,0.0625,0.4,0.0,0.1371,1.0,0.8629,0,0.0
S018,U018,R033,燕麦奶抹茶拿铁,-0.3665,0.3168,0.1,0.0,0.0625,0.4,0.0,0.1394,1.0,0.649,0,0.0
S018,U018,R034,椰奶抹茶拿铁,-0.6396,0.1802,0.0923,0.0,0.0625,0.4,0.0,0.1371,1.0,0.5709,0,0.0
S018,U018,R035,杏仁奶抹茶拿铁,-0.6483,0.1758,0.1,0.0,0.0625,0.4,0.0,0.1394,1.0,0.5064,0,0.0
S018,U018,R036,港式鸳鸯,-0.6543,0.1729,0.0728,0.0,0.0556,0.4,0.0,0.1302,1.0,0.7795,0,0.0
S018,U018,R037,拿铁,-0.6427,0.1786,0.08,0.0,0.0625,0.4,0.0,0.1334,1.0,0.8538,0,0.0
S018,U018,R038,燕麦奶拿铁,-0.3872,0.3064,0.0789,0.0,0.0625,0.4,0.0,0.1331,1.0,0.5164,0,0.0
S018,U018,R039,椰奶拿铁,-0.6429,0.1785,0.0784,0.0,0.0625,0.4,0.0,0.1329,1.0,0.5146,0,0.0
S018,U018,R040,杏仁奶拿铁,-0.6457,0.1771,0.0789,0.0,0.0625,0.4,0.0,0.1331,1.0,0.907,0,0.0
S018,U018,R041,拿铁（低咖啡因）,-0.656,0.172,0.0423,0.0,0.0,0.4,0.0,0.1127,1.0,0.6333,0,0.0
S018,U018,R042,燕麦奶拿铁（低咖啡因）,-0.6424,0.1788,0.0423,0.0,0.0,0.4,0.0,0.1127,1.0,0.8564,0,0.0
S018,U018,R043,椰奶拿铁（低咖啡因）,-0.6581,0.1709,0.04,0.0,0.0,0.4,0.0,0.112,1.0,0.7964,0,0.0
S018,U018,R044,杏仁奶拿铁（低咖啡因）,-0.6495,0.1752,0.0423,0.0,0.0,0.4,0.0,0.1127,1.0,0.842,0,0.0
S018,U018,R045,卡布奇诺,-0.6521,0.1739,0.077,0.0,0.0625,0.4,0.0,0.1325,1.0,0.6596,0,0.0
S018,U018,R046,卡布奇诺（低咖啡因）,-0.6581,0.171,0.0379,0.0,0.0,0.4,0.0,0.1114,1.0,0.8361,0,0.0
S018,U018,R047,西班牙拿铁,-0.6528,0.1736,0.0659,0.0,0.0556,0.4,0.0,0.1281,1.0,0.6019,0,0.0
S018,U018,R048,西班牙拿铁（低咖啡因）,-0.6585,0.1707,0.0344,0.0,0.0,0.4,0.0,0.1103,1.0,0.8089,0,0.0
S018,U018,R049,摩卡,-0.6497,0.1751,0.0641,0.0,0.05,0.4,0.0,0.1267,1.0,0.9766,0,0.0
S018,U018,R050,燕麦奶摩卡,-0.6375,0.1812,0.0629,0.0,0.05,0.4,0.0,0.1264,1.0,0.5857,0,0.0
S018,U018,R051,椰奶摩卡,-0.6564,0.1718,0.0712,0.0,0.0556,0.4,0.0,0.1297,1.0,0.675,0,0.0
S018,U018,R052,杏仁奶摩卡,-0.6538,0.1731,0.0708,0.0,0.0556,0.4,0.0,0.1296,1.0,0.9242,0,0.0
S018,U018,R053,摩卡（低咖啡因）,-0.6554,0.1723,0.0367,0.0,0.0,0.4,0.0,0.111,1.0,0.9638,0,0.0
S018,U018,R054,燕麦奶摩卡（低咖啡因）,-0.65,0.175,0.0361,0.0,0.0,0.4,0.0,0.1108,1.0,0.5754,0,0.0
S018,U018,R055,椰奶摩卡（低咖啡因）,-0.6623,0.1688,0.0355,0.0,0.0,0.4,0.0,0.1106,1.0,0.6179,0,0.0
S018,U018,R056,杏仁奶摩卡（低咖啡因）,-0.6499,0.1751,0.0361,0.0,0.0,0.4,0.0,0.1108,1.0,0.839,0,0.0
S018,U018,R057,dirty,-0.6562,0.1719,0.0716,0.0,0.0556,0.4,0.0,0.1298,0.7,0.6022,0,0.0
S018,U018,R058,燕麦奶dirty,-0.6252,0.1874,0.0708,0.0,0.0556,0.4,0.0,0.1296,0.7,0.7592,0,0.0
S018,U018,R059,椰奶dirty,-0.6506,0.1747,0.0708,0.0,0.0556,0.4,0.0,0.1296,0.7,0.6861,0,0.0
S018,U018,R060,杏仁奶dirty,-0.6491,0.1754,0.0708,0.0,0.0556,0.4,0.0,0.1296,0.7,0.5985,0,0.0
S018,U018,R061,dirty（低咖啡因）,-0.6512,0.1744,0.0367,0.0,0.0,0.4,0.0,0.111,0.7,0.9246,0,0.0
S018,U018,R062,燕麦奶dirty（低咖啡因）,-0.6483,0.1759,0.0367,0.0,0.0,0.4,0.0,0.111,0.7,0.9557,0,0.0
S018,U018,R063,椰奶dirty（低咖啡因）,-0.6512,0.1744,0.0355,0.0,0.0,0.4,0.0,0.1106,0.7,0.816,0,0.0
S018,U018,R064,杏仁奶dirty（低咖啡因）,-0.6498,0.1751,0.0367,0.0,0.0,0.4,0.0,0.111,0.7,0.72,0,0.0
S018,U018,R065,热可可,-0.5972,0.2014,0.0117,0.0,0.0,1.0,0.0,0.2535,1.0,0.5347,0,0.3113
S018,U018,R066,燕麦奶热可可,-0.4978,0.2511,0.0216,0.0,0.0,1.0,0.0,0.2565,1.0,0.5317,0,0.3299
S018,U018,R067,杏仁奶热可可,-0.5292,0.2354,0.0216,0.0,0.0,1.0,0.0,0.2565,1.0,0.5274,0,0.3242
S018,U018,R068,玫瑰椰椰烤奶,-0.3389,0.3306,0.0344,0.0,0.0,1.0,0.0,0.2603,1.0,0.7321,0,0.3694
S018,U018,R069,玫瑰菊花茶,-0.3236,0.3382,0.0726,0.0,0.0,1.0,0.0,0.2718,1.0,0.575,0,0.3694
S018,U018,R070,玫瑰陈皮茶,-0.7011,0.1494,0.0712,0.0,0.0,1.0,0.0,0.2714,1.0,0.816,0,0.3152
S018,U018,R071,金银花菊花茶,-0.2505,0.3748,0.0742,0.0,0.0,1.0,0.0,0.2722,1.0,0.9138,0,0.3993
S018,U018,R072,菊花柠檬茶,-0.2558,0.3721,0.0645,0.0,0.0,1.0,0.0,0.2694,1.0,0.5361,0,0.3783
S018,U018,R073,薰衣草柠檬茶,-0.2675,0.3662,0.0641,0.0,0.0,1.0,0.0,0.2692,1.0,0.6949,0,0.3841
S018,U018,R074,百花茶,-0.5133,0.2433,0.0705,0.0,0.0,1.0,0.0,0.2712,1.0,0.8039,0,0.3474
S018,U018,R075,洛神花玫瑰茶,-0.5365,0.2318,0.0595,0.0,0.0,1.0,0.0,0.2678,1.0,0.8048,0,0.3419
S018,U018,R076,洛神花苹果茶,-0.7239,0.138,0.0587,0.0,0.0,1.0,0.0,0.2676,1.0,0.7149,0,0.3045
S018,U018,R077,金银花荷叶茶,-0.4856,0.2572,0.0675,0.0,0.0,1.0,0.0,0.2702,1.0,0.5891,0,0.3411
S018,U018,R078,百合玫瑰茶,-0.2497,0.3751,0.075,0.0,0.0,1.0,0.0,0.2725,1.0,0.7231,0,0.3901
S018,U018,R079,陈皮苹果茶,-0.8016,0.0992,0.0699,0.0,0.0,1.0,0.0,0.271,1.0,0.9261,0,0.303
S019,U019,R001,薄荷柠檬气泡茶,-0.7388,0.1306,0.0077,0.1111,0.0,1.0,0.0,0.2745,0.7,0.6734,0,0.2729
S019,U019,R002,蜂蜜柠檬茶,-0.3031,0.3485,0.0824,0.4,0.0,1.0,0.0,0.3547,0.7,0.5,0,0.3766
S019,U019,R003,葡萄柠檬茉莉花茶,-0.6226,0.1887,0.0774,0.2857,0.0,1.0,0.0,0.3303,0.7,0.9246,0,0.3309
S019,U019,R004,青柠桂花蜜乌龙,-0.5785,0.2108,0.0769,0.3333,0.0,1.0,0.0,0.3397,0.7,0.9095,0,0.3421
S019,U019,R005,百香果乳酸绿茶,-0.5742,0.2129,0.1056,0.2857,0.0556,1.0,0.0,0.3471,0.7,0.6596,0,0.3337
S019,U019,R006,百香果美式,-0.7226,0.1387,0.0805,0.1111,0.0,1.0,0.0,0.2964,0.7,0.9975,0,0.3018
S019,U019,R007,百香果美式（低咖啡因）,-0.2857,0.3572,0.1162,0.1111,0.05,1.0,0.0,0.3146,0.7,0.6981,0,0.3715
S019,U019,R008,杨枝甘露,0.079,0.5395,0.1978,0.25,0.0625,1.0,0.0,0.3687,0.3,0.5356,1,0.4615
S019,U019,R009,鲜橙绿茶,-0.7237,0.1381,0.0764,0.2857,0.0,1.0,0.0,0.3301,0.7,0.7983,0,0.3068
S019,U019,R010,橙C美式,-0.7095,0.1453,0.0849,0.2222,0.0,1.0,0.0,0.3199,0.7,0.6718,0,0.2984
S019,U019,R011,橙C美式（低咖啡因）,-0.1602,0.4199,0.1244,0.2222,0.0556,1.0,0.0,0.3401,0.7,0.8494,0,0.4125
S019,U019,R012,鲜橙养乐多,0.097,0.5485,0.1923,0.2857,0.0625,1.0,0.0,0.3742,0.7,0.5953,1,0.5101
S019,U019,R013,草莓奶昔,0.2419,0.6209,0.1937,0.25,0.0625,1.0,0.0,0.3675,0.7,0.7775,1,0.5416
S019,U019,R014,蓝莓奶昔,0.3052,0.6526,0.1944,0.25,0.0625,1.0,0.0,0.3677,0.7,0.6793,1,0.5478
S019,U019,R015,桃桃乌龙,-0.3278,0.3361,0.0865,0.4,0.0,1.0,0.0,0.356,0.7,0.5266,0,0.3742
S019,U019,R016,芒果奶昔,0.239,0.6195,0.2016,0.25,0.0625,1.0,0.0,0.3698,0.7,0.7616,1,0.5413
S019,U019,R017,柠迭莓萝气泡水,-0.5527,0.2236,0.0214,0.2222,0.0,1.0,0.0,0.3009,0.3,0.8305,0,0.2852
S019,U019,R018,茉莉苹果奶绿,-0.6252,0.1874,0.0801,0.2857,0.0,1.0,0.0,0.3312,0.7,0.7002,0,0.3196
S019,U019,R019,荔枝白茶,-0.4338,0.2831,0.0865,0.4,0.0,1.0,0.0,0.356,0.7,0.6169,0,0.3601
S019,U019,R020,超级吨吨桶,-0.7418,0.1291,0.1513,0.2222,0.0556,1.0,0.0,0.3482,0.3,0.5256,0,0.2581
S019,U019,R021,芝士奶盖铁观音,-0.5991,0.2005,0.08,0.1667,0.0,1.0,0.0,0.3073,0.7,0.5452,0,0.3057
S019,U019,R022,抹茶椰青美式,-0.6535,0.1733,0.0766,0.125,0.0,1.0,0.0,0.298,1.0,0.9514,0,0.3423
S019,U019,R023,草莓抹茶椰,-0.5398,0.2301,0.0879,0.3333,0.0,1.0,0.0,0.343,0.7,0.7588,0,0.3428
S019,U019,R024,柠檬草薄荷气泡水,-0.5835,0.2082,0.0089,0.1111,0.0,1.0,0.0,0.2749,0.7,0.5192,0,0.2926
S019,U019,R025,蝶豆花柠檬气泡水,-0.5876,0.2062,0.0169,0.1,0.0,1.0,0.0,0.2751,0.3,0.8348,0,0.2677
S019,U019,R026,泰式奶红,-0.6589,0.1705,0.0838,0.1667,0.0,1.0,0.0,0.3085,1.0,0.8528,0,0.3412
S019,U019,R027,泰式奶绿,-0.6871,0.1564,0.0743,0.1667,0.0,1.0,0.0,0.3056,1.0,0.7743,0,0.331
S019,U019,R028,冰橙伯爵鸳鸯茶,-0.7279,0.136,0.0849,0.1667,0.0,1.0,0.0,0.3088,1.0,0.7687,0,0.325
S019,U019,R029,伯爵红茶奶茶,-0.7383,0.1308,0.0879,0.2,0.0,1.0,0.0,0.3164,1.0,0.7644,0,0.3264
S019,U019,R030,焙茶豆乳,-0.5851,0.2074,0.0817,0.2,0.0,1.0,0.0,0.3145,1.0,0.6426,0,0.3463
S019,U019,R031,抹茶豆乳,-0.6357,0.1822,0.0806,0.2,0.0,1.0,0.0,0.3142,1.0,0.7582,0,0.3431
S019,U019,R032,抹茶拿铁,-0.7298,0.1351,0.0817,0.2,0.0,1.0,0.0,0.3145,1.0,0.7218,0,0.3249
S019,U019,R033,燕麦奶抹茶拿铁,-0.65,0.175,0.08,0.2,0.0,1.0,0.0,0.314,1.0,0.8091,0,0.343
S019,U019,R034,椰奶抹茶拿铁,-0.725,0.1375,0.0923,0.3333,0.0,1.0,0.0,0.3444,1.0,0.7018,0,0.3382
S019,U019,R035,杏仁奶抹茶拿铁,-0.7279,0.1361,0.08,0.2,0.0,1.0,0.0,0.314,1.0,0.9701,0,0.3374
S019,U019,R036,港式鸳鸯,-0.7334,0.1333,0.1626,0.1429,0.0556,1.0,0.0,0.3357,1.0,0.7267,0,0.3341
S019,U019,R037,拿铁,-0.7342,0.1329,0.08,0.1667,0.0,1.0,0.0,0.3073,1.0,0.8947,0,0.3295
S019,U019,R038,燕麦奶拿铁,-0.6824,0.1588,0.0789,0.1667,0.0,1.0,0.0,0.307,1.0,0.9256,0,0.34
S019,U019,R039,椰奶拿铁,-0.7309,0.1346,0.0879,0.2857,0.0,1.0,0.0,0.3335,1.0,0.7958,0,0.337
S019,U019,R040,杏仁奶拿铁,-0.7272,0.1364,0.0789,0.1667,0.0,1.0,0.0,0.307,1.0,0.806,0,0.3262
S019,U019,R041,拿铁（低咖啡因）,-0.74,0.13,0.1317,0.125,0.0625,1.0,0.0,0.3239,1.0,0.9122,0,0.3369
S019,U019,R042,燕麦奶拿铁（低咖啡因）,-0.7336,0.1332,0.1317,0.125,0.0625,1.0,0.0,0.3239,1.0,0.9257,0,0.3387
S019,U019,R043,椰奶拿铁（低咖啡因）,-0.7314,0.1343,0.14,0.2222,0.0625,1.0,0.0,0.3458,1.0,0.6111,0,0.3332
S019,U019,R044,杏仁奶拿铁（低咖啡因）,-0.7276,0.1362,0.1317,0.125,0.0625,1.0,0.0,0.3239,1.0,0.7417,0,0.3305
S019,U019,R045,卡布奇诺,-0.7319,0.134,0.077,0.1429,0.0,1.0,0.0,0.3017,1.0,0.8427,0,0.3248
S019,U019,R046,卡布奇诺（低咖啡因）,-0.7271,0.1364,0.1284,0.1111,0.0625,1.0,0.0,0.3201,1.0,0.9949,0,0.3415
S019,U019,R047,西班牙拿铁,-0.7332,0.1334,0.1561,0.1429,0.0556,1.0,0.0,0.3337,1.0,0.7424,0,0.334
S019,U019,R048,西班牙拿铁（低咖啡因）,-0.7318,0.1341,0.1844,0.1111,0.0625,1.0,0.0,0.3369,1.0,0.8033,0,0.3387
S019,U019,R049,摩卡,-0.7385,0.1307,0.148,0.1667,0.05,1.0,0.0,0.3352,1.0,0.8858,0,0.3409
S019,U019,R050,燕麦奶摩卡,-0.7283,0.1359,0.1463,0.1667,0.05,1.0,0.0,0.3347,1.0,0.8755,0,0.3419
S019,U019,R051,椰奶摩卡,-0.7343,0.1329,0.0799,0.2857,0.0,1.0,0.0,0.3311,1.0,0.8757,0,0.3393
S019,U019,R052,杏仁奶摩卡,-0.7334,0.1333,0.0708,0.1667,0.0,1.0,0.0,0.3046,1.0,0.7129,0,0.3194
S019,U019,R053,摩卡（低咖啡因）,-0.7418,0.1291,0.1867,0.125,0.0625,1.0,0.0,0.3404,1.0,0.9049,0,0.3436
S019,U019,R054,燕麦奶摩卡（低咖啡因）,-0.7373,0.1314,0.1861,0.125,0.0625,1.0,0.0,0.3402,1.0,0.8124,0,0.3397
S019,U019,R055,椰奶摩卡（低咖啡因）,-0.7338,0.1331,0.1944,0.2222,0.0625,1.0,0.0,0.3621,1.0,0.5438,0,0.3367
S019,U019,R056,杏仁奶摩卡（低咖啡因）,-0.7355,0.1323,0.1861,0.125,0.0625,1.0,0.0,0.3402,1.0,0.896,0,0.3442
S019,U019,R057,dirty,-0.7355,0.1322,0.0716,0.1429,0.0,1.0,0.0,0.3001,0.7,0.9195,0,0.2973
S019,U019,R058,燕麦奶dirty,-0.7291,0.1354,0.0708,0.1429,0.0,1.0,0.0,0.2998,0.7,0.6926,0,0.2869
S019,U019,R059,椰奶dirty,-0.7326,0.1337,0.0794,0.25,0.0,1.0,0.0,0.3238,0.7,0.8219,0,0.3036
S019,U019,R060,杏仁奶dirty,-0.732,0.134,0.0708,0.1429,0.0,1.0,0.0,0.2998,0.7,0.6452,0,0.2841
S019,U019,R061,dirty（低咖啡因）,-0.7356,0.1322,0.1867,0.1111,0.0625,1.0,0.0,0.3376,0.7,0.9478,0,0.3156
S019,U019,R062,燕麦奶dirty（低咖啡因）,-0.7316,0.1342,0.1867,0.1111,0.0625,1.0,0.0,0.3376,0.7,0.7136,0,0.3046
S019,U019,R063,椰奶dirty（低咖啡因）,-0.7299,0.1351,0.1944,0.2,0.0625,1.0,0.0,0.3577,0.7,0.5138,0,0.3039
S019,U019,R064,杏仁奶dirty（低咖啡因）,-0.7342,0.1329,0.1867,0.1111,0.0625,1.0,0.0,0.3376,0.7,0.7856,0,0.3077
S019,U019,R065,热可可,-0.595,0.2025,0.1818,0.2,0.0625,1.0,0.0,0.3539,1.0,0.753,0,0.3678
S019,U019,R066,燕麦奶热可可,-0.4598,0.2701,0.1781,0.2,0.0625,1.0,0.0,0.3528,1.0,0.7568,0,0.3911
S019,U019,R067,杏仁奶热可可,-0.4658,0.2671,0.1781,0.2,0.0625,1.0,0.0,0.3528,1.0,0.6019,0,0.3823
S019,U019,R068,玫瑰椰椰烤奶,-0.5918,0.2041,0.1344,0.25,0.0625,1.0,0.0,0.3497,1.0,0.5941,0,0.3585
S019,U019,R069,玫瑰菊花茶,-0.4251,0.2874,0.0726,0.0,0.0,1.0,0.0,0.2718,1.0,0.6443,0,0.3551
S019,U019,R070,玫瑰陈皮茶,-0.5833,0.2084,0.0824,0.1667,0.0,1.0,0.0,0.3081,1.0,0.602,0,0.3417
S019,U019,R071,金银花菊花茶,-0.409,0.2955,0.0497,0.0,0.0,1.0,0.0,0.2649,1.0,0.6798,0,0.3566
S019,U019,R072,菊花柠檬茶,-0.5013,0.2493,0.0736,0.1429,0.0,1.0,0.0,0.3006,1.0,0.5127,0,0.3482
S019,U019,R073,薰衣草柠檬茶,-0.5188,0.2406,0.073,0.125,0.0,1.0,0.0,0.2969,1.0,0.9518,0,0.3654
S019,U019,R074,百花茶,-0.5541,0.2229,0.0705,0.0,0.0,1.0,0.0,0.2712,1.0,0.6869,0,0.3344
S019,U019,R075,洛神花玫瑰茶,-0.5449,0.2275,0.0705,0.0,0.0,1.0,0.0,0.2712,1.0,0.7477,0,0.3391
S019,U019,R076,洛神花苹果茶,-0.7264,0.1368,0.0798,0.1667,0.0,1.0,0.0,0.3073,1.0,0.6545,0,0.3189
S019,U019,R077,金银花荷叶茶,-0.5839,0.2081,0.0475,0.0,0.0,1.0,0.0,0.2642,1.0,0.9864,0,0.341
S019,U019,R078,百合玫瑰茶,-0.3951,0.3024,0.075,0.0,0.0,1.0,0.0,0.2725,1.0,0.5774,0,0.3574
S019,U019,R079,陈皮苹果茶,-0.6856,0.1572,0.0699,0.1667,0.0,1.0,0.0,0.3043,1.0,0.64,0,0.324
S020,U020,R001,薄荷柠檬气泡茶,-0.8273,0.0863,0.1745,0.0,0.5556,1.0,0.0,0.3857,0.7,0.8345,0,0.3155
S020,U020,R002,蜂蜜柠檬茶,-0.4584,0.2708,0.1529,0.0,0.3125,1.0,0.0,0.3428,0.7,0.5708,0,0.3476
S020,U020,R003,葡萄柠檬茉莉花茶,-0.3027,0.3486,0.1916,0.0,0.5625,1.0,0.0,0.3919,0.7,0.5708,0,0.3969
S020,U020,R004,青柠桂花蜜乌龙,-0.3403,0.3298,0.1908,0.0,0.5625,1.0,0.0,0.3916,0.7,0.9492,0,0.4091
S020,U020,R005,百香果乳酸绿茶,-0.7299,0.135,0.1583,0.0,0.5556,1.0,0.0,0.3808,0.7,0.7943,0,0.3283
S020,U020,R006,百香果美式,-0.8163,0.0919,0.1521,0.0,0.5625,1.0,0.0,0.38,0.7,0.8333,0,0.3148
S020,U020,R007,百香果美式（低咖啡因）,-0.501,0.2495,0.0925,0.0,0.55,1.0,0.0,0.3602,0.7,0.6339,0,0.3511
S020,U020,R008,杨枝甘露,-0.1166,0.4417,0.1978,0.0,0.5625,1.0,0.0,0.3937,0.3,0.614,0,0.3925
S020,U020,R009,鲜橙绿茶,-0.6911,0.1545,0.176,0.0,0.5625,1.0,0.0,0.3872,0.7,0.5721,0,0.3269
S020,U020,R010,橙C美式,-0.8017,0.0991,0.1698,0.0,0.5625,1.0,0.0,0.3853,0.7,0.79,0,0.3176
S020,U020,R011,橙C美式（低咖啡因）,-0.3804,0.3098,0.1052,0.0,0.5556,1.0,0.0,0.3649,0.7,0.8825,0,0.3868
S020,U020,R012,鲜橙养乐多,-0.1696,0.4152,0.1473,0.0,0.5625,1.0,0.0,0.3786,0.7,0.6803,0,0.4197
S020,U020,R013,草莓奶昔,0.0519,0.5259,0.2111,0.0,0.5625,1.0,0.0,0.3977,0.7,0.7612,1,0.5211
S020,U020,R014,蓝莓奶昔,0.1102,0.5551,0.2121,0.0,0.5625,1.0,0.0,0.398,0.7,0.7817,1,0.5325
S020,U020,R015,桃桃乌龙,-0.0159,0.4921,0.2076,0.0,0.5625,1.0,0.0,0.3967,0.7,0.7329,1,0.5074
S020,U020,R016,芒果奶昔,0.0529,0.5265,0.2102,0.0,0.5625,1.0,0.0,0.3974,0.7,0.9563,1,0.5309
S020,U020,R017,柠迭莓萝气泡水,-0.6102,0.1949,0.185,0.0,0.5625,1.0,0.0,0.3899,0.3,0.7817,0,0.3127
S020,U020,R018,茉莉苹果奶绿,-0.4175,0.2912,0.1577,0.0,0.5625,1.0,0.0,0.3817,0.7,0.6662,0,0.377
S020,U020,R019,荔枝白茶,-0.1086,0.4457,0.2076,0.0,0.5625,1.0,0.0,0.3967,0.7,0.91,1,0.5
S020,U020,R020,超级吨吨桶,-0.8278,0.0861,0.1268,0.0,0.5556,1.0,0.0,0.3714,0.3,0.7653,0,0.2655
S020,U020,R021,芝士奶盖铁观音,-0.482,0.259,0.1625,0.0,0.5625,1.0,0.0,0.3831,0.7,0.7721,0,0.3716
S020,U020,R022,抹茶椰青美式,-0.7132,0.1434,0.171,0.0,0.5625,1.0,0.0,0.3857,1.0,0.8214,0,0.3648
S020,U020,R023,草莓抹茶椰,-0.5327,0.2337,0.1504,0.0,0.5625,1.0,0.0,0.3795,0.7,0.7989,0,0.3625
S020,U020,R024,柠檬草薄荷气泡水,-0.7301,0.1349,0.1937,0.0,0.5625,1.0,0.0,0.3925,0.7,0.7625,0,0.332
S020,U020,R025,蝶豆花柠檬气泡水,-0.7241,0.138,0.1904,0.0,0.5625,1.0,0.0,0.3915,0.3,0.7701,0,0.293
S020,U020,R026,泰式奶红,-0.7785,0.1108,0.0986,0.0,0.5,1.0,0.0,0.3546,1.0,0.6744,0,0.3321
S020,U020,R027,泰式奶绿,-0.7884,0.1058,0.1048,0.0,0.5,1.0,0.0,0.3564,1.0,0.9807,0,0.3464
S020,U020,R028,冰橙伯爵鸳鸯茶,-0.8139,0.0931,0.1086,0.0,0.5,1.0,0.0,0.3576,1.0,0.7937,0,0.3332
S020,U020,R029,伯爵红茶奶茶,-0.8639,0.068,0.0784,0.0,0.25,1.0,0.0,0.311,1.0,0.984,0,0.313
S020,U020,R030,焙茶豆乳,-0.6995,0.1502,0.0923,0.0,0.25,1.0,0.0,0.3152,1.0,0.8011,0,0.3345
S020,U020,R031,抹茶豆乳,-0.7436,0.1282,0.0907,0.0,0.25,1.0,0.0,0.3147,1.0,0.5778,0,0.3154
S020,U020,R032,抹茶拿铁,-0.8212,0.0894,0.0712,0.0,0.25,1.0,0.0,0.3088,1.0,0.6108,0,0.3008
S020,U020,R033,燕麦奶抹茶拿铁,-0.7576,0.1212,0.09,0.0,0.25,1.0,0.0,0.3145,1.0,0.9747,0,0.3327
S020,U020,R034,椰奶抹茶拿铁,-0.8214,0.0893,0.0712,0.0,0.25,1.0,0.0,0.3088,1.0,0.66,0,0.3032
S020,U020,R035,杏仁奶抹茶拿铁,-0.8115,0.0943,0.09,0.0,0.25,1.0,0.0,0.3145,1.0,0.6384,0,0.3064
S020,U020,R036,港式鸳鸯,-0.8223,0.0888,0.0648,0.0,0.25,1.0,0.0,0.3069,1.0,0.8303,0,0.3107
S020,U020,R037,拿铁,-0.8222,0.0889,0.08,0.0,0.25,1.0,0.0,0.3115,1.0,0.6509,0,0.3038
S020,U020,R038,燕麦奶拿铁,-0.7738,0.1131,0.0886,0.0,0.25,1.0,0.0,0.3141,1.0,0.9732,0,0.3296
S020,U020,R039,椰奶拿铁,-0.8153,0.0923,0.0784,0.0,0.25,1.0,0.0,0.311,1.0,0.5696,0,0.3008
S020,U020,R040,杏仁奶拿铁,-0.8079,0.0961,0.0886,0.0,0.25,1.0,0.0,0.3141,1.0,0.6999,0,0.31
S020,U020,R041,拿铁（低咖啡因）,-0.8238,0.0881,0.0317,0.0,0.25,1.0,0.0,0.297,1.0,0.7838,0,0.3037
S020,U020,R042,燕麦奶拿铁（低咖啡因）,-0.821,0.0895,0.0317,0.0,0.25,1.0,0.0,0.297,1.0,0.897,0,0.3098
S020,U020,R043,椰奶拿铁（低咖啡因）,-0.8189,0.0906,0.03,0.0,0.25,1.0,0.0,0.2965,1.0,0.689,0,0.2996
S020,U020,R044,杏仁奶拿铁（低咖啡因）,-0.8164,0.0918,0.0317,0.0,0.25,1.0,0.0,0.297,1.0,0.5603,0,0.2938
S020,U020,R045,卡布奇诺,-0.8166,0.0917,0.077,0.0,0.25,1.0,0.0,0.3106,1.0,0.719,0,0.3078
S020,U020,R046,卡布奇诺（低咖啡因）,-0.8149,0.0925,0.0284,0.0,0.25,1.0,0.0,0.296,1.0,0.732,0,0.3022
S020,U020,R047,西班牙拿铁,-0.8207,0.0896,0.0659,0.0,0.25,1.0,0.0,0.3073,1.0,0.5961,0,0.2995
S020,U020,R048,西班牙拿铁（低咖啡因）,-0.8189,0.0905,0.0258,0.0,0.25,1.0,0.0,0.2952,1.0,0.8471,0,0.3069
S020,U020,R049,摩卡,-0.8217,0.0891,0.0641,0.0,0.25,1.0,0.0,0.3067,1.0,0.6558,0,0.302
S020,U020,R050,燕麦奶摩卡,-0.8093,0.0953,0.0713,0.0,0.25,1.0,0.0,0.3089,1.0,0.6343,0,0.3041
S020,U020,R051,椰奶摩卡,-0.814,0.093,0.0712,0.0,0.25,1.0,0.0,0.3089,1.0,0.6459,0,0.3038
S020,U020,R052,杏仁奶摩卡,-0.8117,0.0942,0.0794,0.0,0.25,1.0,0.0,0.3113,1.0,0.7346,0,0.3098
S020,U020,R053,摩卡（低咖啡因）,-0.8233,0.0884,0.0275,0.0,0.25,1.0,0.0,0.2958,1.0,0.9482,0,0.3114
S020,U020,R054,燕麦奶摩卡（低咖啡因）,-0.8221,0.089,0.027,0.0,0.25,1.0,0.0,0.2956,1.0,0.7324,0,0.3008
S020,U020,R055,椰奶摩卡（低咖啡因）,-0.8153,0.0923,0.0266,0.0,0.25,1.0,0.0,0.2955,1.0,0.9748,0,0.314
S020,U020,R056,杏仁奶摩卡（低咖啡因）,-0.8194,0.0903,0.027,0.0,0.25,1.0,0.0,0.2956,1.0,0.5491,0,0.2921
S020,U020,R057,dirty,-0.8219,0.0891,0.0716,0.0,0.25,1.0,0.0,0.309,0.7,0.9509,0,0.2878
S020,U020,R058,燕麦奶dirty,-0.8154,0.0923,0.0794,0.0,0.25,1.0,0.0,0.3113,0.7,0.779,0,0.2813
S020,U020,R059,椰奶dirty,-0.818,0.091,0.0708,0.0,0.25,1.0,0.0,0.3087,0.7,0.6973,0,0.2756
S020,U020,R060,杏仁奶dirty,-0.8131,0.0934,0.0794,0.0,0.25,1.0,0.0,0.3113,0.7,0.6862,0,0.2771
S020,U020,R061,dirty（低咖啡因）,-0.8225,0.0888,0.0275,0.0,0.25,1.0,0.0,0.2958,0.7,0.6351,0,0.2659
S020,U020,R062,燕麦奶dirty（低咖啡因）,-0.8196,0.0902,0.0275,0.0,0.25,1.0,0.0,0.2958,0.7,0.7085,0,0.2701
S020,U020,R063,椰奶dirty（低咖啡因）,-0.8162,0.0919,0.0266,0.0,0.25,1.0,0.0,0.2955,0.7,0.5293,0,0.2616
S020,U020,R064,杏仁奶dirty（低咖啡因）,-0.8194,0.0903,0.0275,0.0,0.25,1.0,0.0,0.2958,0.7,0.6024,0,0.2648
S020,U020,R065,热可可,-0.703,0.1485,0.0567,0.0,0.0,1.0,0.0,0.267,1.0,0.869,0,0.3156
S020,U020,R066,燕麦奶热可可,-0.5697,0.2152,0.0774,0.0,0.0,1.0,0.0,0.2732,1.0,0.6333,0,0.3299
S020,U020,R067,杏仁奶热可可,-0.5783,0.2109,0.0774,0.0,0.0,1.0,0.0,0.2732,1.0,0.5022,0,0.3219
S020,U020,R068,玫瑰椰椰烤奶,-0.7012,0.1494,0.0734,0.0,0.0,1.0,0.0,0.272,1.0,0.6233,0,0.3059
S020,U020,R069,玫瑰菊花茶,-0.5061,0.247,0.1452,0.0,0.0,1.0,0.0,0.2936,1.0,0.8858,0,0.3628
S020,U020,R070,玫瑰陈皮茶,-0.6345,0.1827,0.1423,0.0,0.0,1.0,0.0,0.2927,1.0,0.7562,0,0.3335
S020,U020,R071,金银花菊花茶,-0.4895,0.2552,0.1483,0.0,0.0,1.0,0.0,0.2945,1.0,0.8985,0,0.3668
S020,U020,R072,菊花柠檬茶,-0.6199,0.19,0.1666,0.0,0.0556,1.0,0.0,0.3083,1.0,0.838,0,0.3471
S020,U020,R073,薰衣草柠檬茶,-0.6408,0.1796,0.1657,0.0,0.0556,1.0,0.0,0.3081,1.0,0.932,0,0.3481
S020,U020,R074,百花茶,-0.6024,0.1988,0.141,0.0,0.0,1.0,0.0,0.2923,1.0,0.8087,0,0.3415
S020,U020,R075,洛神花玫瑰茶,-0.6728,0.1636,0.141,0.0,0.0,1.0,0.0,0.2923,1.0,0.8724,0,0.3324
S020,U020,R076,洛神花苹果茶,-0.8184,0.0908,0.1385,0.0,0.0,1.0,0.0,0.2915,1.0,0.8825,0,0.3071
S020,U020,R077,金银花荷叶茶,-0.6932,0.1534,0.145,0.0,0.0,1.0,0.0,0.2935,1.0,0.8312,0,0.3273
S020,U020,R078,百合玫瑰茶,-0.476,0.262,0.1375,0.0,0.0,1.0,0.0,0.2913,1.0,0.6802,0,0.3568
S020,U020,R079,陈皮苹果茶,-0.762,0.119,0.1397,0.0,0.0,1.0,0.0,0.2919,1.0,0.9992,0,0.323
S021,U021,R001,薄荷柠檬气泡茶,-0.8198,0.0901,0.0685,0.0,0.0,1.0,0.0,0.2705,0.7,0.8845,0,0.2675
S021,U021,R002,蜂蜜柠檬茶,-0.6923,0.1538,0.1485,0.0,0.0,1.0,0.0,0.2946,0.7,0.5911,0,0.286
S021,U021,R003,葡萄柠檬茉莉花茶,-0.6127,0.1937,0.1304,0.0,0.0,1.0,0.0,0.2891,0.7,0.687,0,0.3022
S021,U021,R004,青柠桂花蜜乌龙,-0.6695,0.1653,0.1299,0.0,0.0,1.0,0.0,0.289,0.7,0.9927,0,0.3075
S021,U021,R005,百香果乳酸绿茶,-0.7511,0.1245,0.1056,0.0,0.0,1.0,0.0,0.2817,0.7,0.9501,0,0.2878
S021,U021,R006,百香果美式,-0.8117,0.0941,0.1166,0.0,0.0,1.0,0.0,0.285,0.7,0.955,0,0.2789
S021,U021,R007,百香果美式（低咖啡因）,-0.5203,0.2398,0.2066,0.0,0.1,1.0,0.0,0.327,0.7,0.8487,0,0.3435
S021,U021,R008,杨枝甘露,-0.631,0.1845,0.2319,0.0,0.0625,1.0,0.0,0.3289,0.3,0.8122,0,0.2832
S021,U021,R009,鲜橙绿茶,-0.8221,0.089,0.1173,0.0,0.0,1.0,0.0,0.2852,0.7,0.981,0,0.2785
S021,U021,R010,橙C美式,-0.8206,0.0897,0.1262,0.0,0.0,1.0,0.0,0.2879,0.7,0.7472,0,0.2683
S021,U021,R011,橙C美式（低咖啡因）,-0.5104,0.2448,0.223,0.0,0.1111,1.0,0.0,0.3336,0.7,0.5566,0,0.3336
S021,U021,R012,鲜橙养乐多,-0.5276,0.2362,0.2258,0.0,0.0625,1.0,0.0,0.3271,0.7,0.6149,0,0.3306
S021,U021,R013,草莓奶昔,-0.5507,0.2247,0.2349,0.0,0.0625,1.0,0.0,0.3299,0.7,0.8641,0,0.3403
S021,U021,R014,蓝莓奶昔,-0.5513,0.2244,0.2355,0.0,0.0625,1.0,0.0,0.33,0.7,0.6528,0,0.3297
S021,U021,R015,桃桃乌龙,-0.5973,0.2013,0.1211,0.0,0.0,1.0,0.0,0.2863,0.7,0.7921,0,0.3089
S021,U021,R016,芒果奶昔,-0.5587,0.2206,0.2344,0.0,0.0625,1.0,0.0,0.3297,0.7,0.6011,0,0.3256
S021,U021,R017,柠迭莓萝气泡水,-0.7375,0.1313,0.0664,0.0,0.0,1.0,0.0,0.2699,0.3,0.7987,0,0.2373
S021,U021,R018,茉莉苹果奶绿,-0.5968,0.2016,0.1377,0.0,0.0,1.0,0.0,0.2913,0.7,0.8577,0,0.3145
S021,U021,R019,荔枝白茶,-0.5852,0.2074,0.1211,0.0,0.0,1.0,0.0,0.2863,0.7,0.9206,0,0.3175
S021,U021,R020,超级吨吨桶,-0.8104,0.0948,0.1074,0.0,0.0,1.0,0.0,0.2822,0.3,0.6471,0,0.2225
S021,U021,R021,芝士奶盖铁观音,-0.6008,0.1996,0.12,0.0,0.0,1.0,0.0,0.286,0.7,0.9015,0,0.3136
S021,U021,R022,抹茶椰青美式,-0.8297,0.0851,0.1266,0.0,0.0,1.0,0.0,0.288,1.0,0.9834,0,0.3086
S021,U021,R023,草莓抹茶椰,-0.712,0.144,0.119,0.0,0.0,1.0,0.0,0.2857,0.7,0.9502,0,0.2965
S021,U021,R024,柠檬草薄荷气泡水,-0.7601,0.1199,0.0675,0.0,0.0,1.0,0.0,0.2703,0.7,0.7198,0,0.2696
S021,U021,R025,蝶豆花柠檬气泡水,-0.7537,0.1231,0.0663,0.0,0.0,1.0,0.0,0.2699,0.3,0.6007,0,0.2246
S021,U021,R026,泰式奶红,-0.6864,0.1568,0.1338,0.0,0.0,1.0,0.0,0.2902,1.0,0.5041,0,0.3107
S021,U021,R027,泰式奶绿,-0.7086,0.1457,0.1404,0.0,0.0,1.0,0.0,0.2921,1.0,0.8228,0,0.3236
S021,U021,R028,冰橙伯爵鸳鸯茶,-0.8183,0.0909,0.1262,0.0,0.0,1.0,0.0,0.2879,1.0,0.5345,0,0.2881
S021,U021,R029,伯爵红茶奶茶,-0.697,0.1515,0.2474,0.0,0.0625,1.0,0.0,0.3336,1.0,0.722,0,0.3392
S021,U021,R030,焙茶豆乳,-0.5693,0.2153,0.2529,0.0,0.0625,1.0,0.0,0.3352,1.0,0.5855,0,0.3555
S021,U021,R031,抹茶豆乳,-0.6421,0.1789,0.2509,0.0,0.0625,1.0,0.0,0.3347,1.0,0.9543,0,0.361
S021,U021,R032,抹茶拿铁,-0.8201,0.09,0.2529,0.0,0.0625,1.0,0.0,0.3352,1.0,0.7965,0,0.3222
S021,U021,R033,燕麦奶抹茶拿铁,-0.6639,0.1681,0.24,0.0,0.0625,1.0,0.0,0.3314,1.0,0.934,0,0.3547
S021,U021,R034,椰奶抹茶拿铁,-0.8121,0.0939,0.2423,0.0,0.0625,1.0,0.0,0.3321,1.0,0.7379,0,0.3192
S021,U021,R035,杏仁奶抹茶拿铁,-0.8322,0.0839,0.24,0.0,0.0625,1.0,0.0,0.3314,1.0,0.658,0,0.3114
S021,U021,R036,港式鸳鸯,-0.8159,0.0921,0.2035,0.0,0.0556,1.0,0.0,0.3194,1.0,0.7286,0,0.3124
S021,U021,R037,拿铁,-0.819,0.0905,0.25,0.0,0.0625,1.0,0.0,0.3344,1.0,0.7023,0,0.3173
S021,U021,R038,燕麦奶拿铁,-0.6943,0.1528,0.2482,0.0,0.0625,1.0,0.0,0.3338,1.0,0.7298,0,0.3402
S021,U021,R039,椰奶拿铁,-0.8287,0.0857,0.2474,0.0,0.0625,1.0,0.0,0.3336,1.0,0.8954,0,0.3249
S021,U021,R040,杏仁奶拿铁,-0.8323,0.0838,0.2482,0.0,0.0625,1.0,0.0,0.3338,1.0,0.7701,0,0.3181
S021,U021,R041,拿铁（低咖啡因）,-0.8153,0.0923,0.1317,0.0,0.0625,1.0,0.0,0.2989,1.0,0.6523,0,0.2994
S021,U021,R042,燕麦奶拿铁（低咖啡因）,-0.8241,0.0879,0.1317,0.0,0.0625,1.0,0.0,0.2989,1.0,0.7469,0,0.3026
S021,U021,R043,椰奶拿铁（低咖啡因）,-0.8169,0.0915,0.13,0.0,0.0625,1.0,0.0,0.2984,1.0,0.544,0,0.2935
S021,U021,R044,杏仁奶拿铁（低咖啡因）,-0.8199,0.0901,0.1317,0.0,0.0625,1.0,0.0,0.2989,1.0,0.6264,0,0.2974
S021,U021,R045,卡布奇诺,-0.8199,0.0901,0.2451,0.0,0.0625,1.0,0.0,0.3329,1.0,0.5647,0,0.3096
S021,U021,R046,卡布奇诺（低咖啡因）,-0.8169,0.0916,0.1284,0.0,0.0625,1.0,0.0,0.2979,1.0,0.9884,0,0.3155
S021,U021,R047,西班牙拿铁,-0.8197,0.0901,0.2053,0.0,0.0556,1.0,0.0,0.3199,1.0,0.5414,0,0.3026
S021,U021,R048,西班牙拿铁（低咖啡因）,-0.8184,0.0908,0.1844,0.0,0.0625,1.0,0.0,0.3147,1.0,0.8296,0,0.3149
S021,U021,R049,摩卡,-0.8198,0.0901,0.1944,0.0,0.05,1.0,0.0,0.3158,1.0,0.6494,0,0.3061
S021,U021,R050,燕麦奶摩卡,-0.8351,0.0824,0.1923,0.0,0.05,1.0,0.0,0.3152,1.0,0.9341,0,0.3174
S021,U021,R051,椰奶摩卡,-0.8289,0.0856,0.2237,0.0,0.0556,1.0,0.0,0.3254,1.0,0.5957,0,0.3062
S021,U021,R052,杏仁奶摩卡,-0.8293,0.0854,0.223,0.0,0.0556,1.0,0.0,0.3252,1.0,0.6013,0,0.3063
S021,U021,R053,摩卡（低咖啡因）,-0.8194,0.0903,0.1867,0.0,0.0625,1.0,0.0,0.3154,1.0,0.8711,0,0.3171
S021,U021,R054,燕麦奶摩卡（低咖啡因）,-0.8226,0.0887,0.1861,0.0,0.0625,1.0,0.0,0.3152,1.0,0.5053,0,0.2981
S021,U021,R055,椰奶摩卡（低咖啡因）,-0.8227,0.0887,0.1855,0.0,0.0625,1.0,0.0,0.315,1.0,0.5783,0,0.3017
S021,U021,R056,杏仁奶摩卡（低咖啡因）,-0.8257,0.0872,0.1861,0.0,0.0625,1.0,0.0,0.3152,1.0,0.9904,0,0.3219
S021,U021,R057,dirty,-0.8176,0.0912,0.2244,0.0,0.0556,1.0,0.0,0.3256,0.7,0.6667,0,0.2818
S021,U021,R058,燕麦奶dirty,-0.8287,0.0856,0.223,0.0,0.0556,1.0,0.0,0.3252,0.7,0.8532,0,0.289
S021,U021,R059,椰奶dirty,-0.8256,0.0872,0.223,0.0,0.0556,1.0,0.0,0.3252,0.7,0.6041,0,0.2771
S021,U021,R060,杏仁奶dirty,-0.8275,0.0863,0.223,0.0,0.0556,1.0,0.0,0.3252,0.7,0.6875,0,0.2809
S021,U021,R061,dirty（低咖啡因）,-0.8172,0.0914,0.1867,0.0,0.0625,1.0,0.0,0.3154,0.7,0.7516,0,0.2815
S021,U021,R062,燕麦奶dirty（低咖啡因）,-0.8239,0.0881,0.1867,0.0,0.0625,1.0,0.0,0.3154,0.7,0.5834,0,0.2719
S021,U021,R063,椰奶dirty（低咖啡因）,-0.8256,0.0872,0.1855,0.0,0.0625,1.0,0.0,0.315,0.7,0.6751,0,0.276
S021,U021,R064,杏仁奶dirty（低咖啡因）,-0.8221,0.089,0.1867,0.0,0.0625,1.0,0.0,0.3154,0.7,0.7138,0,0.2788
S021,U021,R065,热可可,-0.0354,0.4823,0.3519,0.0,0.125,1.0,0.0,0.3743,1.0,0.8563,1,0.5301
S021,U021,R066,燕麦奶热可可,0.1834,0.5917,0.3455,0.0,0.125,1.0,0.0,0.3724,1.0,0.6471,1,0.557
S021,U021,R067,杏仁奶热可可,0.1453,0.5726,0.3455,0.0,0.125,1.0,0.0,0.3724,1.0,0.5338,1,0.5447
S021,U021,R068,玫瑰椰椰烤奶,-0.2343,0.3829,0.2516,0.0,0.0625,1.0,0.0,0.3348,1.0,0.6833,0,0.4188
S021,U021,R069,玫瑰菊花茶,0.0954,0.5477,0.3186,0.0,0.1111,1.0,0.0,0.3623,1.0,0.9501,0,0.5022
S021,U021,R070,玫瑰陈皮茶,-0.3422,0.3289,0.3148,0.0,0.1111,1.0,0.0,0.3611,1.0,0.9801,0,0.4266
S021,U021,R071,金银花菊花茶,-0.1168,0.4416,0.3228,0.0,0.1111,1.0,0.0,0.3635,1.0,0.887,1,0.5125
S021,U021,R072,菊花柠檬茶,-0.6604,0.1698,0.2971,0.0,0.1111,1.0,0.0,0.3558,1.0,0.6592,0,0.3525
S021,U021,R073,薰衣草柠檬茶,-0.666,0.167,0.296,0.0,0.1111,1.0,0.0,0.3555,1.0,0.7291,0,0.3549
S021,U021,R074,百花茶,-0.4433,0.2784,0.313,0.0,0.1111,1.0,0.0,0.3606,1.0,0.7467,0,0.397
S021,U021,R075,洛神花玫瑰茶,-0.5855,0.2073,0.313,0.0,0.1111,1.0,0.0,0.3606,1.0,0.5159,0,0.3606
S021,U021,R076,洛神花苹果茶,-0.7414,0.1293,0.3096,0.0,0.1111,1.0,0.0,0.3596,1.0,0.9441,0,0.3543
S021,U021,R077,金银花荷叶茶,-0.6167,0.1916,0.305,0.0,0.1111,1.0,0.0,0.3582,1.0,0.5836,0,0.3574
S021,U021,R078,百合玫瑰茶,0.1928,0.5964,0.325,0.0,0.1111,1.0,0.0,0.3642,1.0,0.5029,1,0.5478
S021,U021,R079,陈皮苹果茶,-0.5226,0.2387,0.3113,0.0,0.1111,1.0,0.0,0.36,1.0,0.6061,0,0.3759
S022,U022,R001,薄荷柠檬气泡茶,-0.8056,0.0972,0.031,0.0,0.0,0.4,0.0,0.1093,0.7,0.811,0,0.0
S022,U022,R002,蜂蜜柠檬茶,-0.5039,0.248,0.0404,0.0,0.0,1.0,0.0,0.2621,0.7,0.5886,0,0.3042
S022,U022,R003,葡萄柠檬茉莉花茶,-0.5319,0.234,0.0404,0.0,0.0,1.0,0.0,0.2621,0.7,0.876,0,0.3137
S022,U022,R004,青柠桂花蜜乌龙,-0.6057,0.1971,0.0399,0.0,0.0,1.0,0.0,0.262,0.7,0.7718,0,0.2955
S022,U022,R005,百香果乳酸绿茶,-0.7305,0.1347,0.0604,0.0,0.0,1.0,0.0,0.2681,0.7,0.7376,0,0.2747
S022,U022,R006,百香果美式,-0.81,0.095,0.0355,0.0,0.0,0.4,0.0,0.1106,0.7,0.8398,0,0.0
S022,U022,R007,百香果美式（低咖啡因）,-0.7261,0.1369,0.0839,0.0,0.0,0.4,0.0,0.1252,0.7,0.6791,0,0.0
S022,U022,R008,杨枝甘露,-0.645,0.1775,0.0819,0.0,0.0,1.0,0.0,0.2746,0.3,0.7872,0,0.255
S022,U022,R009,鲜橙绿茶,-0.7749,0.1126,0.0266,0.0,0.0,1.0,0.0,0.258,0.7,0.7133,0,0.2612
S022,U022,R010,橙C美式,-0.8047,0.0976,0.0349,0.0,0.0,0.4,0.0,0.1105,0.7,0.9026,0,0.0
S022,U022,R011,橙C美式（低咖啡因）,-0.7079,0.1461,0.088,0.0,0.0,0.4,0.0,0.1264,0.7,0.7875,0,0.0
S022,U022,R012,鲜橙养乐多,-0.5196,0.2402,0.0679,0.0,0.0,1.0,0.0,0.2704,0.7,0.6156,0,0.3065
S022,U022,R013,草莓奶昔,-0.5642,0.2179,0.0937,0.0,0.0,1.0,0.0,0.2781,0.7,0.6887,0,0.3058
S022,U022,R014,蓝莓奶昔,-0.5307,0.2347,0.0944,0.0,0.0,1.0,0.0,0.2783,0.7,0.946,0,0.3247
S022,U022,R015,桃桃乌龙,-0.5136,0.2432,0.0415,0.0,0.0,1.0,0.0,0.2625,0.7,0.5196,0,0.2992
S022,U022,R016,芒果奶昔,-0.5686,0.2157,0.093,0.0,0.0,1.0,0.0,0.2779,0.7,0.8252,0,0.3118
S022,U022,R017,柠迭莓萝气泡水,-0.7002,0.1499,0.0357,0.0,0.0,0.4,0.0,0.1107,0.3,0.7497,0,0.0
S022,U022,R018,茉莉苹果奶绿,-0.5201,0.24,0.0377,0.0,0.0,1.0,0.0,0.2613,0.7,0.8651,0,0.3148
S022,U022,R019,荔枝白茶,-0.5243,0.2378,0.0519,0.0,0.0,1.0,0.0,0.2656,0.7,0.7655,0,0.311
S022,U022,R020,超级吨吨桶,-0.8027,0.0987,0.0699,0.0,0.0,1.0,0.0,0.271,0.3,0.6335,0,0.2182
S022,U022,R021,芝士奶盖铁观音,-0.5999,0.2001,0.04,0.0,0.0,1.0,0.0,0.262,0.7,0.7108,0,0.2935
S022,U022,R022,抹茶椰青美式,-0.8549,0.0726,0.0444,0.0,0.0,0.4,0.0,0.1133,1.0,0.7034,0,0.0
S022,U022,R023,草莓抹茶椰,-0.7562,0.1219,0.019,0.0,0.0,0.4,0.0,0.1057,0.7,0.9833,0,0.0
S022,U022,R024,柠檬草薄荷气泡水,-0.7435,0.1282,0.0355,0.0,0.0,0.4,0.0,0.1106,0.7,0.7864,0,0.0
S022,U022,R025,蝶豆花柠檬气泡水,-0.7505,0.1247,0.0423,0.0,0.0,0.4,0.0,0.1127,0.3,0.5534,0,0.0
S022,U022,R026,泰式奶红,-0.6934,0.1533,0.0423,0.0,0.0,1.0,0.0,0.2627,1.0,0.6503,0,0.3044
S022,U022,R027,泰式奶绿,-0.7054,0.1473,0.0404,0.0,0.0,1.0,0.0,0.2621,1.0,0.8238,0,0.3107
S022,U022,R028,冰橙伯爵鸳鸯茶,-0.8188,0.0906,0.0262,0.0,0.0,0.4,0.0,0.1079,1.0,0.7746,0,0.0
S022,U022,R029,伯爵红茶奶茶,-0.7164,0.1418,0.0284,0.0,0.0,1.0,0.0,0.2585,1.0,0.8505,0,0.3085
S022,U022,R030,焙茶豆乳,-0.7214,0.1393,0.0529,0.0,0.0,1.0,0.0,0.2659,1.0,0.6937,0,0.3031
S022,U022,R031,抹茶豆乳,-0.8617,0.0691,0.0509,0.0,0.0,0.4,0.0,0.1153,1.0,0.8657,0,0.0
S022,U022,R032,抹茶拿铁,-0.8008,0.0996,0.0212,0.0,0.0,0.4,0.0,0.1063,1.0,0.9435,0,0.0
S022,U022,R033,燕麦奶抹茶拿铁,-0.8549,0.0726,0.05,0.0,0.0,0.4,0.0,0.115,1.0,0.7439,0,0.0
S022,U022,R034,椰奶抹茶拿铁,-0.8011,0.0995,0.0212,0.0,0.0,0.4,0.0,0.1063,1.0,0.706,0,0.0
S022,U022,R035,杏仁奶抹茶拿铁,-0.8035,0.0982,0.05,0.0,0.0,0.4,0.0,0.115,1.0,0.9677,0,0.0
S022,U022,R036,港式鸳鸯,-0.7997,0.1001,0.0648,0.0,0.0,0.4,0.0,0.1194,1.0,0.752,0,0.0
S022,U022,R037,拿铁,-0.8057,0.0971,0.03,0.0,0.0,0.4,0.0,0.109,1.0,0.5553,0,0.0
S022,U022,R038,燕麦奶拿铁,-0.8613,0.0694,0.0482,0.0,0.0,0.4,0.0,0.1145,1.0,0.6253,0,0.0
S022,U022,R039,椰奶拿铁,-0.8088,0.0956,0.0284,0.0,0.0,0.4,0.0,0.1085,1.0,0.8382,0,0.0
S022,U022,R040,杏仁奶拿铁,-0.8111,0.0945,0.0482,0.0,0.0,0.4,0.0,0.1145,1.0,0.806,0,0.0
S022,U022,R041,拿铁（低咖啡因）,-0.8027,0.0987,0.1029,0.0,0.0,0.4,0.0,0.1309,1.0,0.6379,0,0.0
S022,U022,R042,燕麦奶拿铁（低咖啡因）,-0.8042,0.0979,0.1029,0.0,0.0,0.4,0.0,0.1309,1.0,0.8386,0,0.0
S022,U022,R043,椰奶拿铁（低咖啡因）,-0.8026,0.0987,0.1,0.0,0.0,0.4,0.0,0.13,1.0,0.7666,0,0.0
S022,U022,R044,杏仁奶拿铁（低咖啡因）,-0.8086,0.0957,0.1029,0.0,0.0,0.4,0.0,0.1309,1.0,0.7138,0,0.0
S022,U022,R045,卡布奇诺,-0.8095,0.0952,0.027,0.0,0.0,0.4,0.0,0.1081,1.0,0.9548,0,0.0
S022,U022,R046,卡布奇诺（低咖啡因）,-0.8078,0.0961,0.0974,0.0,0.0,0.4,0.0,0.1292,1.0,0.6331,0,0.0
S022,U022,R047,西班牙拿铁,-0.8006,0.0997,0.0659,0.0,0.0,0.4,0.0,0.1198,1.0,0.6087,0,0.0
S022,U022,R048,西班牙拿铁（低咖啡因）,-0.8003,0.0999,0.093,0.0,0.0,0.4,0.0,0.1279,1.0,0.9758,0,0.0
S022,U022,R049,摩卡,-0.8057,0.0971,0.0641,0.0,0.0,0.4,0.0,0.1192,1.0,0.5704,0,0.0
S022,U022,R050,燕麦奶摩卡,-0.8143,0.0929,0.0798,0.0,0.0,0.4,0.0,0.1239,1.0,0.6934,0,0.0
S022,U022,R051,椰奶摩卡,-0.8026,0.0987,0.0262,0.0,0.0,0.4,0.0,0.1079,1.0,0.8751,0,0.0
S022,U022,R052,杏仁奶摩卡,-0.8082,0.0959,0.043,0.0,0.0,0.4,0.0,0.1129,1.0,0.8797,0,0.0
S022,U022,R053,摩卡（低咖啡因）,-0.8009,0.0995,0.0958,0.0,0.0,0.4,0.0,0.1288,1.0,0.9826,0,0.0
S022,U022,R054,燕麦奶摩卡（低咖啡因）,-0.801,0.0995,0.0951,0.0,0.0,0.4,0.0,0.1285,1.0,0.5983,0,0.0
S022,U022,R055,椰奶摩卡（低咖啡因）,-0.8024,0.0988,0.0944,0.0,0.0,0.4,0.0,0.1283,1.0,0.5449,0,0.0
S022,U022,R056,杏仁奶摩卡（低咖啡因）,-0.8022,0.0989,0.0951,0.0,0.0,0.4,0.0,0.1285,1.0,0.6663,0,0.0
S022,U022,R057,dirty,-0.8003,0.0999,0.0266,0.0,0.0,0.4,0.0,0.108,0.7,0.6365,0,0.0
S022,U022,R058,燕麦奶dirty,-0.8167,0.0916,0.043,0.0,0.0,0.4,0.0,0.1129,0.7,0.6145,0,0.0
S022,U022,R059,椰奶dirty,-0.803,0.0985,0.0258,0.0,0.0,0.4,0.0,0.1077,0.7,0.9305,0,0.0
S022,U022,R060,杏仁奶dirty,-0.8101,0.095,0.043,0.0,0.0,0.4,0.0,0.1129,0.7,0.7231,0,0.0
S022,U022,R061,dirty（低咖啡因）,-0.8034,0.0983,0.0958,0.0,0.0,0.4,0.0,0.1288,0.7,0.7253,0,0.0
S022,U022,R062,燕麦奶dirty（低咖啡因）,-0.802,0.099,0.0958,0.0,0.0,0.4,0.0,0.1288,0.7,0.5266,0,0.0
S022,U022,R063,椰奶dirty（低咖啡因）,-0.8034,0.0983,0.0944,0.0,0.0,0.4,0.0,0.1283,0.7,0.6938,0,0.0
S022,U022,R064,杏仁奶dirty（低咖啡因）,-0.805,0.0975,0.0958,0.0,0.0,0.4,0.0,0.1288,0.7,0.846,0,0.0
S022,U022,R065,热可可,-0.4232,0.2884,0.0567,0.0,0.0,1.0,0.0,0.267,1.0,0.7091,0,0.3566
S022,U022,R066,燕麦奶热可可,-0.2825,0.3587,0.0881,0.0,0.0,1.0,0.0,0.2764,1.0,0.987,0,0.3993
S022,U022,R067,杏仁奶热可可,-0.3071,0.3464,0.0881,0.0,0.0,1.0,0.0,0.2764,1.0,0.5509,0,0.3732
S022,U022,R068,玫瑰椰椰烤奶,-0.6727,0.1637,0.0758,0.0,0.0,1.0,0.0,0.2727,1.0,0.5234,0,0.3062
S022,U022,R069,玫瑰菊花茶,0.2691,0.6346,0.0843,0.0,0.0556,1.0,0.0,0.2836,1.0,0.8032,1,0.5399
S022,U022,R070,玫瑰陈皮茶,0.0195,0.5097,0.0936,0.0,0.0556,1.0,0.0,0.2864,1.0,0.9037,1,0.5025
S022,U022,R071,金银花菊花茶,0.1664,0.5832,0.0742,0.0,0.0556,1.0,0.0,0.2806,1.0,0.7148,0,0.4661
S022,U022,R072,菊花柠檬茶,-0.4605,0.2698,0.0451,0.0,0.0,1.0,0.0,0.2635,1.0,0.8434,0,0.3552
S022,U022,R073,薰衣草柠檬茶,-0.4508,0.2746,0.0444,0.0,0.0,1.0,0.0,0.2633,1.0,0.8456,0,0.3569
S022,U022,R074,百花茶,-0.0075,0.4962,0.0815,0.0,0.0556,1.0,0.0,0.2828,1.0,0.9067,0,0.4463
S022,U022,R075,洛神花玫瑰茶,-0.1559,0.4221,0.0925,0.0,0.0556,1.0,0.0,0.2861,1.0,0.6947,1,0.4612
S022,U022,R076,洛神花苹果茶,-0.4643,0.2679,0.0904,0.0,0.0556,1.0,0.0,0.2854,1.0,0.7714,1,0.4107
S022,U022,R077,金银花荷叶茶,-0.313,0.3435,0.0775,0.0,0.0556,1.0,0.0,0.2816,1.0,0.9259,0,0.3932
S022,U022,R078,百合玫瑰茶,0.3039,0.652,0.0875,0.0,0.0556,1.0,0.0,0.2846,1.0,0.6811,1,0.5403
S022,U022,R079,陈皮苹果茶,-0.5941,0.203,0.0806,0.0,0.0556,1.0,0.0,0.2825,1.0,0.8316,0,0.3397
S023,U023,R001,薄荷柠檬气泡茶,-0.8234,0.0883,0.0607,0.0,0.0,0.75,0.0,0.2057,0.7,0.6173,0,0.0
S023,U023,R002,蜂蜜柠檬茶,-0.7387,0.1307,0.0243,0.0,0.0,1.0,0.0,0.2573,0.7,0.7653,0,0.2698
S023,U023,R003,葡萄柠檬茉莉花茶,-0.636,0.182,0.0162,0.0,0.0,1.0,0.0,0.2549,0.7,0.9967,0,0.2982
S023,U023,R004,青柠桂花蜜乌龙,-0.702,0.149,0.0239,0.0,0.0,1.0,0.0,0.2572,0.7,0.968,0,0.2863
S023,U023,R005,百香果乳酸绿茶,-0.76,0.12,0.0604,0.0,0.0,1.0,0.0,0.2681,0.7,0.7399,0,0.2696
S023,U023,R006,百香果美式,-0.8214,0.0893,0.0089,0.0,0.0,0.75,0.0,0.1902,0.7,0.5745,0,0.0
S023,U023,R007,百香果美式（低咖啡因）,-0.5861,0.2069,0.1162,0.0,0.05,0.75,0.0,0.2299,0.7,0.6357,0,0.0
S023,U023,R008,杨枝甘露,-0.6383,0.1808,0.1299,0.125,0.0,1.0,0.0,0.314,0.3,0.9539,0,0.0
S023,U023,R009,鲜橙绿茶,-0.8311,0.0845,0.0587,0.0,0.0,1.0,0.0,0.2676,0.7,0.6543,0,0.2527
S023,U023,R010,橙C美式,-0.8244,0.0878,0.0087,0.0,0.0,0.75,0.0,0.1901,0.7,0.9618,0,0.0
S023,U023,R011,橙C美式（低咖啡因）,-0.5665,0.2167,0.1244,0.0,0.0556,0.75,0.0,0.2331,0.7,0.6789,0,0.0
S023,U023,R012,鲜橙养乐多,-0.587,0.2065,0.1244,0.1429,0.0,1.0,0.0,0.3159,0.7,0.7942,0,0.3241
S023,U023,R013,草莓奶昔,-0.5607,0.2196,0.1249,0.125,0.0,1.0,0.0,0.3125,0.7,0.9583,0,0.0
S023,U023,R014,蓝莓奶昔,-0.5741,0.2129,0.1255,0.125,0.0,1.0,0.0,0.3126,0.7,0.8395,0,0.0
S023,U023,R015,桃桃乌龙,-0.6452,0.1774,0.0104,0.0,0.0,1.0,0.0,0.2531,0.7,0.8901,0,0.2905
S023,U023,R016,芒果奶昔,-0.5685,0.2157,0.1244,0.125,0.0,1.0,0.0,0.3123,0.7,0.6121,0,0.0
S023,U023,R017,柠迭莓萝气泡水,-0.7496,0.1252,0.0593,0.0,0.0,0.75,0.0,0.2053,0.3,0.9453,0,0.0
S023,U023,R018,茉莉苹果奶绿,-0.6552,0.1724,0.0301,0.1429,0.0,1.0,0.0,0.2876,0.7,0.9661,0,0.0
S023,U023,R019,荔枝白茶,-0.63,0.185,0.0208,0.0,0.0,1.0,0.0,0.2562,0.7,0.5613,0,0.2781
S023,U023,R020,超级吨吨桶,-0.8179,0.0911,0.0569,0.0,0.0,1.0,0.0,0.2671,0.3,0.9828,0,0.2312
S023,U023,R021,芝士奶盖铁观音,-0.6443,0.1779,0.02,0.1667,0.0,0.65,0.0,0.2018,0.7,0.6594,0,0.0
S023,U023,R022,抹茶椰青美式,-0.8622,0.0689,0.0177,0.0,0.0,0.75,0.0,0.1928,1.0,0.6117,0,0.0
S023,U023,R023,草莓抹茶椰,-0.7944,0.1028,0.019,0.1667,0.0,0.75,0.0,0.2265,0.7,0.6584,0,0.0
S023,U023,R024,柠檬草薄荷气泡水,-0.7699,0.1151,0.0587,0.0,0.0,0.75,0.0,0.2051,0.7,0.5935,0,0.0
S023,U023,R025,蝶豆花柠檬气泡水,-0.7677,0.1162,0.0578,0.0,0.0,0.75,0.0,0.2048,0.3,0.6873,0,0.0
S023,U023,R026,泰式奶红,-0.672,0.164,0.0338,0.1667,0.0,1.0,0.0,0.2935,1.0,0.7358,0,0.0
S023,U023,R027,泰式奶绿,-0.6956,0.1522,0.0324,0.1667,0.0,1.0,0.0,0.293,1.0,0.5941,0,0.0
S023,U023,R028,冰橙伯爵鸳鸯茶,-0.8264,0.0868,0.0087,0.0,0.0,0.75,0.0,0.1901,1.0,0.8758,0,0.0
S023,U023,R029,伯爵红茶奶茶,-0.6645,0.1678,0.0734,0.2,0.0625,1.0,0.0,0.3214,1.0,0.683,0,0.0
S023,U023,R030,焙茶豆乳,-0.5542,0.2229,0.0979,0.2,0.0625,1.0,0.0,0.3287,1.0,0.9674,0,0.3743
S023,U023,R031,抹茶豆乳,-0.6591,0.1704,0.0959,0.2,0.0625,0.75,0.0,0.2657,1.0,0.5823,0,0.0
S023,U023,R032,抹茶拿铁,-0.8242,0.0879,0.0767,0.2,0.0625,0.75,0.0,0.2599,1.0,0.7834,0,0.0
S023,U023,R033,燕麦奶抹茶拿铁,-0.6727,0.1636,0.095,0.2,0.0625,0.75,0.0,0.2654,1.0,0.5973,0,0.0
S023,U023,R034,椰奶抹茶拿铁,-0.8134,0.0933,0.0767,0.1667,0.0625,0.75,0.0,0.2532,1.0,0.9755,0,0.0
S023,U023,R035,杏仁奶抹茶拿铁,-0.8351,0.0825,0.085,0.2,0.0625,0.75,0.0,0.2624,1.0,0.9905,0,0.0
S023,U023,R036,港式鸳鸯,-0.8235,0.0882,0.0648,0.1429,0.0556,0.75,0.0,0.2439,1.0,0.8231,0,0.0
S023,U023,R037,拿铁,-0.8255,0.0872,0.075,0.1667,0.0625,0.75,0.0,0.2527,1.0,0.8075,0,0.0
S023,U023,R038,燕麦奶拿铁,-0.7029,0.1486,0.1029,0.1667,0.0625,0.75,0.0,0.2611,1.0,0.6857,0,0.0
S023,U023,R039,椰奶拿铁,-0.8332,0.0834,0.0829,0.1429,0.0625,0.75,0.0,0.2503,1.0,0.6461,0,0.0
S023,U023,R040,杏仁奶拿铁,-0.8346,0.0827,0.0932,0.1667,0.0625,0.75,0.0,0.2582,1.0,0.6073,0,0.0
S023,U023,R041,拿铁（低咖啡因）,-0.8236,0.0882,0.0873,0.25,0.0625,0.75,0.0,0.2731,1.0,0.8471,0,0.0
S023,U023,R042,燕麦奶拿铁（低咖啡因）,-0.8279,0.0861,0.1085,0.25,0.0625,0.75,0.0,0.2794,1.0,0.8479,0,0.0
S023,U023,R043,椰奶拿铁（低咖啡因）,-0.826,0.087,0.095,0.2222,0.0625,0.75,0.0,0.2698,1.0,0.9063,0,0.0
S023,U023,R044,杏仁奶拿铁（低咖啡因）,-0.8266,0.0867,0.0979,0.25,0.0625,0.75,0.0,0.2762,1.0,0.8245,0,0.0
S023,U023,R045,卡布奇诺,-0.8268,0.0866,0.072,0.1429,0.0625,0.4,0.0,0.1596,1.0,0.5345,0,0.0
S023,U023,R046,卡布奇诺（低咖啡因）,-0.8252,0.0874,0.0829,0.2222,0.0625,0.4,0.0,0.1787,1.0,0.9437,0,0.0
S023,U023,R047,西班牙拿铁,-0.8265,0.0867,0.0659,0.1429,0.0556,0.4,0.0,0.1567,1.0,0.6469,0,0.0
S023,U023,R048,西班牙拿铁（低咖啡因）,-0.8256,0.0872,0.0794,0.2222,0.0625,0.75,0.0,0.2651,1.0,0.8727,0,0.0
S023,U023,R049,摩卡,-0.8273,0.0863,0.0641,0.1667,0.05,0.75,0.0,0.2476,1.0,0.6912,0,0.0
S023,U023,R050,燕麦奶摩卡,-0.8391,0.0804,0.0883,0.1667,0.05,0.75,0.0,0.2548,1.0,0.7811,0,0.0
S023,U023,R051,椰奶摩卡,-0.8335,0.0833,0.0799,0.1429,0.0556,0.75,0.0,0.2484,1.0,0.6925,0,0.0
S023,U023,R052,杏仁奶摩卡,-0.8345,0.0828,0.088,0.1667,0.0556,0.75,0.0,0.2556,1.0,0.5557,0,0.0
S023,U023,R053,摩卡（低咖啡因）,-0.8274,0.0863,0.0817,0.25,0.0625,0.75,0.0,0.2714,1.0,0.9771,0,0.0
S023,U023,R054,燕麦奶摩卡（低咖啡因）,-0.8281,0.086,0.0991,0.25,0.0625,0.75,0.0,0.2766,1.0,0.9212,0,0.0
S023,U023,R055,椰奶摩卡（低咖啡因）,-0.8304,0.0848,0.0894,0.2222,0.0625,0.75,0.0,0.2681,1.0,0.6107,0,0.0
S023,U023,R056,杏仁奶摩卡（低咖啡因）,-0.8325,0.0837,0.0901,0.25,0.0625,0.75,0.0,0.2739,1.0,0.6617,0,0.0
S023,U023,R057,dirty,-0.8248,0.0876,0.0716,0.1429,0.0556,0.75,0.0,0.2459,0.7,0.8363,0,0.0
S023,U023,R058,燕麦奶dirty,-0.8335,0.0832,0.0966,0.1429,0.0556,0.75,0.0,0.2534,0.7,0.5987,0,0.0
S023,U023,R059,椰奶dirty,-0.8306,0.0847,0.0794,0.125,0.0556,0.75,0.0,0.2446,0.7,0.5565,0,0.0
S023,U023,R060,杏仁奶dirty,-0.8337,0.0831,0.088,0.1429,0.0556,0.75,0.0,0.2508,0.7,0.7082,0,0.0
S023,U023,R061,dirty（低咖啡因）,-0.8257,0.0871,0.1358,0.2222,0.0625,0.75,0.0,0.2821,0.7,0.5513,0,0.0
S023,U023,R062,燕麦奶dirty（低咖啡因）,-0.8306,0.0847,0.1542,0.2222,0.0625,0.75,0.0,0.2876,0.7,0.8316,0,0.0
S023,U023,R063,椰奶dirty（低咖啡因）,-0.8325,0.0838,0.1432,0.2,0.0625,0.75,0.0,0.2798,0.7,0.8228,0,0.0
S023,U023,R064,杏仁奶dirty（低咖啡因）,-0.8295,0.0853,0.145,0.2222,0.0625,0.75,0.0,0.2848,0.7,0.5864,0,0.0
S023,U023,R065,热可可,-0.1163,0.4418,0.1935,0.4,0.0625,1.0,0.0,0.3974,1.0,0.5,0,0.0
S023,U023,R066,燕麦奶热可可,0.1023,0.5512,0.2213,0.4,0.0625,1.0,0.0,0.4058,1.0,0.798,1,0.5654
S023,U023,R067,杏仁奶热可可,0.0593,0.5296,0.2105,0.4,0.0625,1.0,0.0,0.4025,1.0,0.7877,1,0.5559
S023,U023,R068,玫瑰椰椰烤奶,-0.2722,0.3639,0.0794,0.25,0.0625,1.0,0.0,0.3332,1.0,0.9803,0,0.4263
S023,U023,R069,玫瑰菊花茶,0.2287,0.6144,0.1593,0.25,0.1111,1.0,0.0,0.3645,1.0,0.6317,1,0.5606
S023,U023,R070,玫瑰陈皮茶,-0.2825,0.3587,0.1574,0.1667,0.1111,1.0,0.0,0.3472,1.0,0.6393,0,0.4138
S023,U023,R071,金银花菊花茶,0.0441,0.5221,0.1614,0.2,0.1111,1.0,0.0,0.3551,1.0,0.7681,1,0.5309
S023,U023,R072,菊花柠檬茶,-0.7102,0.1449,0.1111,0.1429,0.0556,1.0,0.0,0.3202,1.0,0.5192,0,0.3208
S023,U023,R073,薰衣草柠檬茶,-0.713,0.1435,0.1105,0.125,0.0556,1.0,0.0,0.3165,1.0,0.9225,0,0.3388
S023,U023,R074,百花茶,-0.3077,0.3462,0.1565,0.2,0.1111,1.0,0.0,0.3536,1.0,0.8512,0,0.4228
S023,U023,R075,洛神花玫瑰茶,-0.4635,0.2683,0.1565,0.2,0.1111,1.0,0.0,0.3536,1.0,0.6556,0,0.3858
S023,U023,R076,洛神花苹果茶,-0.7097,0.1452,0.1548,0.1667,0.1111,1.0,0.0,0.3464,1.0,0.7178,0,0.3426
S023,U023,R077,金银花荷叶茶,-0.4886,0.2557,0.1525,0.2,0.1111,1.0,0.0,0.3524,1.0,0.5056,0,0.3734
S023,U023,R078,百合玫瑰茶,0.3206,0.6603,0.1625,0.25,0.1111,1.0,0.0,0.3654,1.0,0.9011,1,0.5906
S023,U023,R079,陈皮苹果茶,-0.5867,0.2066,0.1556,0.1667,0.1111,1.0,0.0,0.3467,1.0,0.8779,0,0.3722
S024,U024,R001,薄荷柠檬气泡茶,-0.7517,0.1242,0.1357,0.0,0.1111,1.0,0.0,0.3074,0.7,0.7689,0,0.2902
S024,U024,R002,蜂蜜柠檬茶,-0.5472,0.2264,0.1287,0.0,0.0625,1.0,0.0,0.298,0.7,0.7676,0,0.3217
S024,U024,R003,葡萄柠檬茉莉花茶,0.1709,0.5854,0.1593,0.0,0.125,1.0,0.0,0.3165,0.7,0.8812,1,0.5114
S024,U024,R004,青柠桂花蜜乌龙,0.0883,0.5442,0.1589,0.0,0.125,1.0,0.0,0.3164,0.7,0.9619,1,0.5009
S024,U024,R005,百香果乳酸绿茶,-0.5944,0.2028,0.0979,0.0,0.0556,1.0,0.0,0.2877,0.7,0.7167,0,0.3063
S024,U024,R006,百香果美式,-0.7594,0.1203,0.1077,0.0,0.0625,1.0,0.0,0.2917,0.7,0.6445,0,0.2756
S024,U024,R007,百香果美式（低咖啡因）,-0.6978,0.1511,0.0086,0.0,0.0,1.0,0.0,0.2526,0.7,0.7266,0,0.2729
S024,U024,R008,杨枝甘露,-0.5437,0.2282,0.1159,0.0,0.0625,1.0,0.0,0.2942,0.3,0.6032,0,0.2724
S024,U024,R009,鲜橙绿茶,-0.4473,0.2764,0.1493,0.0,0.125,1.0,0.0,0.3136,0.7,0.8118,1,0.3984
S024,U024,R010,橙C美式,-0.7529,0.1235,0.1262,0.0,0.0714,1.0,0.0,0.2986,0.7,0.7101,0,0.2831
S024,U024,R011,橙C美式（低咖啡因）,-0.6729,0.1635,0.0172,0.0,0.0,1.0,0.0,0.2552,0.7,0.9245,0,0.2883
S024,U024,R012,鲜橙养乐多,-0.4171,0.2915,0.0679,0.0,0.0,1.0,0.0,0.2704,0.7,0.9304,0,0.3402
S024,U024,R013,草莓奶昔,-0.4411,0.2794,0.1175,0.0,0.0714,1.0,0.0,0.296,0.7,0.8404,0,0.343
S024,U024,R014,蓝莓奶昔,-0.4009,0.2995,0.1177,0.0,0.0625,1.0,0.0,0.2947,0.7,0.8705,0,0.351
S024,U024,R015,桃桃乌龙,0.3115,0.6558,0.1661,0.0,0.125,1.0,0.0,0.3186,0.7,0.5882,1,0.5223
S024,U024,R016,芒果奶昔,-0.4372,0.2814,0.1172,0.0,0.0625,1.0,0.0,0.2945,0.7,0.5448,0,0.3283
S024,U024,R017,柠迭莓萝气泡水,-0.346,0.327,0.1114,0.0,0.0625,1.0,0.0,0.2928,0.3,0.9311,0,0.3228
S024,U024,R018,茉莉苹果奶绿,-0.1585,0.4207,0.1276,0.0,0.0714,1.0,0.0,0.299,0.7,0.7127,0,0.3874
S024,U024,R019,荔枝白茶,0.2924,0.6462,0.1661,0.0,0.125,1.0,0.0,0.3186,0.7,0.6395,1,0.5215
S024,U024,R020,超级吨吨桶,-0.7511,0.1244,0.0569,0.0,0.0,1.0,0.0,0.2671,0.3,0.6662,0,0.2271
S024,U024,R021,芝士奶盖铁观音,-0.2998,0.3501,0.1486,0.0,0.0714,1.0,0.0,0.3053,0.7,0.66,0,0.3629
S024,U024,R022,抹茶椰青美式,-0.7283,0.1358,0.1266,0.0,0.0714,1.0,0.0,0.2987,1.0,0.7046,0,0.3172
S024,U024,R023,草莓抹茶椰,-0.528,0.236,0.1315,0.0,0.0714,1.0,0.0,0.3002,0.7,0.6759,0,0.3215
S024,U024,R024,柠檬草薄荷气泡水,-0.5886,0.2057,0.0996,0.0,0.0625,1.0,0.0,0.2892,0.7,0.5008,0,0.2972
S024,U024,R025,蝶豆花柠檬气泡水,-0.5657,0.2172,0.0987,0.0,0.0625,1.0,0.0,0.289,0.3,0.9775,0,0.2849
S024,U024,R026,泰式奶红,-0.7301,0.1349,0.1455,0.0,0.0714,1.0,0.0,0.3044,1.0,0.5924,0,0.3138
S024,U024,R027,泰式奶绿,-0.7148,0.1426,0.1447,0.0,0.0714,1.0,0.0,0.3041,1.0,0.8823,0,0.3309
S024,U024,R028,冰橙伯爵鸳鸯茶,-0.743,0.1285,0.1548,0.0,0.0714,1.0,0.0,0.3071,1.0,0.6724,0,0.3168
S024,U024,R029,伯爵红茶奶茶,-0.8071,0.0964,0.119,0.0,0.0625,1.0,0.0,0.2951,1.0,0.7007,0,0.3016
S024,U024,R030,焙茶豆乳,-0.6685,0.1657,0.1212,0.0,0.0625,1.0,0.0,0.2957,1.0,0.8933,0,0.3357
S024,U024,R031,抹茶豆乳,-0.7258,0.1371,0.1204,0.0,0.0625,1.0,0.0,0.2955,1.0,0.9003,0,0.326
S024,U024,R032,抹茶拿铁,-0.7588,0.1206,0.1212,0.0,0.0625,1.0,0.0,0.2957,1.0,0.8121,0,0.3159
S024,U024,R033,燕麦奶抹茶拿铁,-0.7256,0.1372,0.12,0.0,0.0625,1.0,0.0,0.2954,1.0,0.8715,0,0.3245
S024,U024,R034,椰奶抹茶拿铁,-0.7718,0.1141,0.1212,0.0,0.0625,1.0,0.0,0.2957,1.0,0.7593,0,0.311
S024,U024,R035,杏仁奶抹茶拿铁,-0.7432,0.1284,0.12,0.0,0.0625,1.0,0.0,0.2954,1.0,0.8279,0,0.3193
S024,U024,R036,港式鸳鸯,-0.7529,0.1236,0.0978,0.0,0.0556,1.0,0.0,0.2877,1.0,0.8066,0,0.313
S024,U024,R037,拿铁,-0.753,0.1235,0.12,0.0,0.0625,1.0,0.0,0.2954,1.0,0.963,0,0.3243
S024,U024,R038,燕麦奶拿铁,-0.7171,0.1414,0.1193,0.0,0.0625,1.0,0.0,0.2952,1.0,0.9416,0,0.3294
S024,U024,R039,椰奶拿铁,-0.745,0.1275,0.119,0.0,0.0625,1.0,0.0,0.2951,1.0,0.5469,0,0.3048
S024,U024,R040,杏仁奶拿铁,-0.7404,0.1298,0.1193,0.0,0.0625,1.0,0.0,0.2952,1.0,0.5239,0,0.3045
S024,U024,R041,拿铁（低咖啡因）,-0.7453,0.1274,0.0106,0.0,0.0,1.0,0.0,0.2532,1.0,0.7641,0,0.2967
S024,U024,R042,燕麦奶拿铁（低咖啡因）,-0.7507,0.1246,0.0106,0.0,0.0,1.0,0.0,0.2532,1.0,0.7992,0,0.2975
S024,U024,R043,椰奶拿铁（低咖啡因）,-0.7525,0.1238,0.01,0.0,0.0,1.0,0.0,0.253,1.0,0.8815,0,0.3012
S024,U024,R044,杏仁奶拿铁（低咖啡因）,-0.7505,0.1248,0.0106,0.0,0.0,1.0,0.0,0.2532,1.0,0.5365,0,0.2844
S024,U024,R045,卡布奇诺,-0.7458,0.1271,0.118,0.0,0.0625,1.0,0.0,0.2948,1.0,0.7958,0,0.3169
S024,U024,R046,卡布奇诺（低咖啡因）,-0.7485,0.1257,0.0095,0.0,0.0,1.0,0.0,0.2528,1.0,0.8115,0,0.2983
S024,U024,R047,西班牙拿铁,-0.7504,0.1248,0.0985,0.0,0.0556,1.0,0.0,0.2879,1.0,0.9656,0,0.3215
S024,U024,R048,西班牙拿铁（低咖啡因）,-0.749,0.1255,0.0086,0.0,0.0,1.0,0.0,0.2526,1.0,0.6891,0,0.2921
S024,U024,R049,摩卡,-0.7462,0.1269,0.0927,0.0,0.05,1.0,0.0,0.2853,1.0,0.7349,0,0.3095
S024,U024,R050,燕麦奶摩卡,-0.7399,0.1301,0.0919,0.0,0.05,1.0,0.0,0.2851,1.0,0.5153,0,0.2996
S024,U024,R051,椰奶摩卡,-0.7402,0.1299,0.1075,0.0,0.0556,1.0,0.0,0.2906,1.0,0.6823,0,0.3104
S024,U024,R052,杏仁奶摩卡,-0.7376,0.1312,0.1072,0.0,0.0556,1.0,0.0,0.2905,1.0,0.6178,0,0.3075
S024,U024,R053,摩卡（低咖啡因）,-0.7439,0.128,0.0092,0.0,0.0,1.0,0.0,0.2527,1.0,0.8361,0,0.3003
S024,U024,R054,燕麦奶摩卡（低咖啡因）,-0.7488,0.1256,0.009,0.0,0.0,1.0,0.0,0.2527,1.0,0.7195,0,0.2936
S024,U024,R055,椰奶摩卡（低咖啡因）,-0.7424,0.1288,0.0089,0.0,0.0,1.0,0.0,0.2527,1.0,0.7573,0,0.2967
S024,U024,R056,杏仁奶摩卡（低咖啡因）,-0.7464,0.1268,0.009,0.0,0.0,1.0,0.0,0.2527,1.0,0.5814,0,0.2872
S024,U024,R057,dirty,-0.7496,0.1252,0.1077,0.0,0.0556,1.0,0.0,0.2907,0.7,0.7791,0,0.2836
S024,U024,R058,燕麦奶dirty,-0.7497,0.1252,0.1072,0.0,0.0556,1.0,0.0,0.2905,0.7,0.9833,0,0.2937
S024,U024,R059,椰奶dirty,-0.7455,0.1272,0.1072,0.0,0.0556,1.0,0.0,0.2905,0.7,0.9757,0,0.294
S024,U024,R060,杏仁奶dirty,-0.7418,0.1291,0.1072,0.0,0.0556,1.0,0.0,0.2905,0.7,0.6562,0,0.2787
S024,U024,R061,dirty（低咖啡因）,-0.7513,0.1244,0.0092,0.0,0.0,1.0,0.0,0.2527,0.7,0.8272,0,0.2686
S024,U024,R062,燕麦奶dirty（低咖啡因）,-0.7507,0.1247,0.0092,0.0,0.0,1.0,0.0,0.2527,0.7,0.9921,0,0.277
S024,U024,R063,椰奶dirty（低咖啡因）,-0.749,0.1255,0.0089,0.0,0.0,1.0,0.0,0.2527,0.7,0.695,0,0.2624
S024,U024,R064,杏仁奶dirty（低咖啡因）,-0.7486,0.1257,0.0092,0.0,0.0,1.0,0.0,0.2527,0.7,0.6643,0,0.2609
S024,U024,R065,热可可,-0.5878,0.2061,0.0567,0.0,0.0,1.0,0.0,0.267,1.0,0.8742,0,0.336
S024,U024,R066,燕麦奶热可可,-0.4747,0.2626,0.0558,0.0,0.0,1.0,0.0,0.2667,1.0,0.5361,0,0.3387
S024,U024,R067,杏仁奶热可可,-0.48,0.26,0.0558,0.0,0.0,1.0,0.0,0.2667,1.0,0.9525,0,0.3586
S024,U024,R068,玫瑰椰椰烤奶,-0.653,0.1735,0.0734,0.0,0.0,1.0,0.0,0.272,1.0,0.5681,0,0.3115
S024,U024,R069,玫瑰菊花茶,-0.4255,0.2872,0.0984,0.0,0.0556,1.0,0.0,0.2879,1.0,0.7526,0,0.3677
S024,U024,R070,玫瑰陈皮茶,-0.4831,0.2585,0.0974,0.0,0.0556,1.0,0.0,0.2876,1.0,0.7134,0,0.3555
S024,U024,R071,金银花菊花茶,-0.4516,0.2742,0.0994,0.0,0.0556,1.0,0.0,0.2882,1.0,0.7963,0,0.3655
S024,U024,R072,菊花柠檬茶,-0.6273,0.1864,0.093,0.0,0.0556,1.0,0.0,0.2862,1.0,0.6565,0,0.3268
S024,U024,R073,薰衣草柠檬茶,-0.6292,0.1854,0.0927,0.0,0.0556,1.0,0.0,0.2862,1.0,0.8348,0,0.3354
S024,U024,R074,百花茶,-0.4885,0.2557,0.097,0.0,0.0556,1.0,0.0,0.2874,1.0,0.6218,0,0.3499
S024,U024,R075,洛神花玫瑰茶,-0.6451,0.1774,0.097,0.0,0.0556,1.0,0.0,0.2874,1.0,0.8615,0,0.3345
S024,U024,R076,洛神花苹果茶,-0.7151,0.1425,0.0962,0.0,0.0556,1.0,0.0,0.2872,1.0,0.8067,0,0.3194
S024,U024,R077,金银花荷叶茶,-0.6623,0.1688,0.095,0.0,0.0556,1.0,0.0,0.2868,1.0,0.5817,0,0.3172
S024,U024,R078,百合玫瑰茶,-0.3969,0.3016,0.1,0.0,0.0556,1.0,0.0,0.2883,1.0,0.6358,0,0.3671
S024,U024,R079,陈皮苹果茶,-0.6486,0.1757,0.0966,0.0,0.0556,1.0,0.0,0.2873,1.0,0.8205,0,0.3318
S025,U025,R001,薄荷柠檬气泡茶,-0.7333,0.1333,0.1137,0.0,0.0556,1.0,0.0,0.2925,0.7,0.6258,0,0.2796
S025,U025,R002,蜂蜜柠檬茶,0.0869,0.5435,0.1529,0.0,0.0625,1.0,0.0,0.3053,0.7,0.8227,1,0.4887
S025,U025,R003,葡萄柠檬茉莉花茶,-0.5696,0.2152,0.1304,0.0,0.0625,1.0,0.0,0.2985,0.7,0.7299,0,0.3161
S025,U025,R004,青柠桂花蜜乌龙,-0.5955,0.2022,0.1219,0.0,0.0625,1.0,0.0,0.2959,0.7,0.9967,0,0.3238
S025,U025,R005,百香果乳酸绿茶,-0.5305,0.2347,0.1056,0.0,0.0556,1.0,0.0,0.29,0.7,0.7788,0,0.3216
S025,U025,R006,百香果美式,-0.7254,0.1373,0.0539,0.0,0.0625,1.0,0.0,0.2755,0.7,0.6276,0,0.2734
S025,U025,R007,百香果美式（低咖啡因）,-0.4429,0.2785,0.099,0.0,0.1,1.0,0.0,0.2947,0.7,0.7129,0,0.3357
S025,U025,R008,杨枝甘露,-0.3208,0.3396,0.1159,0.0,0.125,1.0,0.0,0.3035,0.3,0.5132,0,0.3111
S025,U025,R009,鲜橙绿茶,-0.7682,0.1159,0.1173,0.0,0.0625,1.0,0.0,0.2946,0.7,0.8981,0,0.288
S025,U025,R010,橙C美式,-0.7378,0.1311,0.0587,0.0,0.0625,1.0,0.0,0.277,0.7,0.8975,0,0.2854
S025,U025,R011,橙C美式（低咖啡因）,-0.4158,0.2921,0.1072,0.0,0.1111,1.0,0.0,0.2988,0.7,0.8402,0,0.3487
S025,U025,R012,鲜橙养乐多,0.0847,0.5424,0.1694,0.0,0.125,1.0,0.0,0.3196,0.7,0.8729,1,0.4973
S025,U025,R013,草莓奶昔,-0.1812,0.4094,0.1175,0.0,0.125,1.0,0.0,0.304,0.7,0.5104,0,0.3756
S025,U025,R014,蓝莓奶昔,-0.0313,0.4844,0.1177,0.0,0.125,1.0,0.0,0.3041,0.7,0.8869,1,0.4707
S025,U025,R015,桃桃乌龙,-0.3306,0.3347,0.1211,0.0,0.0625,1.0,0.0,0.2957,0.7,0.8821,0,0.3643
S025,U025,R016,芒果奶昔,-0.1844,0.4078,0.1172,0.0,0.125,1.0,0.0,0.3039,0.7,0.527,0,0.3758
S025,U025,R017,柠迭莓萝气泡水,-0.5462,0.2269,0.1186,0.0,0.0625,1.0,0.0,0.2949,0.3,0.8755,0,0.2859
S025,U025,R018,茉莉苹果奶绿,-0.2907,0.3547,0.1426,0.0,0.0625,1.0,0.0,0.3022,0.7,0.8967,0,0.375
S025,U025,R019,荔枝白茶,-0.4085,0.2957,0.1211,0.0,0.0625,1.0,0.0,0.2957,0.7,0.765,0,0.3448
S025,U025,R020,超级吨吨桶,-0.7342,0.1329,0.1074,0.0,0.0556,1.0,0.0,0.2905,0.3,0.9694,0,0.2557
S025,U025,R021,芝士奶盖铁观音,-0.3059,0.347,0.0762,0.0,0.0625,1.0,0.0,0.2823,0.7,0.8765,0,0.3623
S025,U025,R022,抹茶椰青美式,-0.5944,0.2028,0.0677,0.0,0.0625,1.0,0.0,0.2797,1.0,0.5042,0,0.3221
S025,U025,R023,草莓抹茶椰,-0.3174,0.3413,0.0752,0.0,0.0625,1.0,0.0,0.2819,0.7,0.5538,0,0.344
S025,U025,R024,柠檬草薄荷气泡水,-0.5538,0.2231,0.1173,0.0,0.0625,1.0,0.0,0.2946,0.7,0.8256,0,0.3219
S025,U025,R025,蝶豆花柠檬气泡水,-0.5592,0.2204,0.1157,0.0,0.0625,1.0,0.0,0.2941,0.3,0.5696,0,0.268
S025,U025,R026,泰式奶红,-0.5132,0.2434,0.0732,0.0,0.0,1.0,0.0,0.272,1.0,0.9771,0,0.3564
S025,U025,R027,泰式奶绿,-0.5335,0.2333,0.0886,0.0,0.0,1.0,0.0,0.2766,1.0,0.9293,0,0.3526
S025,U025,R028,冰橙伯爵鸳鸯茶,-0.7361,0.132,0.0175,0.0,0.0,1.0,0.0,0.2552,1.0,0.7546,0,0.2988
S025,U025,R029,伯爵红茶奶茶,-0.728,0.136,0.069,0.0,0.0,1.0,0.0,0.2707,1.0,0.5872,0,0.2988
S025,U025,R030,焙茶豆乳,-0.5668,0.2166,0.0712,0.0,0.0,1.0,0.0,0.2713,1.0,0.7621,0,0.336
S025,U025,R031,抹茶豆乳,-0.7051,0.1475,0.0102,0.0,0.0,1.0,0.0,0.2531,1.0,0.7818,0,0.3046
S025,U025,R032,抹茶拿铁,-0.7255,0.1372,0.0106,0.0,0.0,1.0,0.0,0.2532,1.0,0.5406,0,0.289
S025,U025,R033,燕麦奶抹茶拿铁,-0.7257,0.1372,0.01,0.0,0.0,1.0,0.0,0.253,1.0,0.5209,0,0.2879
S025,U025,R034,椰奶抹茶拿铁,-0.733,0.1335,0.0106,0.0,0.0,1.0,0.0,0.2532,1.0,0.9844,0,0.3099
S025,U025,R035,杏仁奶抹茶拿铁,-0.7253,0.1374,0.01,0.0,0.0,1.0,0.0,0.253,1.0,0.9416,0,0.309
S025,U025,R036,港式鸳鸯,-0.7223,0.1389,0.008,0.0,0.0,1.0,0.0,0.2524,1.0,0.733,0,0.2988
S025,U025,R037,拿铁,-0.7264,0.1368,0.0,0.0,0.0,1.0,0.0,0.25,1.0,0.5373,0,0.2872
S025,U025,R038,燕麦奶拿铁,-0.7394,0.1303,0.0,0.0,0.0,1.0,0.0,0.25,1.0,0.6444,0,0.2903
S025,U025,R039,椰奶拿铁,-0.7287,0.1357,0.0,0.0,0.0,1.0,0.0,0.25,1.0,0.9308,0,0.3065
S025,U025,R040,杏仁奶拿铁,-0.7365,0.1317,0.0,0.0,0.0,1.0,0.0,0.25,1.0,0.9452,0,0.3059
S025,U025,R041,拿铁（低咖啡因）,-0.7259,0.137,0.0,0.0,0.0,1.0,0.0,0.25,1.0,0.7562,0,0.2983
S025,U025,R042,燕麦奶拿铁（低咖啡因）,-0.7251,0.1374,0.0,0.0,0.0,1.0,0.0,0.25,1.0,0.8458,0,0.3029
S025,U025,R043,椰奶拿铁（低咖啡因）,-0.7166,0.1417,0.0,0.0,0.0,1.0,0.0,0.25,1.0,0.8427,0,0.3042
S025,U025,R044,杏仁奶拿铁（低咖啡因）,-0.7242,0.1379,0.0,0.0,0.0,1.0,0.0,0.25,1.0,0.9735,0,0.3094
S025,U025,R045,卡布奇诺,-0.7305,0.1347,0.0,0.0,0.0,1.0,0.0,0.25,1.0,0.7706,0,0.2982
S025,U025,R046,卡布奇诺（低咖啡因）,-0.7259,0.137,0.0,0.0,0.0,1.0,0.0,0.25,1.0,0.8934,0,0.3051
S025,U025,R047,西班牙拿铁,-0.724,0.138,0.0,0.0,0.0,1.0,0.0,0.25,1.0,0.8049,0,0.301
S025,U025,R048,西班牙拿铁（低咖啡因）,-0.725,0.1375,0.0,0.0,0.0,1.0,0.0,0.25,1.0,0.9175,0,0.3065
S025,U025,R049,摩卡,-0.7266,0.1367,0.0,0.0,0.0,1.0,0.0,0.25,1.0,0.6087,0,0.2908
S025,U025,R050,燕麦奶摩卡,-0.7298,0.1351,0.0,0.0,0.0,1.0,0.0,0.25,1.0,0.5429,0,0.2869
S025,U025,R051,椰奶摩卡,-0.731,0.1345,0.0,0.0,0.0,1.0,0.0,0.25,1.0,0.7958,0,0.2994
S025,U025,R052,杏仁奶摩卡,-0.7324,0.1338,0.0,0.0,0.0,1.0,0.0,0.25,1.0,0.8711,0,0.3029
S025,U025,R053,摩卡（低咖啡因）,-0.7251,0.1375,0.0,0.0,0.0,1.0,0.0,0.25,1.0,0.9229,0,0.3068
S025,U025,R054,燕麦奶摩卡（低咖啡因）,-0.7238,0.1381,0.0,0.0,0.0,1.0,0.0,0.25,1.0,0.7092,0,0.2963
S025,U025,R055,椰奶摩卡（低咖啡因）,-0.7245,0.1378,0.0,0.0,0.0,1.0,0.0,0.25,1.0,0.9467,0,0.308
S025,U025,R056,杏仁奶摩卡（低咖啡因）,-0.719,0.1405,0.0,0.0,0.0,1.0,0.0,0.25,1.0,0.5449,0,0.2889
S025,U025,R057,dirty,-0.7245,0.1377,0.0,0.0,0.0,1.0,0.0,0.25,0.7,0.7438,0,0.2679
S025,U025,R058,燕麦奶dirty,-0.7267,0.1366,0.0,0.0,0.0,1.0,0.0,0.25,0.7,0.8289,0,0.2718
S025,U025,R059,椰奶dirty,-0.7266,0.1367,0.0,0.0,0.0,1.0,0.0,0.25,0.7,0.5868,0,0.2597
S025,U025,R060,杏仁奶dirty,-0.7278,0.1361,0.0,0.0,0.0,1.0,0.0,0.25,0.7,0.9561,0,0.2779
S025,U025,R061,dirty（低咖啡因）,-0.7195,0.1402,0.0,0.0,0.0,1.0,0.0,0.25,0.7,0.7052,0,0.2668
S025,U025,R062,燕麦奶dirty（低咖啡因）,-0.716,0.142,0.0,0.0,0.0,1.0,0.0,0.25,0.7,0.7157,0,0.268
S025,U025,R063,椰奶dirty（低咖啡因）,-0.7172,0.1414,0.0,0.0,0.0,1.0,0.0,0.25,0.7,0.6364,0,0.2638
S025,U025,R064,杏仁奶dirty（低咖啡因）,-0.7203,0.1398,0.0,0.0,0.0,1.0,0.0,0.25,0.7,0.731,0,0.268
S025,U025,R065,热可可,-0.5191,0.2405,0.0567,0.0,0.0625,1.0,0.0,0.2764,1.0,0.7797,0,0.3475
S025,U025,R066,燕麦奶热可可,-0.4091,0.2954,0.0558,0.0,0.0625,1.0,0.0,0.2761,1.0,0.8799,0,0.3716
S025,U025,R067,杏仁奶热可可,-0.4097,0.2952,0.0558,0.0,0.0625,1.0,0.0,0.2761,1.0,0.6343,0,0.3593
S025,U025,R068,玫瑰椰椰烤奶,-0.6838,0.1581,0.082,0.0,0.0,1.0,0.0,0.2746,1.0,0.7738,0,0.3176
S025,U025,R069,玫瑰菊花茶,-0.4618,0.2691,0.1218,0.0,0.0556,1.0,0.0,0.2949,1.0,0.9449,0,0.3741
S025,U025,R070,玫瑰陈皮茶,-0.4724,0.2638,0.1199,0.0,0.0556,1.0,0.0,0.2943,1.0,0.5137,0,0.3504
S025,U025,R071,金银花菊花茶,-0.4908,0.2546,0.1239,0.0,0.0556,1.0,0.0,0.2955,1.0,0.6794,0,0.3561
S025,U025,R072,菊花柠檬茶,-0.0513,0.4744,0.1486,0.0,0.1111,1.0,0.0,0.3112,1.0,0.9255,1,0.5023
S025,U025,R073,薰衣草柠檬茶,-0.0619,0.4691,0.148,0.0,0.1111,1.0,0.0,0.3111,1.0,0.6532,1,0.4868
S025,U025,R074,百花茶,-0.5706,0.2147,0.119,0.0,0.0556,1.0,0.0,0.294,1.0,0.8035,0,0.3476
S025,U025,R075,洛神花玫瑰茶,-0.5312,0.2344,0.119,0.0,0.0556,1.0,0.0,0.294,1.0,0.5167,0,0.3402
S025,U025,R076,洛神花苹果茶,-0.5936,0.2032,0.1173,0.0,0.0556,1.0,0.0,0.2935,1.0,0.9823,0,0.3523
S025,U025,R077,金银花荷叶茶,-0.6752,0.1624,0.115,0.0,0.0556,1.0,0.0,0.2928,1.0,0.671,0,0.3221
S025,U025,R078,百合玫瑰茶,-0.4207,0.2896,0.1125,0.0,0.0556,1.0,0.0,0.2921,1.0,0.9644,0,0.381
S025,U025,R079,陈皮苹果茶,-0.602,0.199,0.1181,0.0,0.0556,1.0,0.0,0.2938,1.0,0.7209,0,0.3379
S026,U026,R001,薄荷柠檬气泡茶,-0.7601,0.1199,0.0685,0.0,0.0556,1.0,0.0,0.2789,0.7,0.5125,0,0.0
S026,U026,R002,蜂蜜柠檬茶,0.0151,0.5076,0.0886,0.0,0.0625,1.0,0.0,0.286,0.7,0.5884,1,0.4558
S026,U026,R003,葡萄柠檬茉莉花茶,-0.2374,0.3813,0.0774,0.0,0.0625,1.0,0.0,0.2826,0.7,0.975,0,0.3794
S026,U026,R004,青柠桂花蜜乌龙,-0.3868,0.3066,0.0849,0.0,0.0625,1.0,0.0,0.2848,0.7,0.6973,0,0.3403
S026,U026,R005,百香果乳酸绿茶,-0.6578,0.1711,0.0604,0.0,0.0556,1.0,0.0,0.2765,0.7,0.9227,0,0.3004
S026,U026,R006,百香果美式,-0.7603,0.1198,0.0716,0.0,0.0625,1.0,0.0,0.2809,0.7,0.9075,0,0.0
S026,U026,R007,百香果美式（低咖啡因）,-0.6863,0.1568,0.0667,0.0,0.05,1.0,0.0,0.2775,0.7,0.839,0,0.0
S026,U026,R008,杨枝甘露,-0.5906,0.2047,0.0659,0.0,0.0625,1.0,0.0,0.2792,0.3,0.9635,0,0.2755
S026,U026,R009,鲜橙绿茶,-0.723,0.1385,0.0675,0.0,0.0625,1.0,0.0,0.2796,0.7,0.9288,0,0.2907
S026,U026,R010,橙C美式,-0.7762,0.1119,0.0762,0.0,0.0714,1.0,0.0,0.2836,0.7,0.9017,0,0.0
S026,U026,R011,橙C美式（低咖啡因）,-0.6828,0.1586,0.0708,0.0,0.0556,1.0,0.0,0.2796,0.7,0.5902,0,0.0
S026,U026,R012,鲜橙养乐多,-0.2426,0.3787,0.0679,0.0,0.0625,1.0,0.0,0.2797,0.7,0.9171,0,0.3743
S026,U026,R013,草莓奶昔,-0.4647,0.2676,0.0762,0.0,0.0714,1.0,0.0,0.2836,0.7,0.5835,0,0.3205
S026,U026,R014,蓝莓奶昔,-0.3153,0.3423,0.0766,0.0,0.0625,1.0,0.0,0.2824,0.7,0.9863,0,0.3662
S026,U026,R015,桃桃乌龙,-0.0646,0.4677,0.0969,0.0,0.0625,1.0,0.0,0.2884,0.7,0.807,1,0.4538
S026,U026,R016,芒果奶昔,-0.4634,0.2683,0.0758,0.0,0.0625,1.0,0.0,0.2821,0.7,0.8901,0,0.3354
S026,U026,R017,柠迭莓萝气泡水,-0.6031,0.1984,0.0664,0.0,0.0625,1.0,0.0,0.2793,0.3,0.6025,0,0.0
S026,U026,R018,茉莉苹果奶绿,0.0287,0.5144,0.0864,0.0,0.0714,1.0,0.0,0.2866,0.7,0.7247,1,0.4652
S026,U026,R019,荔枝白茶,-0.1098,0.4451,0.0865,0.0,0.0625,1.0,0.0,0.2853,0.7,0.6217,0,0.3852
S026,U026,R020,超级吨吨桶,-0.7592,0.1204,0.0634,0.0,0.0556,1.0,0.0,0.2773,0.3,0.6471,0,0.2293
S026,U026,R021,芝士奶盖铁观音,-0.0562,0.4719,0.0762,0.0,0.0714,1.0,0.0,0.2836,0.7,0.7073,0,0.3981
S026,U026,R022,抹茶椰青美式,-0.5727,0.2137,0.0855,0.0,0.0714,1.0,0.0,0.2864,1.0,0.5247,0,0.0
S026,U026,R023,草莓抹茶椰,-0.2186,0.3907,0.0847,0.0,0.0714,1.0,0.0,0.2861,0.7,0.8089,0,0.0
S026,U026,R024,柠檬草薄荷气泡水,-0.6726,0.1637,0.0675,0.0,0.0625,1.0,0.0,0.2796,0.7,0.5404,0,0.0
S026,U026,R025,蝶豆花柠檬气泡水,-0.6698,0.1651,0.0663,0.0,0.0625,1.0,0.0,0.2793,0.3,0.6625,0,0.0
S026,U026,R026,泰式奶红,-0.5117,0.2441,0.0254,0.0,0.0,1.0,0.0,0.2576,1.0,0.8392,0,0.3433
S026,U026,R027,泰式奶绿,-0.5119,0.2441,0.0324,0.0,0.0,1.0,0.0,0.2597,1.0,0.9996,0,0.3523
S026,U026,R028,冰橙伯爵鸳鸯茶,-0.7665,0.1167,0.0175,0.0,0.0,1.0,0.0,0.2552,1.0,0.6222,0,0.0
S026,U026,R029,伯爵红茶奶茶,-0.7584,0.1208,0.0095,0.0,0.0,1.0,0.0,0.2528,1.0,0.9617,0,0.3041
S026,U026,R030,焙茶豆乳,-0.5881,0.2059,0.0212,0.0,0.0,1.0,0.0,0.2563,1.0,0.6382,0,0.3193
S026,U026,R031,抹茶豆乳,-0.7523,0.1239,0.0204,0.0,0.0,1.0,0.0,0.2561,1.0,0.6455,0,0.0
S026,U026,R032,抹茶拿铁,-0.7576,0.1212,0.0106,0.0,0.0,1.0,0.0,0.2532,1.0,0.8243,0,0.0
S026,U026,R033,燕麦奶抹茶拿铁,-0.7752,0.1124,0.03,0.0,0.0,1.0,0.0,0.259,1.0,0.6192,0,0.0
S026,U026,R034,椰奶抹茶拿铁,-0.7685,0.1157,0.0106,0.0,0.0,1.0,0.0,0.2532,1.0,0.5695,0,0.0
S026,U026,R035,杏仁奶抹茶拿铁,-0.7521,0.1239,0.03,0.0,0.0,1.0,0.0,0.259,1.0,0.8265,0,0.0
S026,U026,R036,港式鸳鸯,-0.7534,0.1233,0.008,0.0,0.0,1.0,0.0,0.2524,1.0,0.7152,0,0.0
S026,U026,R037,拿铁,-0.7553,0.1224,0.0,0.0,0.0,1.0,0.0,0.25,1.0,0.9832,0,0.0
S026,U026,R038,燕麦奶拿铁,-0.7686,0.1157,0.0193,0.0,0.0,1.0,0.0,0.2558,1.0,0.9843,0,0.0
S026,U026,R039,椰奶拿铁,-0.7548,0.1226,0.0,0.0,0.0,1.0,0.0,0.25,1.0,0.6393,0,0.0
S026,U026,R040,杏仁奶拿铁,-0.761,0.1195,0.0193,0.0,0.0,1.0,0.0,0.2558,1.0,0.6564,0,0.0
S026,U026,R041,拿铁（低咖啡因）,-0.7518,0.1241,0.0106,0.0,0.0,1.0,0.0,0.2532,1.0,0.6763,0,0.0
S026,U026,R042,燕麦奶拿铁（低咖啡因）,-0.7532,0.1234,0.0212,0.0,0.0,1.0,0.0,0.2563,1.0,0.6083,0,0.0
S026,U026,R043,椰奶拿铁（低咖啡因）,-0.7456,0.1272,0.01,0.0,0.0,1.0,0.0,0.253,1.0,0.7068,0,0.0
S026,U026,R044,杏仁奶拿铁（低咖啡因）,-0.7564,0.1218,0.0212,0.0,0.0,1.0,0.0,0.2563,1.0,0.7054,0,0.0
S026,U026,R045,卡布奇诺,-0.7585,0.1208,0.009,0.0,0.0,1.0,0.0,0.2527,1.0,0.7877,0,0.0
S026,U026,R046,卡布奇诺（低咖啡因）,-0.7584,0.1208,0.019,0.0,0.0,1.0,0.0,0.2557,1.0,0.7396,0,0.0
S026,U026,R047,西班牙拿铁,-0.7535,0.1232,0.0083,0.0,0.0,1.0,0.0,0.2525,1.0,0.8009,0,0.0
S026,U026,R048,西班牙拿铁（低咖啡因）,-0.7553,0.1223,0.0172,0.0,0.0,1.0,0.0,0.2552,1.0,0.6729,0,0.0
S026,U026,R049,摩卡,-0.751,0.1245,0.0,0.0,0.0,1.0,0.0,0.25,1.0,0.7385,0,0.0
S026,U026,R050,燕麦奶摩卡,-0.7535,0.1233,0.0169,0.0,0.0,1.0,0.0,0.2551,1.0,0.7305,0,0.0
S026,U026,R051,椰奶摩卡,-0.7529,0.1235,0.0,0.0,0.0,1.0,0.0,0.25,1.0,0.9127,0,0.0
S026,U026,R052,杏仁奶摩卡,-0.7538,0.1231,0.0172,0.0,0.0,1.0,0.0,0.2552,1.0,0.7075,0,0.0
S026,U026,R053,摩卡（低咖啡因）,-0.7473,0.1264,0.0092,0.0,0.0,1.0,0.0,0.2527,1.0,0.689,0,0.0
S026,U026,R054,燕麦奶摩卡（低咖啡因）,-0.7489,0.1255,0.018,0.0,0.0,1.0,0.0,0.2554,1.0,0.9058,0,0.0
S026,U026,R055,椰奶摩卡（低咖啡因）,-0.7487,0.1256,0.0089,0.0,0.0,1.0,0.0,0.2527,1.0,0.521,0,0.0
S026,U026,R056,杏仁奶摩卡（低咖啡因）,-0.7435,0.1282,0.018,0.0,0.0,1.0,0.0,0.2554,1.0,0.9923,0,0.0
S026,U026,R057,dirty,-0.7527,0.1236,0.0,0.0,0.0,1.0,0.0,0.25,0.7,0.829,0,0.0
S026,U026,R058,燕麦奶dirty,-0.7536,0.1232,0.0172,0.0,0.0,1.0,0.0,0.2552,0.7,0.5376,0,0.0
S026,U026,R059,椰奶dirty,-0.754,0.123,0.0,0.0,0.0,1.0,0.0,0.25,0.7,0.8373,0,0.0
S026,U026,R060,杏仁奶dirty,-0.7519,0.1241,0.0172,0.0,0.0,1.0,0.0,0.2552,0.7,0.9541,0,0.0
S026,U026,R061,dirty（低咖啡因）,-0.7475,0.1262,0.0092,0.0,0.0,1.0,0.0,0.2527,0.7,0.835,0,0.0
S026,U026,R062,燕麦奶dirty（低咖啡因）,-0.7454,0.1273,0.0183,0.0,0.0,1.0,0.0,0.2555,0.7,0.6522,0,0.0
S026,U026,R063,椰奶dirty（低咖啡因）,-0.7452,0.1274,0.0089,0.0,0.0,1.0,0.0,0.2527,0.7,0.9547,0,0.0
S026,U026,R064,杏仁奶dirty（低咖啡因）,-0.7468,0.1266,0.0183,0.0,0.0,1.0,0.0,0.2555,0.7,0.8431,0,0.0
S026,U026,R065,热可可,-0.5836,0.2082,0.0,0.0,0.0,1.0,0.0,0.25,1.0,0.6276,0,0.3167
S026,U026,R066,燕麦奶热可可,-0.4925,0.2538,0.0216,0.0,0.0,1.0,0.0,0.2565,1.0,0.6587,0,0.3372
S026,U026,R067,杏仁奶热可可,-0.4994,0.2503,0.0216,0.0,0.0,1.0,0.0,0.2565,1.0,0.7152,0,0.3388
S026,U026,R068,玫瑰椰椰烤奶,-0.7435,0.1282,0.0172,0.0,0.0,1.0,0.0,0.2552,1.0,0.6377,0,0.2916
S026,U026,R069,玫瑰菊花茶,-0.4563,0.2718,0.0843,0.0,0.0,1.0,0.0,0.2753,1.0,0.586,0,0.3483
S026,U026,R070,玫瑰陈皮茶,-0.4571,0.2714,0.0824,0.0,0.0,1.0,0.0,0.2747,1.0,0.9711,0,0.3672
S026,U026,R071,金银花菊花茶,-0.4804,0.2598,0.0864,0.0,0.0,1.0,0.0,0.2759,1.0,0.6647,0,0.3483
S026,U026,R072,菊花柠檬茶,-0.0562,0.4719,0.1111,0.0,0.0556,1.0,0.0,0.2917,1.0,0.9455,1,0.4937
S026,U026,R073,薰衣草柠檬茶,-0.07,0.465,0.1105,0.0,0.0556,1.0,0.0,0.2915,1.0,0.8095,1,0.4844
S026,U026,R074,百花茶,-0.539,0.2305,0.0815,0.0,0.0,1.0,0.0,0.2744,1.0,0.6469,0,0.3365
S026,U026,R075,洛神花玫瑰茶,-0.5756,0.2122,0.0815,0.0,0.0,1.0,0.0,0.2744,1.0,0.6564,0,0.3306
S026,U026,R076,洛神花苹果茶,-0.6017,0.1992,0.0798,0.0,0.0,1.0,0.0,0.2739,1.0,0.7212,0,0.329
S026,U026,R077,金银花荷叶茶,-0.7036,0.1482,0.0775,0.0,0.0,1.0,0.0,0.2732,1.0,0.5153,0,0.3006
S026,U026,R078,百合玫瑰茶,-0.4128,0.2936,0.075,0.0,0.0,1.0,0.0,0.2725,1.0,0.927,0,0.3717
S026,U026,R079,陈皮苹果茶,-0.6386,0.1807,0.0806,0.0,0.0,1.0,0.0,0.2742,1.0,0.7496,0,0.3241
S027,U027,R001,薄荷柠檬气泡茶,-0.764,0.118,0.106,0.1111,0.0556,1.0,0.0,0.3124,0.7,0.8875,0,0.2963
S027,U027,R002,蜂蜜柠檬茶,-0.1488,0.4256,0.1449,0.2,0.0625,1.0,0.0,0.3428,0.7,0.9579,1,0.4711
S027,U027,R003,葡萄柠檬茉莉花茶,-0.6165,0.1917,0.1224,0.1429,0.0625,1.0,0.0,0.3247,0.7,0.8383,0,0.3251
S027,U027,R004,青柠桂花蜜乌龙,-0.5934,0.2033,0.1219,0.1667,0.0625,1.0,0.0,0.3293,0.7,0.6687,0,0.3228
S027,U027,R005,百香果乳酸绿茶,-0.5607,0.2197,0.0979,0.1429,0.0556,1.0,0.0,0.3163,0.7,0.5878,0,0.3186
S027,U027,R006,百香果美式,-0.7517,0.1241,0.1255,0.1111,0.0625,1.0,0.0,0.3192,0.7,0.8236,0,0.2983
S027,U027,R007,百香果美式（低咖啡因）,-0.3541,0.323,0.1162,0.1111,0.05,1.0,0.0,0.3146,0.7,0.8247,0,0.3658
S027,U027,R008,杨枝甘露,-0.0304,0.4848,0.1819,0.125,0.0625,1.0,0.0,0.3389,0.3,0.8211,0,0.3932
S027,U027,R009,鲜橙绿茶,-0.7609,0.1195,0.1084,0.1429,0.0625,1.0,0.0,0.3205,0.7,0.5534,0,0.2837
S027,U027,R010,橙C美式,-0.7462,0.1269,0.1349,0.1111,0.0625,1.0,0.0,0.3221,0.7,0.728,0,0.2958
S027,U027,R011,橙C美式（低咖啡因）,-0.2533,0.3733,0.1244,0.1111,0.0556,1.0,0.0,0.3179,0.7,0.9399,0,0.3907
S027,U027,R012,鲜橙养乐多,0.1342,0.5671,0.1808,0.1429,0.0625,1.0,0.0,0.3422,0.7,0.6096,1,0.503
S027,U027,R013,草莓奶昔,0.137,0.5685,0.1937,0.125,0.0625,1.0,0.0,0.3425,0.7,0.6866,1,0.5074
S027,U027,R014,蓝莓奶昔,0.239,0.6195,0.2032,0.125,0.0625,1.0,0.0,0.3453,0.7,0.6355,1,0.524
S027,U027,R015,桃桃乌龙,-0.3146,0.3427,0.1315,0.2,0.0625,1.0,0.0,0.3388,0.7,0.6055,0,0.3727
S027,U027,R016,芒果奶昔,0.1343,0.5671,0.193,0.125,0.0625,1.0,0.0,0.3423,0.7,0.7215,1,0.5086
S027,U027,R017,柠迭莓萝气泡水,-0.5464,0.2268,0.1257,0.1111,0.0625,1.0,0.0,0.3193,0.3,0.8416,0,0.2951
S027,U027,R018,茉莉苹果奶绿,-0.5299,0.2351,0.1426,0.1429,0.0625,1.0,0.0,0.3307,0.7,0.6824,0,0.3352
S027,U027,R019,荔枝白茶,-0.42,0.29,0.1315,0.2,0.0625,1.0,0.0,0.3388,0.7,0.8473,0,0.3663
S027,U027,R020,超级吨吨桶,-0.7686,0.1157,0.1009,0.1111,0.0556,1.0,0.0,0.3108,0.3,0.6183,0,0.2413
S027,U027,R021,芝士奶盖铁观音,-0.5057,0.2471,0.1486,0.0,0.0625,1.0,0.0,0.3039,0.7,0.5348,0,0.32
S027,U027,R022,抹茶椰青美式,-0.6515,0.1743,0.1355,0.125,0.0625,1.0,0.0,0.325,1.0,0.7674,0,0.3456
S027,U027,R023,草莓抹茶椰,-0.4768,0.2616,0.1409,0.1667,0.0625,1.0,0.0,0.335,0.7,0.5825,0,0.3414
S027,U027,R024,柠檬草薄荷气泡水,-0.5755,0.2122,0.1173,0.1111,0.0625,1.0,0.0,0.3168,0.7,0.9987,0,0.3368
S027,U027,R025,蝶豆花柠檬气泡水,-0.5808,0.2096,0.1157,0.1,0.0625,1.0,0.0,0.3141,0.3,0.5614,0,0.2728
S027,U027,R026,泰式奶红,-0.6173,0.1914,0.0897,0.0,0.0,1.0,0.0,0.2769,1.0,0.6809,0,0.3256
S027,U027,R027,泰式奶绿,-0.6442,0.1779,0.0886,0.0,0.0,1.0,0.0,0.2766,1.0,0.9034,0,0.3319
S027,U027,R028,冰橙伯爵鸳鸯茶,-0.7575,0.1212,0.0905,0.0,0.0,1.0,0.0,0.2771,1.0,0.5917,0,0.2967
S027,U027,R029,伯爵红茶奶茶,-0.7606,0.1197,0.069,0.0,0.0,1.0,0.0,0.2707,1.0,0.9939,0,0.3134
S027,U027,R030,焙茶豆乳,-0.5845,0.2078,0.0712,0.0,0.0,1.0,0.0,0.2713,1.0,0.5585,0,0.3227
S027,U027,R031,抹茶豆乳,-0.6784,0.1608,0.0704,0.0,0.0,1.0,0.0,0.2711,1.0,0.8426,0,0.3204
S027,U027,R032,抹茶拿铁,-0.7557,0.1222,0.0606,0.0,0.0,1.0,0.0,0.2682,1.0,0.8513,0,0.306
S027,U027,R033,燕麦奶抹茶拿铁,-0.6951,0.1525,0.07,0.0,0.0,1.0,0.0,0.271,1.0,0.5668,0,0.3037
S027,U027,R034,椰奶抹茶拿铁,-0.7555,0.1222,0.0712,0.1667,0.0,1.0,0.0,0.3047,1.0,0.6581,0,0.3128
S027,U027,R035,杏仁奶抹茶拿铁,-0.7532,0.1234,0.07,0.0,0.0,1.0,0.0,0.271,1.0,0.7335,0,0.3018
S027,U027,R036,港式鸳鸯,-0.7579,0.1211,0.0569,0.0,0.0,1.0,0.0,0.2671,1.0,0.8424,0,0.3047
S027,U027,R037,拿铁,-0.7592,0.1204,0.06,0.0,0.0,1.0,0.0,0.268,1.0,0.6012,0,0.2928
S027,U027,R038,燕麦奶拿铁,-0.7223,0.1388,0.0693,0.0,0.0,1.0,0.0,0.2708,1.0,0.9843,0,0.3197
S027,U027,R039,椰奶拿铁,-0.7566,0.1217,0.069,0.1429,0.0,1.0,0.0,0.2993,1.0,0.8185,0,0.3182
S027,U027,R040,杏仁奶拿铁,-0.7562,0.1219,0.0693,0.0,0.0,1.0,0.0,0.2708,1.0,0.9618,0,0.3126
S027,U027,R041,拿铁（低咖啡因）,-0.7635,0.1183,0.0106,0.0,0.0,1.0,0.0,0.2532,1.0,0.9755,0,0.3041
S027,U027,R042,燕麦奶拿铁（低咖啡因）,-0.7571,0.1214,0.0106,0.0,0.0,1.0,0.0,0.2532,1.0,0.8637,0,0.2996
S027,U027,R043,椰奶拿铁（低咖啡因）,-0.7545,0.1228,0.02,0.1111,0.0,1.0,0.0,0.2782,1.0,0.9329,0,0.3148
S027,U027,R044,杏仁奶拿铁（低咖啡因）,-0.7532,0.1234,0.0106,0.0,0.0,1.0,0.0,0.2532,1.0,0.9854,0,0.3064
S027,U027,R045,卡布奇诺,-0.7587,0.1207,0.059,0.0,0.0,1.0,0.0,0.2677,1.0,0.6906,0,0.2972
S027,U027,R046,卡布奇诺（低咖啡因）,-0.7541,0.123,0.0095,0.0,0.0,1.0,0.0,0.2528,1.0,0.7055,0,0.2921
S027,U027,R047,西班牙拿铁,-0.7579,0.121,0.0492,0.0,0.0,1.0,0.0,0.2648,1.0,0.7898,0,0.301
S027,U027,R048,西班牙拿铁（低咖啡因）,-0.7575,0.1213,0.0086,0.0,0.0,1.0,0.0,0.2526,1.0,0.9567,0,0.3039
S027,U027,R049,摩卡,-0.7622,0.1189,0.0464,0.0,0.0,1.0,0.0,0.2639,1.0,0.6498,0,0.2929
S027,U027,R050,燕麦奶摩卡,-0.754,0.123,0.0544,0.0,0.0,1.0,0.0,0.2663,1.0,0.5159,0,0.2887
S027,U027,R051,椰奶摩卡,-0.7604,0.1198,0.0625,0.1429,0.0,1.0,0.0,0.2973,1.0,0.9359,0,0.3225
S027,U027,R052,杏仁奶摩卡,-0.7599,0.1201,0.0622,0.0,0.0,1.0,0.0,0.2687,1.0,0.9545,0,0.3107
S027,U027,R053,摩卡（低咖啡因）,-0.7645,0.1178,0.0092,0.0,0.0,1.0,0.0,0.2527,1.0,0.8654,0,0.2982
S027,U027,R054,燕麦奶摩卡（低咖啡因）,-0.76,0.12,0.009,0.0,0.0,1.0,0.0,0.2527,1.0,0.9619,0,0.3038
S027,U027,R055,椰奶摩卡（低咖啡因）,-0.7584,0.1208,0.0177,0.1111,0.0,1.0,0.0,0.2775,1.0,0.674,0,0.3009
S027,U027,R056,杏仁奶摩卡（低咖啡因）,-0.7571,0.1215,0.009,0.0,0.0,1.0,0.0,0.2527,1.0,0.9436,0,0.3034
S027,U027,R057,dirty,-0.7599,0.1201,0.0539,0.0,0.0,1.0,0.0,0.2662,0.7,0.8887,0,0.2762
S027,U027,R058,燕麦奶dirty,-0.7537,0.1231,0.0622,0.0,0.0,1.0,0.0,0.2687,0.7,0.911,0,0.2796
S027,U027,R059,椰奶dirty,-0.7574,0.1213,0.0622,0.125,0.0,1.0,0.0,0.2937,0.7,0.9069,0,0.29
S027,U027,R060,杏仁奶dirty,-0.7572,0.1214,0.0622,0.0,0.0,1.0,0.0,0.2687,0.7,0.8859,0,0.2777
S027,U027,R061,dirty（低咖啡因）,-0.7579,0.121,0.0092,0.0,0.0,1.0,0.0,0.2527,0.7,0.5718,0,0.2547
S027,U027,R062,燕麦奶dirty（低咖啡因）,-0.7531,0.1235,0.0092,0.0,0.0,1.0,0.0,0.2527,0.7,0.6222,0,0.258
S027,U027,R063,椰奶dirty（低咖啡因）,-0.7523,0.1239,0.0177,0.1,0.0,1.0,0.0,0.2753,0.7,0.8865,0,0.2816
S027,U027,R064,杏仁奶dirty（低咖啡因）,-0.7567,0.1216,0.0092,0.0,0.0,1.0,0.0,0.2527,0.7,0.7318,0,0.2629
S027,U027,R065,热可可,-0.6416,0.1792,0.1134,0.0,0.0,1.0,0.0,0.284,1.0,0.5978,0,0.3204
S027,U027,R066,燕麦奶热可可,-0.5134,0.2433,0.1224,0.0,0.0,1.0,0.0,0.2867,1.0,0.858,0,0.3571
S027,U027,R067,杏仁奶热可可,-0.5166,0.2417,0.1224,0.0,0.0,1.0,0.0,0.2867,1.0,0.9972,0,0.3635
S027,U027,R068,玫瑰椰椰烤奶,-0.6682,0.1659,0.0734,0.125,0.0,1.0,0.0,0.297,1.0,0.7272,0,0.3281
S027,U027,R069,玫瑰菊花茶,-0.4968,0.2516,0.1218,0.0,0.0,1.0,0.0,0.2865,1.0,0.6577,0,0.3499
S027,U027,R070,玫瑰陈皮茶,-0.6089,0.1956,0.1311,0.1667,0.0,1.0,0.0,0.3227,1.0,0.9027,0,0.3588
S027,U027,R071,金银花菊花茶,-0.4748,0.2626,0.1239,0.0,0.0,1.0,0.0,0.2872,1.0,0.9956,0,0.3709
S027,U027,R072,菊花柠檬茶,-0.3616,0.3192,0.1576,0.1429,0.0556,1.0,0.0,0.3342,1.0,0.9009,0,0.4071
S027,U027,R073,薰衣草柠檬茶,-0.3777,0.3111,0.1569,0.125,0.0556,1.0,0.0,0.3304,1.0,0.8267,0,0.3989
S027,U027,R074,百花茶,-0.599,0.2005,0.119,0.0,0.0,1.0,0.0,0.2857,1.0,0.7679,0,0.3371
S027,U027,R075,洛神花玫瑰茶,-0.5693,0.2153,0.119,0.0,0.0,1.0,0.0,0.2857,1.0,0.7476,0,0.3413
S027,U027,R076,洛神花苹果茶,-0.7231,0.1384,0.1279,0.1667,0.0,1.0,0.0,0.3217,1.0,0.9265,0,0.3395
S027,U027,R077,金银花荷叶茶,-0.6379,0.181,0.115,0.0,0.0,1.0,0.0,0.2845,1.0,0.5142,0,0.3171
S027,U027,R078,百合玫瑰茶,-0.4637,0.2682,0.1125,0.0,0.0,1.0,0.0,0.2838,1.0,0.5888,0,0.351
S027,U027,R079,陈皮苹果茶,-0.7161,0.1419,0.1289,0.1667,0.0,1.0,0.0,0.322,1.0,0.6953,0,0.3293
S028,U028,R001,薄荷柠檬气泡茶,-0.7266,0.1367,0.0685,0.0,0.0,0.65,0.0,0.183,0.7,0.8687,0,0.0
S028,U028,R002,蜂蜜柠檬茶,-0.552,0.224,0.0985,0.0,0.0,1.0,0.0,0.2796,0.7,0.9661,0,0.3225
S028,U028,R003,葡萄柠檬茉莉花茶,-0.5728,0.2136,0.0774,0.0,0.0,1.0,0.0,0.2732,0.7,0.8531,0,0.3104
S028,U028,R004,青柠桂花蜜乌龙,-0.7319,0.1341,0.0769,0.0,0.0,1.0,0.0,0.2731,0.7,0.6478,0,0.2722
S028,U028,R005,百香果乳酸绿茶,-0.6456,0.1772,0.0229,0.0,0.0,1.0,0.0,0.2569,0.7,0.7291,0,0.2841
S028,U028,R006,百香果美式,-0.7485,0.1257,0.0716,0.0,0.0,0.65,0.0,0.184,0.7,0.5288,0,0.0
S028,U028,R007,百香果美式（低咖啡因）,-0.7609,0.1195,0.0839,0.0,0.0,0.65,0.0,0.1877,0.7,0.5976,0,0.0
S028,U028,R008,杨枝甘露,-0.599,0.2005,0.008,0.0,0.0,1.0,0.0,0.2524,0.3,0.8084,0,0.2542
S028,U028,R009,鲜橙绿茶,-0.8124,0.0938,0.0675,0.0,0.0,1.0,0.0,0.2703,0.7,0.5802,0,0.2535
S028,U028,R010,橙C美式,-0.7466,0.1267,0.0762,0.0,0.0,0.65,0.0,0.1854,0.7,0.9237,0,0.0
S028,U028,R011,橙C美式（低咖啡因）,-0.7151,0.1425,0.088,0.0,0.0,0.65,0.0,0.1889,0.7,0.9954,0,0.0
S028,U028,R012,鲜橙养乐多,-0.6326,0.1837,0.0,0.0,0.0,1.0,0.0,0.25,0.7,0.7775,0,0.2857
S028,U028,R013,草莓奶昔,-0.5228,0.2386,0.0175,0.0,0.0,1.0,0.0,0.2552,0.7,0.8953,0,0.3131
S028,U028,R014,蓝莓奶昔,-0.521,0.2395,0.0177,0.0,0.0,1.0,0.0,0.2553,0.7,0.6536,0,0.3014
S028,U028,R015,桃桃乌龙,-0.631,0.1845,0.0761,0.0,0.0,1.0,0.0,0.2728,0.7,0.9665,0,0.3057
S028,U028,R016,芒果奶昔,-0.5246,0.2377,0.0172,0.0,0.0,1.0,0.0,0.2552,0.7,0.5441,0,0.2952
S028,U028,R017,柠迭莓萝气泡水,-0.6526,0.1737,0.0214,0.0,0.0,0.65,0.0,0.1689,0.3,0.5789,0,0.0
S028,U028,R018,茉莉苹果奶绿,-0.5342,0.2329,0.0801,0.0,0.0,1.0,0.0,0.274,0.7,0.5749,0,0.3036
S028,U028,R019,荔枝白茶,-0.6057,0.1972,0.0761,0.0,0.0,1.0,0.0,0.2728,0.7,0.6245,0,0.293
S028,U028,R020,超级吨吨桶,-0.7434,0.1283,0.0259,0.0,0.0,1.0,0.0,0.2578,0.3,0.8131,0,0.2316
S028,U028,R021,芝士奶盖铁观音,-0.3444,0.3278,0.08,0.0,0.0,1.0,0.0,0.274,0.7,0.9092,0,0.3535
S028,U028,R022,抹茶椰青美式,-0.7051,0.1474,0.0855,0.0,0.0,0.65,0.0,0.1881,1.0,0.936,0,0.0
S028,U028,R023,草莓抹茶椰,-0.7123,0.1438,0.069,0.0,0.0,0.65,0.0,0.1832,0.7,0.8142,0,0.0
S028,U028,R024,柠檬草薄荷气泡水,-0.6539,0.1731,0.0177,0.0,0.0,0.65,0.0,0.1678,0.7,0.6399,0,0.0
S028,U028,R025,蝶豆花柠檬气泡水,-0.6593,0.1704,0.0169,0.0,0.0,0.65,0.0,0.1676,0.3,0.5534,0,0.0
S028,U028,R026,泰式奶红,-0.3011,0.3495,0.0923,0.0,0.0,1.0,0.0,0.2777,1.0,0.6302,0,0.3788
S028,U028,R027,泰式奶绿,-0.3333,0.3334,0.0824,0.0,0.0,1.0,0.0,0.2747,1.0,0.7515,0,0.3779
S028,U028,R028,冰橙伯爵鸳鸯茶,-0.7433,0.1283,0.0937,0.0,0.0,0.65,0.0,0.1906,1.0,0.5706,0,0.0
S028,U028,R029,伯爵红茶奶茶,-0.4103,0.2949,0.1569,0.0,0.0,1.0,0.0,0.2971,1.0,0.9574,1,0.4348
S028,U028,R030,焙茶豆乳,-0.1729,0.4135,0.1529,0.0,0.0,1.0,0.0,0.2959,1.0,0.6295,1,0.4594
S028,U028,R031,抹茶豆乳,-0.4489,0.2756,0.1509,0.0,0.0,0.65,0.0,0.2078,1.0,0.5342,0,0.0
S028,U028,R032,抹茶拿铁,-0.7377,0.1311,0.1423,0.0,0.0,0.65,0.0,0.2052,1.0,0.5343,0,0.0
S028,U028,R033,燕麦奶抹茶拿铁,-0.4635,0.2683,0.14,0.0,0.0,0.65,0.0,0.2045,1.0,0.5535,0,0.0
S028,U028,R034,椰奶抹茶拿铁,-0.7209,0.1395,0.1317,0.0,0.0,0.65,0.0,0.202,1.0,0.7787,0,0.0
S028,U028,R035,杏仁奶抹茶拿铁,-0.7458,0.1271,0.14,0.0,0.0,0.65,0.0,0.2045,1.0,0.9263,0,0.0
S028,U028,R036,港式鸳鸯,-0.7503,0.1248,0.1296,0.0,0.0,0.65,0.0,0.2014,1.0,0.7789,0,0.0
S028,U028,R037,拿铁,-0.7415,0.1292,0.14,0.0,0.0,0.65,0.0,0.2045,1.0,0.5918,0,0.0
S028,U028,R038,燕麦奶拿铁,-0.4943,0.2529,0.1386,0.0,0.0,0.65,0.0,0.2041,1.0,0.7667,0,0.0
S028,U028,R039,椰奶拿铁,-0.7432,0.1284,0.1379,0.0,0.0,0.65,0.0,0.2039,1.0,0.6538,0,0.0
S028,U028,R040,杏仁奶拿铁,-0.7404,0.1298,0.1386,0.0,0.0,0.65,0.0,0.2041,1.0,0.9628,0,0.0
S028,U028,R041,拿铁（低咖啡因）,-0.753,0.1235,0.1029,0.0,0.0,0.65,0.0,0.1934,1.0,0.8432,0,0.0
S028,U028,R042,燕麦奶拿铁（低咖啡因）,-0.7397,0.1302,0.1029,0.0,0.0,0.65,0.0,0.1934,1.0,0.6984,0,0.0
S028,U028,R043,椰奶拿铁（低咖啡因）,-0.7588,0.1206,0.1,0.0,0.0,0.65,0.0,0.1925,1.0,0.9496,0,0.0
S028,U028,R044,杏仁奶拿铁（低咖啡因）,-0.7476,0.1262,0.1029,0.0,0.0,0.65,0.0,0.1934,1.0,0.9455,0,0.0
S028,U028,R045,卡布奇诺,-0.7482,0.1259,0.1361,0.0,0.0,0.65,0.0,0.2033,1.0,0.8193,0,0.0
S028,U028,R046,卡布奇诺（低咖啡因）,-0.7544,0.1228,0.0974,0.0,0.0,0.65,0.0,0.1917,1.0,0.7725,0,0.0
S028,U028,R047,西班牙拿铁,-0.7497,0.1251,0.1152,0.0,0.0,0.65,0.0,0.197,1.0,0.769,0,0.0
S028,U028,R048,西班牙拿铁（低咖啡因）,-0.7533,0.1234,0.093,0.0,0.0,0.65,0.0,0.1904,1.0,0.5605,0,0.0
S028,U028,R049,摩卡,-0.7494,0.1253,0.1105,0.0,0.0,0.65,0.0,0.1956,1.0,0.5873,0,0.0
S028,U028,R050,燕麦奶摩卡,-0.7424,0.1288,0.1088,0.0,0.0,0.65,0.0,0.1952,1.0,0.7432,0,0.0
S028,U028,R051,椰奶摩卡,-0.7524,0.1238,0.1249,0.0,0.0,0.65,0.0,0.2,1.0,0.675,0,0.0
S028,U028,R052,杏仁奶摩卡,-0.7518,0.1241,0.1244,0.0,0.0,0.65,0.0,0.1998,1.0,0.9513,0,0.0
S028,U028,R053,摩卡（低咖啡因）,-0.755,0.1225,0.0958,0.0,0.0,0.65,0.0,0.1913,1.0,0.6918,0,0.0
S028,U028,R054,燕麦奶摩卡（低咖啡因）,-0.7478,0.1261,0.0951,0.0,0.0,0.65,0.0,0.191,1.0,0.9348,0,0.0
S028,U028,R055,椰奶摩卡（低咖啡因）,-0.761,0.1195,0.0944,0.0,0.0,0.65,0.0,0.1908,1.0,0.5881,0,0.0
S028,U028,R056,杏仁奶摩卡（低咖啡因）,-0.754,0.123,0.0951,0.0,0.0,0.65,0.0,0.191,1.0,0.5428,0,0.0
S028,U028,R057,dirty,-0.752,0.124,0.1255,0.0,0.0,0.65,0.0,0.2001,0.7,0.6188,0,0.0
S028,U028,R058,燕麦奶dirty,-0.7322,0.1339,0.1244,0.0,0.0,0.65,0.0,0.1998,0.7,0.7556,0,0.0
S028,U028,R059,椰奶dirty,-0.7482,0.1259,0.1244,0.0,0.0,0.65,0.0,0.1998,0.7,0.9371,0,0.0
S028,U028,R060,杏仁奶dirty,-0.7505,0.1247,0.1244,0.0,0.0,0.65,0.0,0.1998,0.7,0.908,0,0.0
S028,U028,R061,dirty（低咖啡因）,-0.7527,0.1237,0.0958,0.0,0.0,0.65,0.0,0.1913,0.7,0.9525,0,0.0
S028,U028,R062,燕麦奶dirty（低咖啡因）,-0.7518,0.1241,0.0958,0.0,0.0,0.65,0.0,0.1913,0.7,0.9526,0,0.0
S028,U028,R063,椰奶dirty（低咖啡因）,-0.7548,0.1226,0.0944,0.0,0.0,0.65,0.0,0.1908,0.7,0.8883,0,0.0
S028,U028,R064,杏仁奶dirty（低咖啡因）,-0.7521,0.1239,0.0958,0.0,0.0,0.65,0.0,0.1913,0.7,0.5121,0,0.0
S028,U028,R065,热可可,-0.4463,0.2768,0.0684,0.0,0.0,1.0,0.0,0.2705,1.0,0.6481,0,0.351
S028,U028,R066,燕麦奶热可可,-0.2768,0.3616,0.0774,0.0,0.0,1.0,0.0,0.2732,1.0,0.6325,0,0.3811
S028,U028,R067,杏仁奶热可可,-0.3313,0.3344,0.0774,0.0,0.0,1.0,0.0,0.2732,1.0,0.7276,0,0.3763
S028,U028,R068,玫瑰椰椰烤奶,-0.2542,0.3729,0.1016,0.0,0.0,1.0,0.0,0.2805,1.0,0.5092,0,0.3822
S028,U028,R069,玫瑰菊花茶,0.2546,0.6273,0.1335,0.0,0.0,1.0,0.0,0.2901,1.0,0.7758,1,0.5389
S028,U028,R070,玫瑰陈皮茶,-0.4161,0.292,0.1311,0.0,0.0,1.0,0.0,0.2893,1.0,0.7974,0,0.3722
S028,U028,R071,金银花菊花茶,0.2401,0.62,0.1361,0.0,0.0,1.0,0.0,0.2908,1.0,0.8973,1,0.5427
S028,U028,R072,菊花柠檬茶,-0.6624,0.1688,0.1201,0.0,0.0,1.0,0.0,0.286,1.0,0.6299,0,0.3193
S028,U028,R073,薰衣草柠檬茶,-0.6655,0.1673,0.1194,0.0,0.0,1.0,0.0,0.2858,1.0,0.9277,0,0.3335
S028,U028,R074,百花茶,-0.1684,0.4158,0.13,0.0,0.0,1.0,0.0,0.289,1.0,0.7632,0,0.4137
S028,U028,R075,洛神花玫瑰茶,-0.3041,0.3479,0.119,0.0,0.0,1.0,0.0,0.2857,1.0,0.6686,0,0.3838
S028,U028,R076,洛神花苹果茶,-0.7033,0.1484,0.1173,0.0,0.0,1.0,0.0,0.2852,1.0,0.6831,0,0.3144
S028,U028,R077,金银花荷叶茶,-0.2383,0.3808,0.125,0.0,0.0,1.0,0.0,0.2875,1.0,0.8125,0,0.4033
S028,U028,R078,百合玫瑰茶,0.3394,0.6697,0.1375,0.0,0.0,1.0,0.0,0.2913,1.0,0.9339,1,0.5622
S028,U028,R079,陈皮苹果茶,-0.8186,0.0907,0.1289,0.0,0.0,1.0,0.0,0.2887,1.0,0.7738,0,0.3004
S029,U029,R001,薄荷柠檬气泡茶,-0.7312,0.1344,0.0762,0.0,0.0556,1.0,0.0,0.2812,0.7,0.7709,0,0.2821
S029,U029,R002,蜂蜜柠檬茶,-0.543,0.2285,0.1048,0.0,0.3125,1.0,0.0,0.3283,0.7,0.9659,0,0.346
S029,U029,R003,葡萄柠檬茉莉花茶,-0.4714,0.2643,0.0854,0.0,0.0625,1.0,0.0,0.285,0.7,0.7897,0,0.3302
S029,U029,R004,青柠桂花蜜乌龙,-0.4654,0.2673,0.0689,0.0,0.0625,1.0,0.0,0.28,0.7,0.6285,0,0.321
S029,U029,R005,百香果乳酸绿茶,-0.6752,0.1624,0.0306,0.0,0.0,1.0,0.0,0.2592,0.7,0.5082,0,0.2689
S029,U029,R006,百香果美式,-0.7093,0.1453,0.0894,0.0,0.0625,1.0,0.0,0.2862,0.7,0.5368,0,0.2765
S029,U029,R007,百香果美式（低咖啡因）,-0.3386,0.3307,0.0925,0.0,0.05,1.0,0.0,0.2852,0.7,0.6707,0,0.3476
S029,U029,R008,杨枝甘露,-0.534,0.233,0.0739,0.0,0.0625,1.0,0.0,0.2815,0.3,0.7109,0,0.2738
S029,U029,R009,鲜橙绿茶,-0.6735,0.1632,0.0764,0.0,0.0625,1.0,0.0,0.2823,0.7,0.9204,0,0.3002
S029,U029,R010,橙C美式,-0.7217,0.1391,0.0937,0.0,0.0625,1.0,0.0,0.2875,0.7,0.981,0,0.2971
S029,U029,R011,橙C美式（低咖啡因）,-0.3495,0.3253,0.0966,0.0,0.0556,1.0,0.0,0.2873,0.7,0.7892,0,0.3526
S029,U029,R012,鲜橙养乐多,-0.3409,0.3296,0.0565,0.0,0.0625,1.0,0.0,0.2763,0.7,0.7983,0,0.3496
S029,U029,R013,草莓奶昔,-0.4609,0.2696,0.0849,0.0,0.0625,1.0,0.0,0.2849,0.7,0.6442,0,0.3248
S029,U029,R014,蓝莓奶昔,-0.4367,0.2817,0.0766,0.0,0.0625,1.0,0.0,0.2824,0.7,0.6414,0,0.3277
S029,U029,R015,桃桃乌龙,-0.3886,0.3057,0.0761,0.0,0.0625,1.0,0.0,0.2822,0.7,0.7128,0,0.3396
S029,U029,R016,芒果奶昔,-0.4684,0.2658,0.0758,0.0,0.0625,1.0,0.0,0.2821,0.7,0.7959,0,0.3298
S029,U029,R017,柠迭莓萝气泡水,-0.6399,0.1801,0.0357,0.0,0.0,1.0,0.0,0.2607,0.3,0.5905,0,0.2399
S029,U029,R018,茉莉苹果奶绿,-0.4519,0.274,0.0864,0.0,0.0625,1.0,0.0,0.2853,0.7,0.6451,0,0.3265
S029,U029,R019,荔枝白茶,-0.3991,0.3005,0.0761,0.0,0.0625,1.0,0.0,0.2822,0.7,0.7388,0,0.3391
S029,U029,R020,超级吨吨桶,-0.7101,0.1449,0.0324,0.0,0.0,1.0,0.0,0.2597,0.3,0.7095,0,0.2331
S029,U029,R021,芝士奶盖铁观音,-0.5755,0.2123,0.0963,0.0,0.0625,1.0,0.0,0.2883,0.7,0.6564,0,0.3068
S029,U029,R022,抹茶椰青美式,-0.7305,0.1347,0.1032,0.0,0.0625,1.0,0.0,0.2903,1.0,0.8525,0,0.3204
S029,U029,R023,草莓抹茶椰,-0.5362,0.2319,0.0847,0.0,0.0625,1.0,0.0,0.2848,0.7,0.6432,0,0.3115
S029,U029,R024,柠檬草薄荷气泡水,-0.6829,0.1586,0.0266,0.0,0.0,1.0,0.0,0.258,0.7,0.6984,0,0.2765
S029,U029,R025,蝶豆花柠檬气泡水,-0.6706,0.1647,0.0338,0.0,0.0,1.0,0.0,0.2602,0.3,0.6619,0,0.2378
S029,U029,R026,泰式奶红,-0.7679,0.116,0.0901,0.0,0.0625,1.0,0.0,0.2864,1.0,0.6268,0,0.3008
S029,U029,R027,泰式奶绿,-0.7796,0.1102,0.0886,0.0,0.0625,1.0,0.0,0.286,1.0,0.7573,0,0.3051
S029,U029,R028,冰橙伯爵鸳鸯茶,-0.7198,0.1401,0.1086,0.0,0.0625,1.0,0.0,0.292,1.0,0.7748,0,0.3192
S029,U029,R029,伯爵红茶奶茶,-0.7602,0.1199,0.0974,0.0,0.3125,1.0,0.0,0.3261,1.0,0.8004,0,0.3287
S029,U029,R030,焙茶豆乳,-0.7123,0.1438,0.0923,0.0,0.3125,1.0,0.0,0.3246,1.0,0.7539,0,0.3341
S029,U029,R031,抹茶豆乳,-0.6699,0.165,0.1009,0.0,0.3125,1.0,0.0,0.3272,1.0,0.6771,0,0.3389
S029,U029,R032,抹茶拿铁,-0.7242,0.1379,0.0923,0.0,0.3125,1.0,0.0,0.3246,1.0,0.8849,0,0.3386
S029,U029,R033,燕麦奶抹茶拿铁,-0.6921,0.154,0.1,0.0,0.3125,1.0,0.0,0.3269,1.0,0.8581,0,0.3439
S029,U029,R034,椰奶抹茶拿铁,-0.7275,0.1363,0.0923,0.0,0.3125,1.0,0.0,0.3246,1.0,0.9889,0,0.3432
S029,U029,R035,杏仁奶抹茶拿铁,-0.7328,0.1336,0.1,0.0,0.3125,1.0,0.0,0.3269,1.0,0.9391,0,0.3408
S029,U029,R036,港式鸳鸯,-0.7098,0.1451,0.0967,0.0,0.3056,1.0,0.0,0.3248,1.0,0.5568,0,0.3248
S029,U029,R037,拿铁,-0.7199,0.1401,0.11,0.0,0.3125,1.0,0.0,0.3299,1.0,0.9215,0,0.3435
S029,U029,R038,燕麦奶拿铁,-0.7099,0.145,0.1079,0.0,0.3125,1.0,0.0,0.3292,1.0,0.5096,0,0.3244
S029,U029,R039,椰奶拿铁,-0.7319,0.134,0.1069,0.0,0.3125,1.0,0.0,0.3289,1.0,0.5158,0,0.3207
S029,U029,R040,杏仁奶拿铁,-0.7385,0.1308,0.1079,0.0,0.3125,1.0,0.0,0.3292,1.0,0.7794,0,0.3329
S029,U029,R041,拿铁（低咖啡因）,-0.7097,0.1452,0.0635,0.0,0.25,1.0,0.0,0.3065,1.0,0.8984,0,0.3337
S029,U029,R042,燕麦奶拿铁（低咖啡因）,-0.73,0.135,0.0635,0.0,0.25,1.0,0.0,0.3065,1.0,0.9055,0,0.3304
S029,U029,R043,椰奶拿铁（低咖啡因）,-0.709,0.1455,0.06,0.0,0.25,1.0,0.0,0.3055,1.0,0.9513,0,0.336
S029,U029,R044,杏仁奶拿铁（低咖啡因）,-0.7193,0.1403,0.0635,0.0,0.25,1.0,0.0,0.3065,1.0,0.7365,0,0.3239
S029,U029,R045,卡布奇诺,-0.7187,0.1406,0.1131,0.0,0.3125,1.0,0.0,0.3308,1.0,0.5521,0,0.3257
S029,U029,R046,卡布奇诺（低咖啡因）,-0.7117,0.1442,0.0664,0.0,0.25,1.0,0.0,0.3074,1.0,0.9642,0,0.337
S029,U029,R047,西班牙拿铁,-0.7149,0.1425,0.0992,0.0,0.3056,1.0,0.0,0.3256,1.0,0.8976,0,0.3413
S029,U029,R048,西班牙拿铁（低咖啡因）,-0.712,0.144,0.0602,0.0,0.25,1.0,0.0,0.3055,1.0,0.9206,0,0.3339
S029,U029,R049,摩卡,-0.7169,0.1415,0.0907,0.0,0.3,1.0,0.0,0.3222,1.0,0.6401,0,0.3265
S029,U029,R050,燕麦奶摩卡,-0.74,0.13,0.0883,0.0,0.3,1.0,0.0,0.3215,1.0,0.7474,0,0.3275
S029,U029,R051,椰奶摩卡,-0.7263,0.1368,0.0974,0.0,0.3056,1.0,0.0,0.325,1.0,0.8901,0,0.3386
S029,U029,R052,杏仁奶摩卡,-0.7276,0.1362,0.0966,0.0,0.3056,1.0,0.0,0.3248,1.0,0.8241,0,0.335
S029,U029,R053,摩卡（低咖啡因）,-0.7126,0.1437,0.055,0.0,0.25,1.0,0.0,0.304,1.0,0.9785,0,0.336
S029,U029,R054,燕麦奶摩卡（低咖啡因）,-0.7224,0.1388,0.0541,0.0,0.25,1.0,0.0,0.3037,1.0,0.6527,0,0.3179
S029,U029,R055,椰奶摩卡（低咖啡因）,-0.7144,0.1428,0.0532,0.0,0.25,1.0,0.0,0.3035,1.0,0.8127,0,0.3272
S029,U029,R056,杏仁奶摩卡（低咖啡因）,-0.7211,0.1395,0.0541,0.0,0.25,1.0,0.0,0.3037,1.0,0.5888,0,0.3149
S029,U029,R057,dirty,-0.7125,0.1438,0.1071,0.0,0.3056,1.0,0.0,0.328,0.7,0.553,0,0.2956
S029,U029,R058,燕麦奶dirty,-0.7383,0.1308,0.1052,0.0,0.3056,1.0,0.0,0.3274,0.7,0.6978,0,0.298
S029,U029,R059,椰奶dirty,-0.725,0.1375,0.1052,0.0,0.3056,1.0,0.0,0.3274,0.7,0.8893,0,0.3099
S029,U029,R060,杏仁奶dirty,-0.726,0.137,0.1052,0.0,0.3056,1.0,0.0,0.3274,0.7,0.926,0,0.3116
S029,U029,R061,dirty（低咖啡因）,-0.7117,0.1442,0.0642,0.0,0.25,1.0,0.0,0.3068,0.7,0.9036,0,0.3037
S029,U029,R062,燕麦奶dirty（低咖啡因）,-0.7201,0.1399,0.0642,0.0,0.25,1.0,0.0,0.3068,0.7,0.6289,0,0.2885
S029,U029,R063,椰奶dirty（低咖啡因）,-0.7211,0.1394,0.0621,0.0,0.25,1.0,0.0,0.3061,0.7,0.8959,0,0.3013
S029,U029,R064,杏仁奶dirty（低咖啡因）,-0.7184,0.1408,0.0642,0.0,0.25,1.0,0.0,0.3068,0.7,0.7643,0,0.2956
S029,U029,R065,热可可,0.0933,0.5466,0.0918,0.0,0.5625,1.0,0.0,0.3619,1.0,0.6558,1,0.537
S029,U029,R066,燕麦奶热可可,0.2705,0.6352,0.0989,0.0,0.5625,1.0,0.0,0.3641,1.0,0.54,1,0.5632
S029,U029,R067,杏仁奶热可可,0.2562,0.6281,0.0989,0.0,0.5625,1.0,0.0,0.3641,1.0,0.8798,1,0.5777
S029,U029,R068,玫瑰椰椰烤奶,-0.2834,0.3583,0.043,0.0,0.5,1.0,0.0,0.3379,1.0,0.5789,0,0.4064
S029,U029,R069,玫瑰菊花茶,-0.1042,0.4479,0.0843,0.0,0.5556,1.0,0.0,0.3586,1.0,0.7929,0,0.4578
S029,U029,R070,玫瑰陈皮茶,-0.2013,0.3993,0.0936,0.0,0.5556,1.0,0.0,0.3614,1.0,0.9305,1,0.4989
S029,U029,R071,金银花菊花茶,-0.3634,0.3183,0.0742,0.0,0.5556,1.0,0.0,0.3556,1.0,0.6134,0,0.4021
S029,U029,R072,菊花柠檬茶,-0.4582,0.2709,0.0736,0.0,0.5556,1.0,0.0,0.3554,1.0,0.6678,0,0.3881
S029,U029,R073,薰衣草柠檬茶,-0.4607,0.2697,0.073,0.0,0.5556,1.0,0.0,0.3552,1.0,0.6494,0,0.3867
S029,U029,R074,百花茶,-0.5111,0.2445,0.0815,0.0,0.5556,1.0,0.0,0.3578,1.0,0.5219,0,0.3727
S029,U029,R075,洛神花玫瑰茶,-0.6282,0.1859,0.0815,0.0,0.5556,1.0,0.0,0.3578,1.0,0.7617,0,0.3642
S029,U029,R076,洛神花苹果茶,-0.6011,0.1995,0.0692,0.0,0.5556,1.0,0.0,0.3541,1.0,0.6944,0,0.3639
S029,U029,R077,金银花荷叶茶,-0.7455,0.1273,0.0775,0.0,0.5556,1.0,0.0,0.3566,1.0,0.5912,0,0.3346
S029,U029,R078,百合玫瑰茶,-0.0338,0.4831,0.0875,0.0,0.5556,1.0,0.0,0.3596,1.0,0.7123,0,0.4665
S029,U029,R079,陈皮苹果茶,-0.2621,0.3689,0.0914,0.0,0.5556,1.0,0.0,0.3608,1.0,0.6827,1,0.4756
S030,U030,R001,薄荷柠檬气泡茶,-0.7743,0.1128,0.0155,0.0,0.0,0.75,0.0,0.1921,0.7,0.7779,0,0.0
S030,U030,R002,蜂蜜柠檬茶,-0.7009,0.1495,0.0967,0.0,0.0,1.0,0.0,0.279,0.7,0.7697,0,0.2864
S030,U030,R003,葡萄柠檬茉莉花茶,-0.5772,0.2114,0.0774,0.0,0.0,1.0,0.0,0.2732,0.7,0.756,0,0.3047
S030,U030,R004,青柠桂花蜜乌龙,-0.6418,0.1791,0.0928,0.0,0.0,1.0,0.0,0.2778,0.7,0.8448,0,0.2999
S030,U030,R005,百香果乳酸绿茶,-0.718,0.141,0.0681,0.0,0.0,1.0,0.0,0.2704,0.7,0.6714,0,0.2746
S030,U030,R006,百香果美式,-0.7698,0.1151,0.0716,0.0,0.0,0.75,0.0,0.209,0.7,0.6645,0,0.0
S030,U030,R007,百香果美式（低咖啡因）,-0.5018,0.2491,0.1076,0.0,0.1,0.75,0.0,0.2348,0.7,0.7887,0,0.0
S030,U030,R008,杨枝甘露,-0.6232,0.1884,0.0659,0.0,0.0,1.0,0.0,0.2698,0.3,0.9364,0,0.2642
S030,U030,R009,鲜橙绿茶,-0.7888,0.1056,0.0764,0.0,0.0,1.0,0.0,0.2729,0.7,0.931,0,0.2763
S030,U030,R010,橙C美式,-0.78,0.11,0.0762,0.0,0.0,0.75,0.0,0.2104,0.7,0.7445,0,0.0
S030,U030,R011,橙C美式（低咖啡因）,-0.4931,0.2534,0.1158,0.0,0.1111,0.75,0.0,0.2389,0.7,0.7119,0,0.0
S030,U030,R012,鲜橙养乐多,-0.5527,0.2237,0.0565,0.0,0.0,1.0,0.0,0.2669,0.7,0.5733,0,0.2971
S030,U030,R013,草莓奶昔,-0.5529,0.2236,0.0675,0.0,0.0,1.0,0.0,0.2702,0.7,0.5269,0,0.2962
S030,U030,R014,蓝莓奶昔,-0.5614,0.2193,0.0677,0.0,0.0,1.0,0.0,0.2703,0.7,0.7618,0,0.3065
S030,U030,R015,桃桃乌龙,-0.5772,0.2114,0.0761,0.0,0.0,1.0,0.0,0.2728,0.7,0.5826,0,0.2959
S030,U030,R016,芒果奶昔,-0.5596,0.2202,0.0672,0.0,0.0,1.0,0.0,0.2702,0.7,0.8547,0,0.3114
S030,U030,R017,柠迭莓萝气泡水,-0.7097,0.1451,0.0143,0.0,0.0,0.75,0.0,0.1918,0.3,0.716,0,0.0
S030,U030,R018,茉莉苹果奶绿,-0.57,0.215,0.0939,0.0,0.0,1.0,0.0,0.2782,0.7,0.9971,0,0.3203
S030,U030,R019,荔枝白茶,-0.5556,0.2222,0.0761,0.0,0.0,1.0,0.0,0.2728,0.7,0.7875,0,0.3099
S030,U030,R020,超级吨吨桶,-0.7679,0.116,0.1009,0.0,0.0556,1.0,0.0,0.2886,0.3,0.5253,0,0.2267
S030,U030,R021,芝士奶盖铁观音,-0.5402,0.2299,0.0762,0.0,0.0,1.0,0.0,0.2729,0.7,0.9614,0,0.3213
S030,U030,R022,抹茶椰青美式,-0.7722,0.1139,0.0677,0.0,0.0,0.75,0.0,0.2078,1.0,0.8005,0,0.0
S030,U030,R023,草莓抹茶椰,-0.6754,0.1623,0.0752,0.0,0.0,0.75,0.0,0.2101,0.7,0.8647,0,0.0
S030,U030,R024,柠檬草薄荷气泡水,-0.7269,0.1365,0.0089,0.0,0.0,0.75,0.0,0.1902,0.7,0.7778,0,0.0
S030,U030,R025,蝶豆花柠檬气泡水,-0.7173,0.1414,0.0169,0.0,0.0,0.75,0.0,0.1926,0.3,0.9916,0,0.0
S030,U030,R026,泰式奶红,-0.6077,0.1961,0.0901,0.0,0.0,1.0,0.0,0.277,1.0,0.6612,0,0.3264
S030,U030,R027,泰式奶绿,-0.6335,0.1833,0.0967,0.0,0.0,1.0,0.0,0.279,1.0,0.6108,0,0.3202
S030,U030,R028,冰橙伯爵鸳鸯茶,-0.7724,0.1138,0.0824,0.0,0.0,0.75,0.0,0.2122,1.0,0.723,0,0.0
S030,U030,R029,伯爵红茶奶茶,-0.6217,0.1892,0.1379,0.0,0.0625,1.0,0.0,0.3008,1.0,0.8753,0,0.3453
S030,U030,R030,焙茶豆乳,-0.4527,0.2737,0.1423,0.0,0.0625,1.0,0.0,0.3021,1.0,0.5707,0,0.3603
S030,U030,R031,抹茶豆乳,-0.5294,0.2353,0.1306,0.0,0.0625,0.75,0.0,0.236,1.0,0.9166,0,0.0
S030,U030,R032,抹茶拿铁,-0.7777,0.1111,0.1423,0.0,0.0625,0.75,0.0,0.2396,1.0,0.5239,0,0.0
S030,U030,R033,燕麦奶抹茶拿铁,-0.5552,0.2224,0.13,0.0,0.0625,0.75,0.0,0.2359,1.0,0.7454,0,0.0
S030,U030,R034,椰奶抹茶拿铁,-0.7671,0.1165,0.1317,0.0,0.0625,0.75,0.0,0.2364,1.0,0.5948,0,0.0
S030,U030,R035,杏仁奶抹茶拿铁,-0.7894,0.1053,0.13,0.0,0.0625,0.75,0.0,0.2359,1.0,0.5983,0,0.0
S030,U030,R036,港式鸳鸯,-0.7746,0.1127,0.1137,0.0,0.0556,0.75,0.0,0.2299,1.0,0.9161,0,0.0
S030,U030,R037,拿铁,-0.7755,0.1123,0.14,0.0,0.0625,0.75,0.0,0.2389,1.0,0.8612,0,0.0
S030,U030,R038,燕麦奶拿铁,-0.5893,0.2054,0.1386,0.0,0.0625,0.75,0.0,0.2385,1.0,0.6477,0,0.0
S030,U030,R039,椰奶拿铁,-0.7859,0.1071,0.1379,0.0,0.0625,0.75,0.0,0.2383,1.0,0.8827,0,0.0
S030,U030,R040,杏仁奶拿铁,-0.7882,0.1059,0.1386,0.0,0.0625,0.75,0.0,0.2385,1.0,0.9792,0,0.0
S030,U030,R041,拿铁（低咖啡因）,-0.7743,0.1129,0.1442,0.125,0.125,0.75,0.0,0.2745,1.0,0.6158,0,0.0
S030,U030,R042,燕麦奶拿铁（低咖啡因）,-0.7821,0.109,0.1442,0.125,0.125,0.75,0.0,0.2745,1.0,0.9989,0,0.0
S030,U030,R043,椰奶拿铁（低咖啡因）,-0.7776,0.1112,0.1425,0.1111,0.125,0.75,0.0,0.2712,1.0,0.7672,0,0.0
S030,U030,R044,杏仁奶拿铁（低咖啡因）,-0.7771,0.1114,0.1442,0.125,0.125,0.75,0.0,0.2745,1.0,0.5138,0,0.0
S030,U030,R045,卡布奇诺,-0.7767,0.1116,0.1361,0.0,0.0625,0.75,0.0,0.2377,1.0,0.6659,0,0.0
S030,U030,R046,卡布奇诺（低咖啡因）,-0.7755,0.1123,0.1409,0.1111,0.125,0.75,0.0,0.2708,1.0,0.8612,0,0.0
S030,U030,R047,西班牙拿铁,-0.7784,0.1108,0.1152,0.0,0.0556,0.75,0.0,0.2304,1.0,0.758,0,0.0
S030,U030,R048,西班牙拿铁（低咖啡因）,-0.778,0.111,0.2031,0.1111,0.125,0.75,0.0,0.2894,1.0,0.7572,0,0.0
S030,U030,R049,摩卡,-0.7778,0.1111,0.148,0.0,0.1,0.75,0.0,0.2469,1.0,0.5865,0,0.0
S030,U030,R050,燕麦奶摩卡,-0.7911,0.1044,0.1463,0.0,0.1,0.75,0.0,0.2464,1.0,0.8172,0,0.0
S030,U030,R051,椰奶摩卡,-0.7888,0.1056,0.1699,0.0,0.1111,0.75,0.0,0.2551,1.0,0.5954,0,0.0
S030,U030,R052,杏仁奶摩卡,-0.7877,0.1061,0.1694,0.0,0.1111,0.75,0.0,0.255,1.0,0.7228,0,0.0
S030,U030,R053,摩卡（低咖啡因）,-0.7794,0.1103,0.2054,0.125,0.125,0.75,0.0,0.2929,1.0,0.5755,0,0.0
S030,U030,R054,燕麦奶摩卡（低咖啡因）,-0.7824,0.1088,0.2048,0.125,0.125,0.75,0.0,0.2927,1.0,0.9076,0,0.0
S030,U030,R055,椰奶摩卡（低咖啡因）,-0.7844,0.1078,0.2042,0.1111,0.125,0.75,0.0,0.2897,1.0,0.8915,0,0.0
S030,U030,R056,杏仁奶摩卡（低咖啡因）,-0.7863,0.1068,0.2048,0.125,0.125,0.75,0.0,0.2927,1.0,0.5577,0,0.0
S030,U030,R057,dirty,-0.7772,0.1114,0.1705,0.0,0.1111,0.75,0.0,0.2553,0.7,0.6265,0,0.0
S030,U030,R058,燕麦奶dirty,-0.7821,0.109,0.1694,0.0,0.1111,0.75,0.0,0.255,0.7,0.5583,0,0.0
S030,U030,R059,椰奶dirty,-0.7848,0.1076,0.1694,0.0,0.1111,0.75,0.0,0.255,0.7,0.5655,0,0.0
S030,U030,R060,杏仁奶dirty,-0.7851,0.1074,0.1694,0.0,0.1111,0.75,0.0,0.255,0.7,0.8607,0,0.0
S030,U030,R061,dirty（低咖啡因）,-0.7763,0.1119,0.2054,0.1111,0.125,0.75,0.0,0.2901,0.7,0.5721,0,0.0
S030,U030,R062,燕麦奶dirty（低咖啡因）,-0.7838,0.1081,0.2054,0.1111,0.125,0.75,0.0,0.2901,0.7,0.9763,0,0.0
S030,U030,R063,椰奶dirty（低咖啡因）,-0.7862,0.1069,0.2042,0.1,0.125,0.75,0.0,0.2875,0.7,0.8569,0,0.0
S030,U030,R064,杏仁奶dirty（低咖啡因）,-0.7811,0.1095,0.2054,0.1111,0.125,0.75,0.0,0.2901,0.7,0.7162,0,0.0
S030,U030,R065,热可可,0.0076,0.5038,0.1818,0.2,0.125,1.0,0.0,0.3633,1.0,0.8005,1,0.5298
S030,U030,R066,燕麦奶热可可,0.2271,0.6135,0.1781,0.2,0.125,1.0,0.0,0.3622,1.0,0.825,1,0.569
S030,U030,R067,杏仁奶热可可,0.184,0.592,0.1781,0.2,0.125,1.0,0.0,0.3622,1.0,0.8147,0,0.5109
S030,U030,R068,玫瑰椰椰烤奶,-0.107,0.4465,0.2203,0.125,0.1429,1.0,0.0,0.3625,1.0,0.9297,1,0.5159
S030,U030,R069,玫瑰菊花茶,0.0809,0.5404,0.171,0.25,0.1111,1.0,0.0,0.368,1.0,0.9758,1,0.5535
S030,U030,R070,玫瑰陈皮茶,-0.3988,0.3006,0.1686,0.1667,0.1111,1.0,0.0,0.3506,1.0,0.559,0,0.3909
S030,U030,R071,金银花菊花茶,-0.1317,0.4342,0.1736,0.2,0.1111,1.0,0.0,0.3588,1.0,0.5561,0,0.4412
S030,U030,R072,菊花柠檬茶,-0.6807,0.1597,0.1576,0.1429,0.1111,1.0,0.0,0.3425,1.0,0.814,0,0.3507
S030,U030,R073,薰衣草柠檬茶,-0.688,0.156,0.1569,0.125,0.1111,1.0,0.0,0.3387,1.0,0.826,0,0.3483
S030,U030,R074,百花茶,-0.4792,0.2604,0.1675,0.2,0.1111,1.0,0.0,0.3569,1.0,0.5443,0,0.379
S030,U030,R075,洛神花玫瑰茶,-0.6184,0.1908,0.1675,0.2,0.1111,1.0,0.0,0.3569,1.0,0.7807,0,0.3664
S030,U030,R076,洛神花苹果茶,-0.7589,0.1205,0.1654,0.1667,0.1111,1.0,0.0,0.3496,1.0,0.8584,0,0.3424
S030,U030,R077,金银花荷叶茶,-0.6107,0.1947,0.1625,0.2,0.1111,1.0,0.0,0.3554,1.0,0.9293,0,0.3745
S030,U030,R078,百合玫瑰茶,0.1856,0.5928,0.175,0.25,0.1111,1.0,0.0,0.3692,1.0,0.554,1,0.5513
S030,U030,R079,陈皮苹果茶,-0.5082,0.2459,0.1664,0.1667,0.1111,1.0,0.0,0.3499,1.0,0.5053,0,0.3688
S031,U031,R001,薄荷柠檬气泡茶,-0.7469,0.1265,0.1137,0.0,0.5556,1.0,0.0,0.3675,0.7,0.7844,0,0.3189
S031,U031,R002,蜂蜜柠檬茶,-0.1385,0.4308,0.2173,0.0,0.3125,1.0,0.0,0.3621,0.7,0.9737,0,0.4324
S031,U031,R003,葡萄柠檬茉莉花茶,-0.3389,0.3305,0.1835,0.0,0.5625,1.0,0.0,0.3894,0.7,0.7216,0,0.397
S031,U031,R004,青柠桂花蜜乌龙,-0.5458,0.2271,0.1828,0.0,0.5625,1.0,0.0,0.3892,0.7,0.6698,0,0.3581
S031,U031,R005,百香果乳酸绿茶,-0.7675,0.1162,0.1507,0.0,0.5556,1.0,0.0,0.3785,0.7,0.821,0,0.3221
S031,U031,R006,百香果美式,-0.7362,0.1319,0.1882,0.0,0.5625,1.0,0.0,0.3908,0.7,0.5588,0,0.32
S031,U031,R007,百香果美式（低咖啡因）,-0.5923,0.2039,0.0753,0.0,0.55,1.0,0.0,0.3551,0.7,0.9335,0,0.3478
S031,U031,R008,杨枝甘露,-0.3839,0.3081,0.1899,0.0,0.5625,1.0,0.0,0.3913,0.3,0.6008,0,0.3439
S031,U031,R009,鲜橙绿茶,-0.8081,0.096,0.1671,0.0,0.5625,1.0,0.0,0.3845,0.7,0.764,0,0.3148
S031,U031,R010,橙C美式,-0.7488,0.1256,0.2024,0.0,0.5625,1.0,0.0,0.3951,0.7,0.93,0,0.3383
S031,U031,R011,橙C美式（低咖啡因）,-0.5243,0.2378,0.0794,0.0,0.5556,1.0,0.0,0.3571,0.7,0.9225,0,0.3601
S031,U031,R012,鲜橙养乐多,-0.3437,0.3282,0.1808,0.0,0.5625,1.0,0.0,0.3886,0.7,0.528,0,0.3861
S031,U031,R013,草莓奶昔,-0.2447,0.3776,0.2024,0.0,0.5625,1.0,0.0,0.3951,0.7,0.9257,0,0.4263
S031,U031,R014,蓝莓奶昔,-0.1356,0.4322,0.2032,0.0,0.5625,1.0,0.0,0.3953,0.7,0.742,1,0.4862
S031,U031,R015,桃桃乌龙,-0.174,0.413,0.1973,0.0,0.5625,1.0,0.0,0.3936,0.7,0.9894,0,0.4411
S031,U031,R016,芒果奶昔,-0.2424,0.3788,0.2016,0.0,0.5625,1.0,0.0,0.3948,0.7,0.9767,0,0.4291
S031,U031,R017,柠迭莓萝气泡水,-0.7549,0.1226,0.1257,0.0,0.5625,1.0,0.0,0.3721,0.3,0.8722,0,0.284
S031,U031,R018,茉莉苹果奶绿,0.0151,0.5076,0.214,0.0,0.5625,1.0,0.0,0.3986,0.7,0.994,1,0.5267
S031,U031,R019,荔枝白茶,-0.2159,0.392,0.1973,0.0,0.5625,1.0,0.0,0.3936,0.7,0.8867,0,0.4287
S031,U031,R020,超级吨吨桶,-0.7473,0.1264,0.1513,0.0,0.5556,1.0,0.0,0.3787,0.3,0.5691,0,0.2731
S031,U031,R021,芝士奶盖铁观音,0.0431,0.5216,0.2188,0.0,0.5625,1.0,0.0,0.4,0.7,0.6862,1,0.5169
S031,U031,R022,抹茶椰青美式,-0.4541,0.273,0.2121,0.0,0.5625,1.0,0.0,0.398,1.0,0.5628,1,0.4528
S031,U031,R023,草莓抹茶椰,-0.1273,0.4363,0.2067,0.0,0.5625,1.0,0.0,0.3964,0.7,0.678,1,0.485
S031,U031,R024,柠檬草薄荷气泡水,-0.7708,0.1146,0.1262,0.0,0.5625,1.0,0.0,0.3722,0.7,0.8205,0,0.3186
S031,U031,R025,蝶豆花柠檬气泡水,-0.766,0.117,0.1241,0.0,0.5625,1.0,0.0,0.3716,0.3,0.9371,0,0.285
S031,U031,R026,泰式奶红,-0.4268,0.2866,0.1548,0.0,0.5,1.0,0.0,0.3714,1.0,0.5827,0,0.3966
S031,U031,R027,泰式奶绿,-0.436,0.282,0.161,0.0,0.5,1.0,0.0,0.3733,1.0,0.9071,0,0.412
S031,U031,R028,冰橙伯爵鸳鸯茶,-0.7469,0.1265,0.1562,0.0,0.5,1.0,0.0,0.3718,1.0,0.9474,0,0.359
S031,U031,R029,伯爵红茶奶茶,-0.6755,0.1622,0.1379,0.0,0.25,1.0,0.0,0.3289,1.0,0.8134,0,0.3455
S031,U031,R030,焙茶豆乳,-0.4066,0.2967,0.1529,0.0,0.25,1.0,0.0,0.3334,1.0,0.9996,0,0.4039
S031,U031,R031,抹茶豆乳,-0.5555,0.2223,0.1509,0.0,0.25,1.0,0.0,0.3328,1.0,0.5252,0,0.3538
S031,U031,R032,抹茶拿铁,-0.7471,0.1264,0.1317,0.0,0.25,1.0,0.0,0.327,1.0,0.6476,0,0.3238
S031,U031,R033,燕麦奶抹茶拿铁,-0.6024,0.1988,0.15,0.0,0.25,1.0,0.0,0.3325,1.0,0.7855,0,0.3585
S031,U031,R034,椰奶抹茶拿铁,-0.7421,0.129,0.1317,0.0,0.25,1.0,0.0,0.327,1.0,0.5624,0,0.3204
S031,U031,R035,杏仁奶抹茶拿铁,-0.7491,0.1254,0.15,0.0,0.25,1.0,0.0,0.3325,1.0,0.6957,0,0.3283
S031,U031,R036,港式鸳鸯,-0.7513,0.1243,0.1137,0.0,0.25,1.0,0.0,0.3216,1.0,0.6204,0,0.3193
S031,U031,R037,拿铁,-0.7456,0.1272,0.14,0.0,0.25,1.0,0.0,0.3295,1.0,0.9987,0,0.3427
S031,U031,R038,燕麦奶拿铁,-0.6143,0.1929,0.1482,0.0,0.25,1.0,0.0,0.332,1.0,0.59,0,0.3464
S031,U031,R039,椰奶拿铁,-0.7447,0.1277,0.1379,0.0,0.25,1.0,0.0,0.3289,1.0,0.5834,0,0.3219
S031,U031,R040,杏仁奶拿铁,-0.747,0.1265,0.1482,0.0,0.25,1.0,0.0,0.332,1.0,0.6271,0,0.325
S031,U031,R041,拿铁（低咖啡因）,-0.7524,0.1238,0.0317,0.0,0.25,1.0,0.0,0.297,1.0,0.5074,0,0.3024
S031,U031,R042,燕麦奶拿铁（低咖啡因）,-0.7483,0.1258,0.0317,0.0,0.25,1.0,0.0,0.297,1.0,0.6924,0,0.3123
S031,U031,R043,椰奶拿铁（低咖啡因）,-0.7423,0.1289,0.03,0.0,0.25,1.0,0.0,0.2965,1.0,0.8665,0,0.3219
S031,U031,R044,杏仁奶拿铁（低咖啡因）,-0.7489,0.1256,0.0317,0.0,0.25,1.0,0.0,0.297,1.0,0.9391,0,0.3245
S031,U031,R045,卡布奇诺,-0.7493,0.1254,0.1361,0.0,0.25,1.0,0.0,0.3283,1.0,0.7498,0,0.3291
S031,U031,R046,卡布奇诺（低咖啡因）,-0.7505,0.1247,0.0284,0.0,0.25,1.0,0.0,0.296,1.0,0.7914,0,0.3164
S031,U031,R047,西班牙拿铁,-0.7503,0.1249,0.1152,0.0,0.25,1.0,0.0,0.322,1.0,0.9754,0,0.3374
S031,U031,R048,西班牙拿铁（低咖啡因）,-0.7528,0.1236,0.0906,0.0,0.25,1.0,0.0,0.3147,1.0,0.8118,0,0.3255
S031,U031,R049,摩卡,-0.7468,0.1266,0.1105,0.0,0.25,1.0,0.0,0.3206,1.0,0.8947,0,0.3333
S031,U031,R050,燕麦奶摩卡,-0.7413,0.1293,0.1173,0.0,0.25,1.0,0.0,0.3227,1.0,0.7183,0,0.3264
S031,U031,R051,椰奶摩卡,-0.7485,0.1257,0.1249,0.0,0.25,1.0,0.0,0.325,1.0,0.6842,0,0.3245
S031,U031,R052,杏仁奶摩卡,-0.7474,0.1263,0.133,0.0,0.25,1.0,0.0,0.3274,1.0,0.5607,0,0.3196
S031,U031,R053,摩卡（低咖啡因）,-0.748,0.126,0.0929,0.0,0.25,1.0,0.0,0.3154,1.0,0.5086,0,0.3115
S031,U031,R054,燕麦奶摩卡（低咖啡因）,-0.7476,0.1262,0.0923,0.0,0.25,1.0,0.0,0.3152,1.0,0.5638,0,0.3142
S031,U031,R055,椰奶摩卡（低咖啡因）,-0.7471,0.1264,0.0917,0.0,0.25,1.0,0.0,0.315,1.0,0.5817,0,0.3151
S031,U031,R056,杏仁奶摩卡（低咖啡因）,-0.7441,0.128,0.0923,0.0,0.25,1.0,0.0,0.3152,1.0,0.9659,0,0.3349
S031,U031,R057,dirty,-0.7509,0.1245,0.1255,0.0,0.25,1.0,0.0,0.3251,0.7,0.6995,0,0.2949
S031,U031,R058,燕麦奶dirty,-0.7359,0.1321,0.133,0.0,0.25,1.0,0.0,0.3274,0.7,0.6888,0,0.298
S031,U031,R059,椰奶dirty,-0.7509,0.1246,0.1244,0.0,0.25,1.0,0.0,0.3248,0.7,0.6198,0,0.2907
S031,U031,R060,杏仁奶dirty,-0.7448,0.1276,0.133,0.0,0.25,1.0,0.0,0.3274,0.7,0.6082,0,0.2924
S031,U031,R061,dirty（低咖啡因）,-0.7457,0.1272,0.0929,0.0,0.25,1.0,0.0,0.3154,0.7,0.6453,0,0.2887
S031,U031,R062,燕麦奶dirty（低咖啡因）,-0.7462,0.1269,0.0929,0.0,0.25,1.0,0.0,0.3154,0.7,0.8105,0,0.2969
S031,U031,R063,椰奶dirty（低咖啡因）,-0.7435,0.1283,0.0917,0.0,0.25,1.0,0.0,0.315,0.7,0.9345,0,0.3034
S031,U031,R064,杏仁奶dirty（低咖啡因）,-0.7444,0.1278,0.0929,0.0,0.25,1.0,0.0,0.3154,0.7,0.553,0,0.2843
S031,U031,R065,热可可,-0.541,0.2295,0.1134,0.0,0.0,1.0,0.0,0.284,1.0,0.936,0,0.3549
S031,U031,R066,燕麦奶热可可,-0.4354,0.2823,0.1331,0.0,0.0,1.0,0.0,0.2899,1.0,0.865,0,0.3725
S031,U031,R067,杏仁奶热可可,-0.4595,0.2702,0.1331,0.0,0.0,1.0,0.0,0.2899,1.0,0.5893,0,0.3545
S031,U031,R068,玫瑰椰椰烤奶,-0.5053,0.2473,0.1383,0.0,0.0,1.0,0.0,0.2915,1.0,0.6878,0,0.3521
S031,U031,R069,玫瑰菊花茶,-0.5007,0.2497,0.1335,0.0,0.0,1.0,0.0,0.2901,1.0,0.7009,0,0.353
S031,U031,R070,玫瑰陈皮茶,-0.6945,0.1528,0.1311,0.0,0.0,1.0,0.0,0.2893,1.0,0.7057,0,0.3189
S031,U031,R071,金银花菊花茶,-0.5011,0.2494,0.1361,0.0,0.0,1.0,0.0,0.2908,1.0,0.9376,0,0.365
S031,U031,R072,菊花柠檬茶,-0.2359,0.3821,0.1576,0.0,0.0556,1.0,0.0,0.3056,1.0,0.9361,0,0.418
S031,U031,R073,薰衣草柠檬茶,-0.2706,0.3647,0.1569,0.0,0.0556,1.0,0.0,0.3054,1.0,0.5223,0,0.3912
S031,U031,R074,百花茶,-0.6879,0.156,0.13,0.0,0.0,1.0,0.0,0.289,1.0,0.6934,0,0.3193
S031,U031,R075,洛神花玫瑰茶,-0.7303,0.1348,0.13,0.0,0.0,1.0,0.0,0.289,1.0,0.7983,0,0.3172
S031,U031,R076,洛神花苹果茶,-0.7662,0.1169,0.1279,0.0,0.0,1.0,0.0,0.2884,1.0,0.6197,0,0.3017
S031,U031,R077,金银花荷叶茶,-0.7449,0.1276,0.125,0.0,0.0,1.0,0.0,0.2875,1.0,0.605,0,0.3043
S031,U031,R078,百合玫瑰茶,-0.436,0.282,0.125,0.0,0.0,1.0,0.0,0.2875,1.0,0.6197,0,0.3591
S031,U031,R079,陈皮苹果茶,-0.7004,0.1498,0.1289,0.0,0.0,1.0,0.0,0.2887,1.0,0.7387,0,0.3193
S032,U032,R001,薄荷柠檬气泡茶,-0.797,0.1015,0.1512,0.1111,0.6111,1.0,0.0,0.4093,0.7,0.9518,0,0.3373
S032,U032,R002,蜂蜜柠檬茶,-0.2768,0.3616,0.2011,0.2,0.375,1.0,0.0,0.4066,0.7,0.7392,0,0.4165
S032,U032,R003,葡萄柠檬茉莉花茶,-0.0238,0.4881,0.1674,0.1429,0.625,1.0,0.0,0.4225,0.7,0.5769,0,0.4598
S032,U032,R004,青柠桂花蜜乌龙,-0.2525,0.3738,0.1669,0.1667,0.625,1.0,0.0,0.4271,0.7,0.5623,0,0.4211
S032,U032,R005,百香果乳酸绿茶,-0.7752,0.1124,0.1431,0.1429,0.6111,1.0,0.0,0.4132,0.7,0.8584,0,0.3382
S032,U032,R006,百香果美式,-0.7986,0.1007,0.1705,0.1111,0.625,1.0,0.0,0.4171,0.7,0.9291,0,0.3394
S032,U032,R007,百香果美式（低咖啡因）,-0.7845,0.1078,0.0667,0.1111,0.55,1.0,0.0,0.3747,0.7,0.9478,0,0.3237
S032,U032,R008,杨枝甘露,-0.6121,0.194,0.0739,0.125,0.5625,1.0,0.0,0.3815,0.3,0.826,0,0.3109
S032,U032,R009,鲜橙绿茶,-0.6993,0.1504,0.1582,0.1429,0.625,1.0,0.0,0.4198,0.7,0.7422,0,0.3486
S032,U032,R010,橙C美式,-0.8087,0.0957,0.1849,0.1111,0.6429,1.0,0.0,0.4241,0.7,0.9243,0,0.3405
S032,U032,R011,橙C美式（低咖啡因）,-0.7488,0.1256,0.0708,0.1111,0.5556,1.0,0.0,0.3768,0.7,0.9028,0,0.3287
S032,U032,R012,鲜橙养乐多,-0.5101,0.2449,0.0679,0.1429,0.5625,1.0,0.0,0.3833,0.7,0.7218,0,0.3643
S032,U032,R013,草莓奶昔,-0.485,0.2575,0.0762,0.125,0.5714,1.0,0.0,0.3836,0.7,0.7014,0,0.3678
S032,U032,R014,蓝莓奶昔,-0.3863,0.3068,0.0766,0.125,0.5625,1.0,0.0,0.3824,0.7,0.8156,0,0.3903
S032,U032,R015,桃桃乌龙,0.1106,0.5553,0.1765,0.2,0.625,1.0,0.0,0.4367,0.7,0.7855,1,0.5501
S032,U032,R016,芒果奶昔,-0.4805,0.2598,0.0758,0.125,0.5625,1.0,0.0,0.3821,0.7,0.8293,0,0.3743
S032,U032,R017,柠迭莓萝气泡水,-0.646,0.177,0.1707,0.1111,0.625,1.0,0.0,0.4172,0.3,0.8492,0,0.3221
S032,U032,R018,茉莉苹果奶绿,0.1035,0.5517,0.1989,0.1429,0.6429,1.0,0.0,0.4347,0.7,0.6172,1,0.5396
S032,U032,R019,荔枝白茶,0.0898,0.5449,0.1765,0.2,0.625,1.0,0.0,0.4367,0.7,0.6784,1,0.5411
S032,U032,R020,超级吨吨桶,-0.797,0.1015,0.1384,0.1111,0.6111,1.0,0.0,0.4054,0.3,0.522,0,0.274
S032,U032,R021,芝士奶盖铁观音,0.0512,0.5256,0.2329,0.1667,0.6429,1.0,0.0,0.4496,0.7,0.8933,1,0.551
S032,U032,R022,抹茶椰青美式,-0.5713,0.2144,0.1855,0.125,0.6429,1.0,0.0,0.4271,1.0,0.7663,0,0.4055
S032,U032,R023,草莓抹茶椰,-0.2338,0.3831,0.2067,0.1667,0.6429,1.0,0.0,0.4418,0.7,0.7037,1,0.4881
S032,U032,R024,柠檬草薄荷气泡水,-0.7737,0.1132,0.1671,0.1111,0.625,1.0,0.0,0.4161,0.7,0.9498,0,0.3443
S032,U032,R025,蝶豆花柠檬气泡水,-0.7597,0.1201,0.165,0.1,0.625,1.0,0.0,0.4133,0.3,0.6588,0,0.291
S032,U032,R026,泰式奶红,-0.528,0.236,0.154,0.0,0.5714,1.0,0.0,0.3819,1.0,0.8623,0,0.3976
S032,U032,R027,泰式奶绿,-0.5204,0.2398,0.1609,0.0,0.5714,1.0,0.0,0.384,1.0,0.5275,0,0.3831
S032,U032,R028,冰橙伯爵鸳鸯茶,-0.7966,0.1017,0.1635,0.0,0.5714,1.0,0.0,0.3848,1.0,0.9965,0,0.3586
S032,U032,R029,伯爵红茶奶茶,-0.7611,0.1194,0.1284,0.0,0.3125,1.0,0.0,0.3354,1.0,0.5025,0,0.3179
S032,U032,R030,焙茶豆乳,-0.5133,0.2433,0.1317,0.0,0.3125,1.0,0.0,0.3364,1.0,0.608,0,0.367
S032,U032,R031,抹茶豆乳,-0.6688,0.1656,0.1306,0.0,0.3125,1.0,0.0,0.336,1.0,0.5892,0,0.3386
S032,U032,R032,抹茶拿铁,-0.8018,0.0991,0.1317,0.0,0.3125,1.0,0.0,0.3364,1.0,0.6383,0,0.318
S032,U032,R033,燕麦奶抹茶拿铁,-0.7014,0.1493,0.13,0.0,0.3125,1.0,0.0,0.3359,1.0,0.9531,0,0.3511
S032,U032,R034,椰奶抹茶拿铁,-0.8064,0.0968,0.1317,0.0,0.3125,1.0,0.0,0.3364,1.0,0.8158,0,0.326
S032,U032,R035,杏仁奶抹茶拿铁,-0.7953,0.1024,0.13,0.0,0.3125,1.0,0.0,0.3359,1.0,0.879,0,0.3309
S032,U032,R036,港式鸳鸯,-0.8021,0.099,0.1057,0.0,0.3056,1.0,0.0,0.3276,1.0,0.5289,0,0.3085
S032,U032,R037,拿铁,-0.7972,0.1014,0.13,0.0,0.3125,1.0,0.0,0.3359,1.0,0.5109,0,0.3122
S032,U032,R038,燕麦奶拿铁,-0.6966,0.1517,0.1289,0.0,0.3125,1.0,0.0,0.3356,1.0,0.77,0,0.3426
S032,U032,R039,椰奶拿铁,-0.7927,0.1037,0.1284,0.0,0.3125,1.0,0.0,0.3354,1.0,0.7088,0,0.3227
S032,U032,R040,杏仁奶拿铁,-0.7928,0.1036,0.1289,0.0,0.3125,1.0,0.0,0.3356,1.0,0.5603,0,0.3153
S032,U032,R041,拿铁（低咖啡因）,-0.797,0.1015,0.0212,0.0,0.25,1.0,0.0,0.2938,1.0,0.7148,0,0.3035
S032,U032,R042,燕麦奶拿铁（低咖啡因）,-0.797,0.1015,0.0212,0.0,0.25,1.0,0.0,0.2938,1.0,0.9749,0,0.3165
S032,U032,R043,椰奶拿铁（低咖啡因）,-0.7948,0.1026,0.02,0.0,0.25,1.0,0.0,0.2935,1.0,0.7955,0,0.3078
S032,U032,R044,杏仁奶拿铁（低咖啡因）,-0.8,0.1,0.0212,0.0,0.25,1.0,0.0,0.2938,1.0,0.7218,0,0.3033
S032,U032,R045,卡布奇诺,-0.7972,0.1014,0.127,0.0,0.3125,1.0,0.0,0.335,1.0,0.764,0,0.3244
S032,U032,R046,卡布奇诺（低咖啡因）,-0.8011,0.0994,0.019,0.0,0.25,1.0,0.0,0.2932,1.0,0.8973,0,0.3116
S032,U032,R047,西班牙拿铁,-0.8,0.1,0.1068,0.0,0.3056,1.0,0.0,0.3279,1.0,0.5221,0,0.3087
S032,U032,R048,西班牙拿铁（低咖啡因）,-0.8018,0.0991,0.0172,0.0,0.25,1.0,0.0,0.2927,1.0,0.7817,0,0.3055
S032,U032,R049,摩卡,-0.7932,0.1034,0.1016,0.0,0.3,1.0,0.0,0.3255,1.0,0.6087,0,0.3131
S032,U032,R050,燕麦奶摩卡,-0.7872,0.1064,0.1004,0.0,0.3,1.0,0.0,0.3251,1.0,0.8293,0,0.325
S032,U032,R051,椰奶摩卡,-0.7921,0.1039,0.1162,0.0,0.3056,1.0,0.0,0.3307,1.0,0.5029,0,0.3103
S032,U032,R052,杏仁奶摩卡,-0.79,0.105,0.1158,0.0,0.3056,1.0,0.0,0.3306,1.0,0.5316,0,0.3121
S032,U032,R053,摩卡（低咖啡因）,-0.792,0.104,0.0183,0.0,0.25,1.0,0.0,0.293,1.0,0.9138,0,0.3139
S032,U032,R054,燕麦奶摩卡（低咖啡因）,-0.7945,0.1027,0.018,0.0,0.25,1.0,0.0,0.2929,1.0,0.6848,0,0.302
S032,U032,R055,椰奶摩卡（低咖啡因）,-0.7924,0.1038,0.0177,0.0,0.25,1.0,0.0,0.2928,1.0,0.7353,0,0.3049
S032,U032,R056,杏仁奶摩卡（低咖啡因）,-0.7909,0.1046,0.018,0.0,0.25,1.0,0.0,0.2929,1.0,0.8603,0,0.3114
S032,U032,R057,dirty,-0.7992,0.1004,0.1166,0.0,0.3056,1.0,0.0,0.3308,0.7,0.6028,0,0.2841
S032,U032,R058,燕麦奶dirty,-0.7883,0.1059,0.1158,0.0,0.3056,1.0,0.0,0.3306,0.7,0.616,0,0.2866
S032,U032,R059,椰奶dirty,-0.7972,0.1014,0.1158,0.0,0.3056,1.0,0.0,0.3306,0.7,0.5675,0,0.2826
S032,U032,R060,杏仁奶dirty,-0.7905,0.1048,0.1158,0.0,0.3056,1.0,0.0,0.3306,0.7,0.9481,0,0.3028
S032,U032,R061,dirty（低咖啡因）,-0.7954,0.1023,0.0183,0.0,0.25,1.0,0.0,0.293,0.7,0.5634,0,0.2658
S032,U032,R062,燕麦奶dirty（低咖啡因）,-0.7957,0.1022,0.0183,0.0,0.25,1.0,0.0,0.293,0.7,0.6294,0,0.2691
S032,U032,R063,椰奶dirty（低咖啡因）,-0.7932,0.1034,0.0177,0.0,0.25,1.0,0.0,0.2928,0.7,0.7305,0,0.2745
S032,U032,R064,杏仁奶dirty（低咖啡因）,-0.793,0.1035,0.0183,0.0,0.25,1.0,0.0,0.293,0.7,0.553,0,0.2657
S032,U032,R065,热可可,-0.6207,0.1896,0.0,0.0,0.0,1.0,0.0,0.25,1.0,0.9988,0,0.3288
S032,U032,R066,燕麦奶热可可,-0.5155,0.2422,0.0,0.0,0.0,1.0,0.0,0.25,1.0,0.7934,0,0.337
S032,U032,R067,杏仁奶热可可,-0.5359,0.232,0.0,0.0,0.0,1.0,0.0,0.25,1.0,0.7201,0,0.3297
S032,U032,R068,玫瑰椰椰烤奶,-0.6238,0.1881,0.0734,0.0,0.0,1.0,0.0,0.272,1.0,0.8347,0,0.33
S032,U032,R069,玫瑰菊花茶,-0.504,0.248,0.0117,0.0,0.0,1.0,0.0,0.2535,1.0,0.6269,0,0.3322
S032,U032,R070,玫瑰陈皮茶,-0.6526,0.1737,0.0112,0.0,0.0,1.0,0.0,0.2534,1.0,0.5681,0,0.3032
S032,U032,R071,金银花菊花茶,-0.5071,0.2465,0.0122,0.0,0.0,1.0,0.0,0.2537,1.0,0.8395,0,0.3424
S032,U032,R072,菊花柠檬茶,-0.361,0.3195,0.0555,0.1429,0.0556,1.0,0.0,0.3036,1.0,0.6362,0,0.3803
S032,U032,R073,薰衣草柠檬茶,-0.3845,0.3078,0.0552,0.125,0.0556,1.0,0.0,0.2999,1.0,0.7752,0,0.3814
S032,U032,R074,百花茶,-0.6392,0.1804,0.011,0.0,0.0,1.0,0.0,0.2533,1.0,0.8607,0,0.3202
S032,U032,R075,洛神花玫瑰茶,-0.754,0.123,0.011,0.0,0.0,1.0,0.0,0.2533,1.0,0.8781,0,0.3009
S032,U032,R076,洛神花苹果茶,-0.7902,0.1049,0.0106,0.0,0.0,1.0,0.0,0.2532,1.0,0.8768,0,0.2945
S032,U032,R077,金银花荷叶茶,-0.7669,0.1165,0.02,0.0,0.0,1.0,0.0,0.256,1.0,0.9409,0,0.303
S032,U032,R078,百合玫瑰茶,-0.4458,0.2771,0.0,0.0,0.0,1.0,0.0,0.25,1.0,0.9573,0,0.3573
S032,U032,R079,陈皮苹果茶,-0.7442,0.1279,0.0108,0.0,0.0,1.0,0.0,0.2532,1.0,0.7922,0,0.2983
S033,U033,R001,薄荷柠檬气泡茶,-0.7916,0.1042,0.159,0.0,0.5556,0.65,0.0,0.2935,0.7,0.5831,0,0.0
S033,U033,R002,蜂蜜柠檬茶,-0.3883,0.3059,0.2173,0.0,0.3125,1.0,0.0,0.3621,0.7,0.9243,0,0.3862
S033,U033,R003,葡萄柠檬茉莉花茶,0.1042,0.5521,0.1835,0.0,0.5625,1.0,0.0,0.3894,0.7,0.7538,1,0.5262
S033,U033,R004,青柠桂花蜜乌龙,-0.099,0.4505,0.1669,0.0,0.5625,1.0,0.0,0.3844,0.7,0.872,0,0.4443
S033,U033,R005,百香果乳酸绿茶,-0.7237,0.1382,0.1431,0.0,0.5556,1.0,0.0,0.3762,0.7,0.6253,0,0.3189
S033,U033,R006,百香果美式,-0.7994,0.1003,0.1705,0.0,0.5625,0.65,0.0,0.298,0.7,0.5663,0,0.0
S033,U033,R007,百香果美式（低咖啡因）,-0.8205,0.0897,0.0667,0.0,0.55,0.65,0.0,0.265,0.7,0.9109,0,0.0
S033,U033,R008,杨枝甘露,-0.6326,0.1837,0.0659,0.0,0.5625,1.0,0.0,0.3542,0.3,0.6136,0,0.2844
S033,U033,R009,鲜橙绿茶,-0.6069,0.1965,0.1582,0.0,0.5625,1.0,0.0,0.3818,0.7,0.5206,0,0.3366
S033,U033,R010,橙C美式,-0.8028,0.0986,0.1849,0.0,0.5625,0.65,0.0,0.3024,0.7,0.6286,0,0.0
S033,U033,R011,橙C美式（低咖啡因）,-0.7885,0.1057,0.0708,0.0,0.5556,0.65,0.0,0.2671,0.7,0.6679,0,0.0
S033,U033,R012,鲜橙养乐多,-0.5369,0.2316,0.0679,0.0,0.5625,1.0,0.0,0.3548,0.7,0.7359,0,0.3475
S033,U033,R013,草莓奶昔,-0.5141,0.243,0.0762,0.0,0.5625,1.0,0.0,0.3572,0.7,0.7195,0,0.3518
S033,U033,R014,蓝莓奶昔,-0.4372,0.2814,0.0766,0.0,0.5625,1.0,0.0,0.3574,0.7,0.7575,0,0.3672
S033,U033,R015,桃桃乌龙,0.2258,0.6129,0.1765,0.0,0.5625,1.0,0.0,0.3873,0.7,0.72,1,0.5448
S033,U033,R016,芒果奶昔,-0.5087,0.2457,0.0758,0.0,0.5625,1.0,0.0,0.3571,0.7,0.9216,0,0.3628
S033,U033,R017,柠迭莓萝气泡水,-0.5342,0.2329,0.1779,0.0,0.5625,0.65,0.0,0.3002,0.3,0.5575,0,0.0
S033,U033,R018,茉莉苹果奶绿,0.0497,0.5249,0.1989,0.0,0.5625,1.0,0.0,0.394,0.7,0.7816,1,0.5201
S033,U033,R019,荔枝白茶,0.2119,0.6059,0.1765,0.0,0.5625,1.0,0.0,0.3873,0.7,0.6536,1,0.539
S033,U033,R020,超级吨吨桶,-0.7934,0.1033,0.1513,0.0,0.5556,1.0,0.0,0.3787,0.3,0.9511,0,0.2841
S033,U033,R021,芝士奶盖铁观音,-0.0233,0.4883,0.2329,0.0,0.5625,1.0,0.0,0.4042,0.7,0.8342,1,0.5145
S033,U033,R022,抹茶椰青美式,-0.6323,0.1839,0.1855,0.0,0.5625,0.65,0.0,0.3025,1.0,0.5569,0,0.0
S033,U033,R023,草莓抹茶椰,-0.3437,0.3281,0.2067,0.0,0.5625,0.65,0.0,0.3089,0.7,0.6073,0,0.0
S033,U033,R024,柠檬草薄荷气泡水,-0.7182,0.1409,0.176,0.0,0.5625,0.65,0.0,0.2997,0.7,0.9952,0,0.0
S033,U033,R025,蝶豆花柠檬气泡水,-0.7004,0.1498,0.1735,0.0,0.5625,0.65,0.0,0.2989,0.3,0.7158,0,0.0
S033,U033,R026,泰式奶红,-0.5772,0.2114,0.154,0.0,0.5,1.0,0.0,0.3712,1.0,0.6963,0,0.3758
S033,U033,R027,泰式奶绿,-0.5644,0.2178,0.1609,0.0,0.5,1.0,0.0,0.3733,1.0,0.6241,0,0.3754
S033,U033,R028,冰橙伯爵鸳鸯茶,-0.7896,0.1052,0.1635,0.0,0.5,0.65,0.0,0.2865,1.0,0.618,0,0.0
S033,U033,R029,伯爵红茶奶茶,-0.7716,0.1142,0.1284,0.0,0.25,1.0,0.0,0.326,1.0,0.5655,0,0.3149
S033,U033,R030,焙茶豆乳,-0.5452,0.2274,0.1317,0.0,0.25,1.0,0.0,0.327,1.0,0.6266,0,0.3581
S033,U033,R031,抹茶豆乳,-0.6905,0.1548,0.1306,0.0,0.25,0.65,0.0,0.2392,1.0,0.6477,0,0.0
S033,U033,R032,抹茶拿铁,-0.7993,0.1004,0.1317,0.0,0.25,0.65,0.0,0.2395,1.0,0.7297,0,0.0
S033,U033,R033,燕麦奶抹茶拿铁,-0.7114,0.1443,0.13,0.0,0.25,0.65,0.0,0.239,1.0,0.5402,0,0.0
S033,U033,R034,椰奶抹茶拿铁,-0.8074,0.0963,0.1317,0.0,0.25,0.65,0.0,0.2395,1.0,0.698,0,0.0
S033,U033,R035,杏仁奶抹茶拿铁,-0.7886,0.1057,0.13,0.0,0.25,0.65,0.0,0.239,1.0,0.8538,0,0.0
S033,U033,R036,港式鸳鸯,-0.7985,0.1007,0.1057,0.0,0.25,0.65,0.0,0.2317,1.0,0.8679,0,0.0
S033,U033,R037,拿铁,-0.794,0.103,0.13,0.0,0.25,0.65,0.0,0.239,1.0,0.51,0,0.0
S033,U033,R038,燕麦奶拿铁,-0.7024,0.1488,0.1289,0.0,0.25,0.65,0.0,0.2387,1.0,0.8386,0,0.0
S033,U033,R039,椰奶拿铁,-0.787,0.1065,0.1284,0.0,0.25,0.65,0.0,0.2385,1.0,0.9701,0,0.0
S033,U033,R040,杏仁奶拿铁,-0.7846,0.1077,0.1289,0.0,0.25,0.65,0.0,0.2387,1.0,0.5563,0,0.0
S033,U033,R041,拿铁（低咖啡因）,-0.7916,0.1042,0.0212,0.0,0.25,0.65,0.0,0.2063,1.0,0.6751,0,0.0
S033,U033,R042,燕麦奶拿铁（低咖啡因）,-0.7922,0.1039,0.0212,0.0,0.25,0.65,0.0,0.2063,1.0,0.5303,0,0.0
S033,U033,R043,椰奶拿铁（低咖啡因）,-0.7943,0.1028,0.02,0.0,0.25,0.65,0.0,0.206,1.0,0.9938,0,0.0
S033,U033,R044,杏仁奶拿铁（低咖啡因）,-0.7957,0.1022,0.0212,0.0,0.25,0.65,0.0,0.2063,1.0,0.6218,0,0.0
S033,U033,R045,卡布奇诺,-0.7915,0.1043,0.127,0.0,0.25,0.65,0.0,0.2381,1.0,0.5052,0,0.0
S033,U033,R046,卡布奇诺（低咖啡因）,-0.7964,0.1018,0.019,0.0,0.25,0.65,0.0,0.2057,1.0,0.7979,0,0.0
S033,U033,R047,西班牙拿铁,-0.7956,0.1022,0.1068,0.0,0.25,0.65,0.0,0.232,1.0,0.5648,0,0.0
S033,U033,R048,西班牙拿铁（低咖啡因）,-0.7966,0.1017,0.0172,0.0,0.25,0.65,0.0,0.2052,1.0,0.7462,0,0.0
S033,U033,R049,摩卡,-0.7887,0.1056,0.1016,0.0,0.25,0.65,0.0,0.2305,1.0,0.8794,0,0.0
S033,U033,R050,燕麦奶摩卡,-0.7804,0.1098,0.1004,0.0,0.25,0.65,0.0,0.2301,1.0,0.84,0,0.0
S033,U033,R051,椰奶摩卡,-0.785,0.1075,0.1162,0.0,0.25,0.65,0.0,0.2349,1.0,0.7877,0,0.0
S033,U033,R052,杏仁奶摩卡,-0.7824,0.1088,0.1158,0.0,0.25,0.65,0.0,0.2347,1.0,0.6433,0,0.0
S033,U033,R053,摩卡（低咖啡因）,-0.7872,0.1064,0.0183,0.0,0.25,0.65,0.0,0.2055,1.0,0.8628,0,0.0
S033,U033,R054,燕麦奶摩卡（低咖啡因）,-0.7904,0.1048,0.018,0.0,0.25,0.65,0.0,0.2054,1.0,0.8636,0,0.0
S033,U033,R055,椰奶摩卡（低咖啡因）,-0.7875,0.1063,0.0177,0.0,0.25,0.65,0.0,0.2053,1.0,0.7559,0,0.0
S033,U033,R056,杏仁奶摩卡（低咖啡因）,-0.7873,0.1063,0.018,0.0,0.25,0.65,0.0,0.2054,1.0,1.0,0,0.0
S033,U033,R057,dirty,-0.7948,0.1026,0.1166,0.0,0.25,0.65,0.0,0.235,0.7,0.9071,0,0.0
S033,U033,R058,燕麦奶dirty,-0.7849,0.1075,0.1158,0.0,0.25,0.65,0.0,0.2347,0.7,0.7003,0,0.0
S033,U033,R059,椰奶dirty,-0.7908,0.1046,0.1158,0.0,0.25,0.65,0.0,0.2347,0.7,0.98,0,0.0
S033,U033,R060,杏仁奶dirty,-0.7847,0.1076,0.1158,0.0,0.25,0.65,0.0,0.2347,0.7,0.7543,0,0.0
S033,U033,R061,dirty（低咖啡因）,-0.7932,0.1034,0.0183,0.0,0.25,0.65,0.0,0.2055,0.7,0.8466,0,0.0
S033,U033,R062,燕麦奶dirty（低咖啡因）,-0.7927,0.1036,0.0183,0.0,0.25,0.65,0.0,0.2055,0.7,0.8697,0,0.0
S033,U033,R063,椰奶dirty（低咖啡因）,-0.7905,0.1048,0.0177,0.0,0.25,0.65,0.0,0.2053,0.7,0.7271,0,0.0
S033,U033,R064,杏仁奶dirty（低咖啡因）,-0.7901,0.105,0.0183,0.0,0.25,0.65,0.0,0.2055,0.7,0.9753,0,0.0
S033,U033,R065,热可可,-0.6649,0.1676,0.0,0.0,0.0,1.0,0.0,0.25,1.0,0.6669,0,0.3045
S033,U033,R066,燕麦奶热可可,-0.5608,0.2196,0.0,0.0,0.0,1.0,0.0,0.25,1.0,0.6451,0,0.3216
S033,U033,R067,杏仁奶热可可,-0.5778,0.2111,0.0,0.0,0.0,1.0,0.0,0.25,1.0,0.6524,0,0.319
S033,U033,R068,玫瑰椰椰烤奶,-0.6551,0.1725,0.0648,0.0,0.0,1.0,0.0,0.2695,1.0,0.9183,0,0.3276
S033,U033,R069,玫瑰菊花茶,-0.4744,0.2628,0.0234,0.0,0.0,1.0,0.0,0.257,1.0,0.936,0,0.3544
S033,U033,R070,玫瑰陈皮茶,-0.614,0.193,0.0224,0.0,0.0,1.0,0.0,0.2567,1.0,0.9662,0,0.3314
S033,U033,R071,金银花菊花茶,-0.4659,0.267,0.0244,0.0,0.0,1.0,0.0,0.2573,1.0,0.7639,0,0.3474
S033,U033,R072,菊花柠檬茶,-0.4835,0.2583,0.0645,0.0,0.0556,1.0,0.0,0.2777,1.0,0.5766,0,0.3442
S033,U033,R073,薰衣草柠檬茶,-0.4988,0.2506,0.0641,0.0,0.0556,1.0,0.0,0.2776,1.0,0.6344,0,0.3443
S033,U033,R074,百花茶,-0.5715,0.2142,0.022,0.0,0.0,1.0,0.0,0.2566,1.0,0.7874,0,0.3298
S033,U033,R075,洛神花玫瑰茶,-0.7172,0.1414,0.011,0.0,0.0,1.0,0.0,0.2533,1.0,0.6497,0,0.296
S033,U033,R076,洛神花苹果茶,-0.7845,0.1078,0.0106,0.0,0.0,1.0,0.0,0.2532,1.0,0.9591,0,0.2996
S033,U033,R077,金银花荷叶茶,-0.7174,0.1413,0.02,0.0,0.0,1.0,0.0,0.256,1.0,0.6743,0,0.2984
S033,U033,R078,百合玫瑰茶,-0.4263,0.2869,0.0125,0.0,0.0,1.0,0.0,0.2537,1.0,0.7753,0,0.3533
S033,U033,R079,陈皮苹果茶,-0.7577,0.1211,0.0216,0.0,0.0,1.0,0.0,0.2565,1.0,0.979,0,0.3068
S034,U034,R001,薄荷柠檬气泡茶,-0.7822,0.1089,0.2042,0.0,0.5556,1.0,0.0,0.3946,0.7,0.655,0,0.3184
S034,U034,R002,蜂蜜柠檬茶,-0.5752,0.2124,0.1529,0.0,0.3125,1.0,0.0,0.3428,0.7,0.5216,0,0.3247
S034,U034,R003,葡萄柠檬茉莉花茶,0.0624,0.5312,0.2366,0.0,0.5625,1.0,0.0,0.4054,0.7,0.8927,1,0.533
S034,U034,R004,青柠桂花蜜乌龙,0.0138,0.5069,0.2358,0.0,0.5625,1.0,0.0,0.4051,0.7,0.5658,1,0.508
S034,U034,R005,百香果乳酸绿茶,-0.5673,0.2163,0.1958,0.0,0.5556,1.0,0.0,0.3921,0.7,0.7184,0,0.3581
S034,U034,R006,百香果美式,-0.7892,0.1054,0.1344,0.0,0.5625,1.0,0.0,0.3747,0.7,0.5553,0,0.3033
S034,U034,R007,百香果美式（低咖啡因）,-0.6584,0.1708,0.0753,0.0,0.55,1.0,0.0,0.3551,0.7,0.9792,0,0.3385
S034,U034,R008,杨枝甘露,-0.498,0.251,0.1899,0.0,0.5625,1.0,0.0,0.3913,0.3,0.5744,0,0.3227
S034,U034,R009,鲜橙绿茶,-0.4897,0.2551,0.2169,0.0,0.5625,1.0,0.0,0.3994,0.7,0.9688,0,0.3875
S034,U034,R010,橙C美式,-0.7818,0.1091,0.1524,0.0,0.5625,1.0,0.0,0.3801,0.7,0.7786,0,0.3182
S034,U034,R011,橙C美式（低咖啡因）,-0.6272,0.1864,0.088,0.0,0.5556,1.0,0.0,0.3597,0.7,0.8384,0,0.339
S034,U034,R012,鲜橙养乐多,-0.3411,0.3294,0.1358,0.0,0.5625,1.0,0.0,0.3751,0.7,0.7396,0,0.3911
S034,U034,R013,草莓奶昔,-0.3894,0.3053,0.2024,0.0,0.5625,1.0,0.0,0.3951,0.7,0.965,0,0.4029
S034,U034,R014,蓝莓奶昔,-0.3523,0.3238,0.2032,0.0,0.5625,1.0,0.0,0.3953,0.7,0.6128,0,0.3919
S034,U034,R015,桃桃乌龙,0.2183,0.6091,0.2526,0.0,0.5625,1.0,0.0,0.4102,0.7,0.7312,1,0.5543
S034,U034,R016,芒果奶昔,-0.3869,0.3065,0.2016,0.0,0.5625,1.0,0.0,0.3948,0.7,0.7907,0,0.3945
S034,U034,R017,柠迭莓萝气泡水,-0.3276,0.3362,0.23,0.0,0.5625,1.0,0.0,0.4034,0.3,0.8698,1,0.4227
S034,U034,R018,茉莉苹果奶绿,-0.2896,0.3552,0.1502,0.0,0.5625,1.0,0.0,0.3794,0.7,0.5139,0,0.3908
S034,U034,R019,荔枝白茶,0.1947,0.5973,0.2526,0.0,0.5625,1.0,0.0,0.4102,0.7,0.5593,1,0.5416
S034,U034,R020,超级吨吨桶,-0.7834,0.1083,0.1138,0.0,0.5556,1.0,0.0,0.3675,0.3,0.5918,0,0.2629
S034,U034,R021,芝士奶盖铁观音,-0.3976,0.3012,0.1525,0.0,0.5625,1.0,0.0,0.3801,0.7,0.8289,0,0.3879
S034,U034,R022,抹茶椰青美式,-0.7796,0.1102,0.1532,0.0,0.5625,1.0,0.0,0.3803,1.0,0.7554,0,0.3475
S034,U034,R023,草莓抹茶椰,-0.6027,0.1987,0.1409,0.0,0.5625,1.0,0.0,0.3767,0.7,0.8829,0,0.3532
S034,U034,R024,柠檬草薄荷气泡水,-0.5643,0.2178,0.2257,0.0,0.5625,1.0,0.0,0.4021,0.7,0.8329,0,0.3688
S034,U034,R025,蝶豆花柠檬气泡水,-0.5417,0.2292,0.2229,0.0,0.5625,1.0,0.0,0.4012,0.3,0.9975,0,0.3406
S034,U034,R026,泰式奶红,-0.7531,0.1235,0.0901,0.0,0.5,1.0,0.0,0.352,1.0,0.8544,0,0.3443
S034,U034,R027,泰式奶绿,-0.7443,0.1278,0.0967,0.0,0.5,1.0,0.0,0.354,1.0,0.5176,0,0.3299
S034,U034,R028,冰橙伯爵鸳鸯茶,-0.7733,0.1133,0.0999,0.0,0.5,1.0,0.0,0.355,1.0,0.9008,0,0.3445
S034,U034,R029,伯爵红茶奶茶,-0.8238,0.0881,0.0784,0.0,0.25,1.0,0.0,0.311,1.0,0.9026,0,0.3159
S034,U034,R030,焙茶豆乳,-0.6673,0.1664,0.0923,0.0,0.25,1.0,0.0,0.3152,1.0,0.6346,0,0.3318
S034,U034,R031,抹茶豆乳,-0.7272,0.1364,0.0907,0.0,0.25,1.0,0.0,0.3147,1.0,0.756,0,0.3272
S034,U034,R032,抹茶拿铁,-0.7902,0.1049,0.0712,0.0,0.25,1.0,0.0,0.3088,1.0,0.6618,0,0.3088
S034,U034,R033,燕麦奶抹茶拿铁,-0.7261,0.1369,0.09,0.0,0.25,1.0,0.0,0.3145,1.0,0.727,0,0.3258
S034,U034,R034,椰奶抹茶拿铁,-0.8011,0.0995,0.0712,0.0,0.25,1.0,0.0,0.3088,1.0,0.5918,0,0.3034
S034,U034,R035,杏仁奶抹茶拿铁,-0.7763,0.1118,0.09,0.0,0.25,1.0,0.0,0.3145,1.0,0.8236,0,0.3218
S034,U034,R036,港式鸳鸯,-0.7856,0.1072,0.0648,0.0,0.25,1.0,0.0,0.3069,1.0,0.9796,0,0.3246
S034,U034,R037,拿铁,-0.7852,0.1074,0.08,0.0,0.25,1.0,0.0,0.3115,1.0,0.8175,0,0.3186
S034,U034,R038,燕麦奶拿铁,-0.7268,0.1366,0.0886,0.0,0.25,1.0,0.0,0.3141,1.0,0.9358,0,0.3359
S034,U034,R039,椰奶拿铁,-0.7775,0.1113,0.0784,0.0,0.25,1.0,0.0,0.311,1.0,0.6364,0,0.3107
S034,U034,R040,杏仁奶拿铁,-0.7734,0.1133,0.0886,0.0,0.25,1.0,0.0,0.3141,1.0,0.7856,0,0.3203
S034,U034,R041,拿铁（低咖啡因）,-0.7787,0.1107,0.0317,0.0,0.25,1.0,0.0,0.297,1.0,0.589,0,0.3018
S034,U034,R042,燕麦奶拿铁（低咖啡因）,-0.7825,0.1088,0.0317,0.0,0.25,1.0,0.0,0.297,1.0,0.5369,0,0.2986
S034,U034,R043,椰奶拿铁（低咖啡因）,-0.7856,0.1072,0.03,0.0,0.25,1.0,0.0,0.2965,1.0,0.5157,0,0.2967
S034,U034,R044,杏仁奶拿铁（低咖啡因）,-0.7815,0.1092,0.0317,0.0,0.25,1.0,0.0,0.297,1.0,0.989,0,0.3213
S034,U034,R045,卡布奇诺,-0.7782,0.1109,0.077,0.0,0.25,1.0,0.0,0.3106,1.0,0.8162,0,0.3194
S034,U034,R046,卡布奇诺（低咖啡因）,-0.7799,0.11,0.0284,0.0,0.25,1.0,0.0,0.296,1.0,0.5681,0,0.3001
S034,U034,R047,西班牙拿铁,-0.7833,0.1084,0.0659,0.0,0.25,1.0,0.0,0.3073,1.0,0.6534,0,0.3089
S034,U034,R048,西班牙拿铁（低咖啡因）,-0.7816,0.1092,0.0258,0.0,0.25,1.0,0.0,0.2952,1.0,0.8537,0,0.3137
S034,U034,R049,摩卡,-0.7802,0.1099,0.0641,0.0,0.25,1.0,0.0,0.3067,1.0,0.9332,0,0.3231
S034,U034,R050,燕麦奶摩卡,-0.7731,0.1134,0.0713,0.0,0.25,1.0,0.0,0.3089,1.0,0.8429,0,0.3209
S034,U034,R051,椰奶摩卡,-0.775,0.1125,0.0712,0.0,0.25,1.0,0.0,0.3089,1.0,0.5515,0,0.306
S034,U034,R052,杏仁奶摩卡,-0.7725,0.1137,0.0794,0.0,0.25,1.0,0.0,0.3113,1.0,0.659,0,0.3128
S034,U034,R053,摩卡（低咖啡因）,-0.779,0.1105,0.0275,0.0,0.25,1.0,0.0,0.2958,1.0,0.8679,0,0.3152
S034,U034,R054,燕麦奶摩卡（低咖啡因）,-0.7825,0.1088,0.027,0.0,0.25,1.0,0.0,0.2956,1.0,0.7911,0,0.3106
S034,U034,R055,椰奶摩卡（低咖啡因）,-0.7771,0.1115,0.0266,0.0,0.25,1.0,0.0,0.2955,1.0,0.7158,0,0.3078
S034,U034,R056,杏仁奶摩卡（低咖啡因）,-0.7808,0.1096,0.027,0.0,0.25,1.0,0.0,0.2956,1.0,0.9615,0,0.3195
S034,U034,R057,dirty,-0.7828,0.1086,0.0716,0.0,0.25,1.0,0.0,0.309,0.7,0.579,0,0.276
S034,U034,R058,燕麦奶dirty,-0.7813,0.1093,0.0794,0.0,0.25,1.0,0.0,0.3113,0.7,0.6911,0,0.2829
S034,U034,R059,椰奶dirty,-0.7782,0.1109,0.0708,0.0,0.25,1.0,0.0,0.3087,0.7,0.9007,0,0.2928
S034,U034,R060,杏仁奶dirty,-0.7758,0.1121,0.0794,0.0,0.25,1.0,0.0,0.3113,0.7,0.9647,0,0.2976
S034,U034,R061,dirty（低咖啡因）,-0.7846,0.1077,0.0275,0.0,0.25,1.0,0.0,0.2958,0.7,0.6418,0,0.2729
S034,U034,R062,燕麦奶dirty（低咖啡因）,-0.7834,0.1083,0.0275,0.0,0.25,1.0,0.0,0.2958,0.7,0.6801,0,0.275
S034,U034,R063,椰奶dirty（低咖啡因）,-0.7825,0.1088,0.0266,0.0,0.25,1.0,0.0,0.2955,0.7,0.7333,0,0.2777
S034,U034,R064,杏仁奶dirty（低咖啡因）,-0.7821,0.1089,0.0275,0.0,0.25,1.0,0.0,0.2958,0.7,0.9455,0,0.2885
S034,U034,R065,热可可,-0.5867,0.2066,0.0567,0.0,0.0,1.0,0.0,0.267,1.0,0.669,0,0.3259
S034,U034,R066,燕麦奶热可可,-0.4546,0.2727,0.0774,0.0,0.0,1.0,0.0,0.2732,1.0,0.6381,0,0.3503
S034,U034,R067,杏仁奶热可可,-0.4606,0.2697,0.0774,0.0,0.0,1.0,0.0,0.2732,1.0,0.8948,0,0.3621
S034,U034,R068,玫瑰椰椰烤奶,-0.636,0.182,0.0734,0.0,0.0,1.0,0.0,0.272,1.0,0.5092,0,0.3116
S034,U034,R069,玫瑰菊花茶,-0.4377,0.2812,0.1335,0.0,0.0,1.0,0.0,0.2901,1.0,0.918,0,0.3748
S034,U034,R070,玫瑰陈皮茶,-0.545,0.2275,0.1311,0.0,0.0,1.0,0.0,0.2893,1.0,0.6417,0,0.3419
S034,U034,R071,金银花菊花茶,-0.4666,0.2667,0.1361,0.0,0.0,1.0,0.0,0.2908,1.0,0.6262,0,0.3555
S034,U034,R072,菊花柠檬茶,-0.6842,0.1579,0.1576,0.0,0.0556,1.0,0.0,0.3056,1.0,0.7115,0,0.3284
S034,U034,R073,薰衣草柠檬茶,-0.6854,0.1573,0.1569,0.0,0.0556,1.0,0.0,0.3054,1.0,0.7614,0,0.3306
S034,U034,R074,百花茶,-0.5349,0.2325,0.13,0.0,0.0,1.0,0.0,0.289,1.0,0.8059,0,0.3517
S034,U034,R075,洛神花玫瑰茶,-0.6719,0.1641,0.13,0.0,0.0,1.0,0.0,0.289,1.0,0.9611,0,0.3355
S034,U034,R076,洛神花苹果茶,-0.767,0.1165,0.1279,0.0,0.0,1.0,0.0,0.2884,1.0,0.5811,0,0.2996
S034,U034,R077,金银花荷叶茶,-0.6794,0.1603,0.125,0.0,0.0,1.0,0.0,0.2875,1.0,0.5017,0,0.3106
S034,U034,R078,百合玫瑰茶,-0.4029,0.2986,0.125,0.0,0.0,1.0,0.0,0.2875,1.0,0.9752,0,0.3826
S034,U034,R079,陈皮苹果茶,-0.6879,0.156,0.1289,0.0,0.0,1.0,0.0,0.2887,1.0,0.8346,0,0.3263
S035,U035,R001,薄荷柠檬气泡茶,-0.8098,0.0951,0.0982,0.0,0.0556,0.75,0.0,0.2253,0.7,0.9188,0,0.0
S035,U035,R002,蜂蜜柠檬茶,-0.6641,0.1679,0.0805,0.0,0.0,1.0,0.0,0.2742,0.7,0.6495,0,0.2846
S035,U035,R003,葡萄柠檬茉莉花茶,-0.5215,0.2393,0.1143,0.0,0.0625,1.0,0.0,0.2937,0.7,0.5677,0,0.3143
S035,U035,R004,青柠桂花蜜乌龙,-0.623,0.1885,0.1219,0.0,0.0625,1.0,0.0,0.2959,0.7,0.6667,0,0.3025
S035,U035,R005,百香果乳酸绿茶,-0.7514,0.1243,0.0979,0.0,0.0556,1.0,0.0,0.2877,0.7,0.7348,0,0.2797
S035,U035,R006,百香果美式,-0.8207,0.0896,0.0627,0.0,0.0,0.75,0.0,0.2063,0.7,0.8616,0,0.0
S035,U035,R007,百香果美式（低咖啡因）,-0.7882,0.1059,0.1076,0.0,0.05,0.75,0.0,0.2273,0.7,0.8752,0,0.0
S035,U035,R008,杨枝甘露,-0.6451,0.1774,0.1159,0.0,0.0625,1.0,0.0,0.2942,0.3,0.686,0,0.2588
S035,U035,R009,鲜橙绿茶,-0.7804,0.1098,0.1084,0.0,0.0625,1.0,0.0,0.2919,0.7,0.8599,0,0.2828
S035,U035,R010,橙C美式,-0.8094,0.0953,0.0762,0.0,0.0,0.75,0.0,0.2104,0.7,0.7107,0,0.0
S035,U035,R011,橙C美式（低咖啡因）,-0.75,0.125,0.1244,0.0,0.0556,0.75,0.0,0.2331,0.7,0.798,0,0.0
S035,U035,R012,鲜橙养乐多,-0.6521,0.174,0.0679,0.0,0.0,1.0,0.0,0.2704,0.7,0.6085,0,0.283
S035,U035,R013,草莓奶昔,-0.5667,0.2167,0.1175,0.0,0.0714,1.0,0.0,0.296,0.7,0.9788,0,0.328
S035,U035,R014,蓝莓奶昔,-0.5697,0.2151,0.1177,0.0,0.0625,1.0,0.0,0.2947,0.7,0.8913,0,0.3225
S035,U035,R015,桃桃乌龙,-0.5492,0.2254,0.1211,0.0,0.0625,1.0,0.0,0.2957,0.7,0.9513,0,0.3295
S035,U035,R016,芒果奶昔,-0.5704,0.2148,0.1172,0.0,0.0625,1.0,0.0,0.2945,0.7,0.8112,0,0.3183
S035,U035,R017,柠迭莓萝气泡水,-0.7049,0.1475,0.1043,0.0,0.0625,0.75,0.0,0.2282,0.3,0.7408,0,0.0
S035,U035,R018,茉莉苹果奶绿,-0.6011,0.1994,0.0789,0.0,0.0,1.0,0.0,0.2737,0.7,0.5796,0,0.2919
S035,U035,R019,荔枝白茶,-0.5449,0.2276,0.1211,0.0,0.0625,1.0,0.0,0.2957,0.7,0.6034,0,0.3129
S035,U035,R020,超级吨吨桶,-0.8125,0.0938,0.0569,0.0,0.0,1.0,0.0,0.2671,0.3,0.5948,0,0.2127
S035,U035,R021,芝士奶盖铁观音,-0.6018,0.1991,0.0663,0.0,0.0,1.0,0.0,0.2699,0.7,0.6437,0,0.2933
S035,U035,R022,抹茶椰青美式,-0.877,0.0615,0.0766,0.0,0.0,0.75,0.0,0.2105,1.0,0.8655,0,0.0
S035,U035,R023,草莓抹茶椰,-0.8563,0.0718,0.0657,0.0,0.0,0.75,0.0,0.2072,0.7,0.5607,0,0.0
S035,U035,R024,柠檬草薄荷气泡水,-0.7566,0.1217,0.0996,0.0,0.0625,0.75,0.0,0.2267,0.7,0.862,0,0.0
S035,U035,R025,蝶豆花柠檬气泡水,-0.7641,0.118,0.0987,0.0,0.0625,0.75,0.0,0.2265,0.3,0.5998,0,0.0
S035,U035,R026,泰式奶红,-0.6287,0.1857,0.0816,0.0,0.0,1.0,0.0,0.2745,1.0,0.6729,0,0.3222
S035,U035,R027,泰式奶绿,-0.6452,0.1774,0.0805,0.0,0.0,1.0,0.0,0.2742,1.0,0.8615,0,0.3286
S035,U035,R028,冰橙伯爵鸳鸯茶,-0.8215,0.0892,0.0824,0.0,0.0,0.75,0.0,0.2122,1.0,0.8452,0,0.0
S035,U035,R029,伯爵红茶奶茶,-0.6386,0.1807,0.1879,0.0,0.0625,1.0,0.0,0.3158,1.0,0.5927,0,0.335
S035,U035,R030,焙茶豆乳,-0.5964,0.2018,0.1923,0.0,0.0625,1.0,0.0,0.3171,1.0,0.9703,0,0.3618
S035,U035,R031,抹茶豆乳,-0.775,0.1125,0.1907,0.0,0.0625,0.75,0.0,0.2541,1.0,0.9621,0,0.0
S035,U035,R032,抹茶拿铁,-0.8087,0.0957,0.1923,0.0,0.0625,0.75,0.0,0.2546,1.0,0.8026,0,0.0
S035,U035,R033,燕麦奶抹茶拿铁,-0.7698,0.1151,0.18,0.0,0.0625,0.75,0.0,0.2509,1.0,0.8059,0,0.0
S035,U035,R034,椰奶抹茶拿铁,-0.8035,0.0982,0.1817,0.0,0.0625,0.75,0.0,0.2514,1.0,0.6843,0,0.0
S035,U035,R035,杏仁奶抹茶拿铁,-0.8127,0.0937,0.18,0.0,0.0625,0.75,0.0,0.2509,1.0,0.6456,0,0.0
S035,U035,R036,港式鸳鸯,-0.8118,0.0941,0.1546,0.0,0.0556,0.75,0.0,0.2422,1.0,0.6508,0,0.0
S035,U035,R037,拿铁,-0.8142,0.0929,0.19,0.0,0.0625,0.75,0.0,0.2539,1.0,0.9391,0,0.0
S035,U035,R038,燕麦奶拿铁,-0.782,0.109,0.1886,0.0,0.0625,0.75,0.0,0.2535,1.0,0.9187,0,0.0
S035,U035,R039,椰奶拿铁,-0.8153,0.0924,0.1879,0.0,0.0625,0.75,0.0,0.2533,1.0,0.9083,0,0.0
S035,U035,R040,杏仁奶拿铁,-0.8139,0.0931,0.1886,0.0,0.0625,0.75,0.0,0.2535,1.0,0.5611,0,0.0
S035,U035,R041,拿铁（低咖啡因）,-0.815,0.0925,0.1442,0.0,0.0625,0.75,0.0,0.2401,1.0,0.9964,0,0.0
S035,U035,R042,燕麦奶拿铁（低咖啡因）,-0.8123,0.0939,0.1442,0.0,0.0625,0.75,0.0,0.2401,1.0,0.8331,0,0.0
S035,U035,R043,椰奶拿铁（低咖啡因）,-0.8192,0.0904,0.1425,0.0,0.0625,0.75,0.0,0.2396,1.0,0.9299,0,0.0
S035,U035,R044,杏仁奶拿铁（低咖啡因）,-0.8182,0.0909,0.1442,0.0,0.0625,0.75,0.0,0.2401,1.0,0.5738,0,0.0
S035,U035,R045,卡布奇诺,-0.8171,0.0915,0.1861,0.0,0.0625,0.75,0.0,0.2527,1.0,0.5971,0,0.0
S035,U035,R046,卡布奇诺（低咖啡因）,-0.8185,0.0908,0.1409,0.0,0.0625,0.75,0.0,0.2392,1.0,0.8023,0,0.0
S035,U035,R047,西班牙拿铁,-0.8123,0.0938,0.1561,0.0,0.0556,0.75,0.0,0.2427,1.0,0.7002,0,0.0
S035,U035,R048,西班牙拿铁（低咖啡因）,-0.8125,0.0938,0.1383,0.0,0.0625,0.75,0.0,0.2384,1.0,0.5654,0,0.0
S035,U035,R049,摩卡,-0.8158,0.0921,0.148,0.0,0.05,0.75,0.0,0.2394,1.0,0.947,0,0.0
S035,U035,R050,燕麦奶摩卡,-0.8185,0.0908,0.1463,0.0,0.05,0.75,0.0,0.2389,1.0,0.9348,0,0.0
S035,U035,R051,椰奶摩卡,-0.812,0.094,0.1699,0.0,0.0556,0.75,0.0,0.2468,1.0,0.9976,0,0.0
S035,U035,R052,杏仁奶摩卡,-0.8156,0.0922,0.1694,0.0,0.0556,0.75,0.0,0.2466,1.0,0.9647,0,0.0
S035,U035,R053,摩卡（低咖啡因）,-0.8142,0.0929,0.14,0.0,0.0625,0.75,0.0,0.2389,1.0,0.7578,0,0.0
S035,U035,R054,燕麦奶摩卡（低咖啡因）,-0.8123,0.0939,0.1395,0.0,0.0625,0.75,0.0,0.2387,1.0,0.9452,0,0.0
S035,U035,R055,椰奶摩卡（低咖啡因）,-0.8162,0.0919,0.1391,0.0,0.0625,0.75,0.0,0.2386,1.0,0.8316,0,0.0
S035,U035,R056,杏仁奶摩卡（低咖啡因）,-0.8161,0.092,0.1395,0.0,0.0625,0.75,0.0,0.2387,1.0,0.5846,0,0.0
S035,U035,R057,dirty,-0.8126,0.0937,0.1705,0.0,0.0556,0.75,0.0,0.247,0.7,0.694,0,0.0
S035,U035,R058,燕麦奶dirty,-0.8198,0.0901,0.1694,0.0,0.0556,0.75,0.0,0.2466,0.7,0.8572,0,0.0
S035,U035,R059,椰奶dirty,-0.8124,0.0938,0.1694,0.0,0.0556,0.75,0.0,0.2466,0.7,0.5334,0,0.0
S035,U035,R060,杏仁奶dirty,-0.8186,0.0907,0.1694,0.0,0.0556,0.75,0.0,0.2466,0.7,0.8188,0,0.0
S035,U035,R061,dirty（低咖啡因）,-0.817,0.0915,0.14,0.0,0.0625,0.75,0.0,0.2389,0.7,0.7661,0,0.0
S035,U035,R062,燕麦奶dirty（低咖啡因）,-0.8159,0.0921,0.14,0.0,0.0625,0.75,0.0,0.2389,0.7,0.752,0,0.0
S035,U035,R063,椰奶dirty（低咖啡因）,-0.8172,0.0914,0.1391,0.0,0.0625,0.75,0.0,0.2386,0.7,0.5248,0,0.0
S035,U035,R064,杏仁奶dirty（低咖啡因）,-0.8178,0.0911,0.14,0.0,0.0625,0.75,0.0,0.2389,0.7,0.8317,0,0.0
S035,U035,R065,热可可,-0.4558,0.2721,0.1818,0.0,0.0625,1.0,0.0,0.3139,1.0,0.6099,0,0.367
S035,U035,R066,燕麦奶热可可,-0.3015,0.3493,0.1781,0.0,0.0625,1.0,0.0,0.3128,1.0,0.9179,0,0.4089
S035,U035,R067,杏仁奶热可可,-0.3379,0.331,0.1781,0.0,0.0625,1.0,0.0,0.3128,1.0,0.9066,0,0.402
S035,U035,R068,玫瑰椰椰烤奶,-0.5664,0.2168,0.2031,0.0,0.0714,1.0,0.0,0.3217,1.0,0.6199,0,0.3516
S035,U035,R069,玫瑰菊花茶,0.373,0.6865,0.2085,0.0,0.1111,1.0,0.0,0.3292,1.0,0.8083,1,0.5788
S035,U035,R070,玫瑰陈皮茶,-0.048,0.476,0.2061,0.0,0.1111,1.0,0.0,0.3285,1.0,0.829,1,0.5059
S035,U035,R071,金银花菊花茶,0.3016,0.6508,0.2111,0.0,0.1111,1.0,0.0,0.33,1.0,0.6737,1,0.56
S035,U035,R072,菊花柠檬茶,-0.6654,0.1673,0.1951,0.0,0.1111,1.0,0.0,0.3252,1.0,0.7846,0,0.3441
S035,U035,R073,薰衣草柠檬茶,-0.6547,0.1727,0.1944,0.0,0.1111,1.0,0.0,0.325,1.0,0.5076,0,0.3321
S035,U035,R074,百花茶,0.039,0.5195,0.205,0.0,0.1111,1.0,0.0,0.3282,1.0,0.6961,1,0.5143
S035,U035,R075,洛神花玫瑰茶,-0.1598,0.4201,0.205,0.0,0.1111,1.0,0.0,0.3282,1.0,0.5407,0,0.4218
S035,U035,R076,洛神花苹果茶,-0.5592,0.2204,0.2029,0.0,0.1111,1.0,0.0,0.3275,1.0,0.5011,0,0.3496
S035,U035,R077,金银花荷叶茶,-0.2383,0.3808,0.2,0.0,0.1111,1.0,0.0,0.3267,1.0,0.8722,0,0.4239
S035,U035,R078,百合玫瑰茶,0.4178,0.7089,0.2125,0.0,0.1111,1.0,0.0,0.3304,1.0,0.6311,1,0.5784
S035,U035,R079,陈皮苹果茶,-0.6925,0.1537,0.2039,0.0,0.1111,1.0,0.0,0.3278,1.0,0.7109,0,0.3369
S036,U036,R001,薄荷柠檬气泡茶,-0.7959,0.102,0.0762,0.0,0.0,1.0,0.0,0.2729,0.7,0.6412,0,0.0
S036,U036,R002,蜂蜜柠檬茶,-0.6355,0.1822,0.1048,0.0,0.0,1.0,0.0,0.2814,0.7,0.8413,0,0.3025
S036,U036,R003,葡萄柠檬茉莉花茶,-0.5013,0.2493,0.0854,0.0,0.0,1.0,0.0,0.2756,0.7,0.5604,0,0.3093
S036,U036,R004,青柠桂花蜜乌龙,-0.599,0.2005,0.0769,0.0,0.0,1.0,0.0,0.2731,0.7,0.5833,0,0.2922
S036,U036,R005,百香果乳酸绿茶,-0.7417,0.1291,0.0528,0.0,0.0,1.0,0.0,0.2658,0.7,0.8508,0,0.2774
S036,U036,R006,百香果美式,-0.806,0.097,0.0089,0.0,0.0,1.0,0.0,0.2527,0.7,0.7157,0,0.0
S036,U036,R007,百香果美式（低咖啡因）,-0.7812,0.1094,0.0667,0.0,0.0,1.0,0.0,0.27,0.7,0.6147,0,0.0
S036,U036,R008,杨枝甘露,-0.6382,0.1809,0.0659,0.0,0.0,1.0,0.0,0.2698,0.3,0.6127,0,0.2454
S036,U036,R009,鲜橙绿茶,-0.7598,0.1201,0.0587,0.0,0.0,1.0,0.0,0.2676,0.7,0.765,0,0.2707
S036,U036,R010,橙C美式,-0.7943,0.1029,0.0087,0.0,0.0,1.0,0.0,0.2526,0.7,0.5961,0,0.0
S036,U036,R011,橙C美式（低咖啡因）,-0.7456,0.1272,0.0708,0.0,0.0,1.0,0.0,0.2712,0.7,0.9035,0,0.0
S036,U036,R012,鲜橙养乐多,-0.6361,0.1819,0.1129,0.0,0.0,1.0,0.0,0.2839,0.7,0.566,0,0.2897
S036,U036,R013,草莓奶昔,-0.5618,0.2191,0.0762,0.0,0.0,1.0,0.0,0.2729,0.7,0.542,0,0.2966
S036,U036,R014,蓝莓奶昔,-0.5609,0.2195,0.0766,0.0,0.0,1.0,0.0,0.273,0.7,0.9534,0,0.3174
S036,U036,R015,桃桃乌龙,-0.5262,0.2369,0.0554,0.0,0.0,1.0,0.0,0.2666,0.7,0.6139,0,0.3036
S036,U036,R016,芒果奶昔,-0.5653,0.2173,0.0758,0.0,0.0,1.0,0.0,0.2727,0.7,0.5753,0,0.2975
S036,U036,R017,柠迭莓萝气泡水,-0.6933,0.1534,0.0807,0.0,0.0,1.0,0.0,0.2742,0.3,0.506,0,0.0
S036,U036,R018,茉莉苹果奶绿,-0.5766,0.2117,0.0864,0.0,0.0,1.0,0.0,0.2759,0.7,0.6064,0,0.2986
S036,U036,R019,荔枝白茶,-0.5247,0.2376,0.0658,0.0,0.0,1.0,0.0,0.2697,0.7,0.802,0,0.3146
S036,U036,R020,超级吨吨桶,-0.7973,0.1013,0.0699,0.0,0.0,1.0,0.0,0.271,0.3,0.6773,0,0.2213
S036,U036,R021,芝士奶盖铁观音,-0.5996,0.2002,0.01,0.0,0.0,1.0,0.0,0.253,0.7,0.6552,0,0.2867
S036,U036,R022,抹茶椰青美式,-0.867,0.0665,0.0177,0.0,0.0,1.0,0.0,0.2553,1.0,0.9686,0,0.0
S036,U036,R023,草莓抹茶椰,-0.8387,0.0807,0.0,0.0,0.0,1.0,0.0,0.25,0.7,0.9546,0,0.0
S036,U036,R024,柠檬草薄荷气泡水,-0.7472,0.1264,0.0853,0.0,0.0,1.0,0.0,0.2756,0.7,0.8597,0,0.0
S036,U036,R025,蝶豆花柠檬气泡水,-0.7553,0.1224,0.0832,0.0,0.0,1.0,0.0,0.275,0.3,0.9222,0,0.0
S036,U036,R026,泰式奶红,-0.6394,0.1803,0.0816,0.0,0.0,1.0,0.0,0.2745,1.0,0.9929,0,0.3363
S036,U036,R027,泰式奶绿,-0.6534,0.1733,0.0886,0.0,0.0,1.0,0.0,0.2766,1.0,0.82,0,0.3261
S036,U036,R028,冰橙伯爵鸳鸯茶,-0.8085,0.0957,0.0087,0.0,0.0,1.0,0.0,0.2526,1.0,0.8369,0,0.0
S036,U036,R029,伯爵红茶奶茶,-0.6458,0.1771,0.069,0.0,0.0,1.0,0.0,0.2707,1.0,0.5496,0,0.3113
S036,U036,R030,焙茶豆乳,-0.6286,0.1857,0.0817,0.0,0.0,1.0,0.0,0.2745,1.0,0.9396,0,0.3355
S036,U036,R031,抹茶豆乳,-0.7981,0.101,0.0204,0.0,0.0,1.0,0.0,0.2561,1.0,0.6407,0,0.0
S036,U036,R032,抹茶拿铁,-0.7939,0.103,0.0106,0.0,0.0,1.0,0.0,0.2532,1.0,0.6375,0,0.0
S036,U036,R033,燕麦奶抹茶拿铁,-0.7905,0.1048,0.01,0.0,0.0,1.0,0.0,0.253,1.0,0.6318,0,0.0
S036,U036,R034,椰奶抹茶拿铁,-0.7904,0.1048,0.0,0.0,0.0,1.0,0.0,0.25,1.0,0.8308,0,0.0
S036,U036,R035,杏仁奶抹茶拿铁,-0.7974,0.1013,0.01,0.0,0.0,1.0,0.0,0.253,1.0,0.5813,0,0.0
S036,U036,R036,港式鸳鸯,-0.7962,0.1019,0.008,0.0,0.0,1.0,0.0,0.2524,1.0,0.9122,0,0.0
S036,U036,R037,拿铁,-0.7996,0.1002,0.01,0.0,0.0,1.0,0.0,0.253,1.0,0.5435,0,0.0
S036,U036,R038,燕麦奶拿铁,-0.7993,0.1003,0.0193,0.0,0.0,1.0,0.0,0.2558,1.0,0.5023,0,0.0
S036,U036,R039,椰奶拿铁,-0.8006,0.0997,0.0095,0.0,0.0,1.0,0.0,0.2528,1.0,0.9012,0,0.0
S036,U036,R040,杏仁奶拿铁,-0.7996,0.1002,0.0193,0.0,0.0,1.0,0.0,0.2558,1.0,0.776,0,0.0
S036,U036,R041,拿铁（低咖啡因）,-0.7996,0.1002,0.0212,0.0,0.0,1.0,0.0,0.2563,1.0,0.6027,0,0.0
S036,U036,R042,燕麦奶拿铁（低咖啡因）,-0.7976,0.1012,0.0212,0.0,0.0,1.0,0.0,0.2563,1.0,0.9564,0,0.0
S036,U036,R043,椰奶拿铁（低咖啡因）,-0.8031,0.0984,0.02,0.0,0.0,1.0,0.0,0.256,1.0,0.5944,0,0.0
S036,U036,R044,杏仁奶拿铁（低咖啡因）,-0.8037,0.0982,0.0212,0.0,0.0,1.0,0.0,0.2563,1.0,0.8713,0,0.0
S036,U036,R045,卡布奇诺,-0.8026,0.0987,0.009,0.0,0.0,1.0,0.0,0.2527,1.0,0.5004,0,0.0
S036,U036,R046,卡布奇诺（低咖啡因）,-0.8035,0.0983,0.019,0.0,0.0,1.0,0.0,0.2557,1.0,0.9288,0,0.0
S036,U036,R047,西班牙拿铁,-0.7966,0.1017,0.0083,0.0,0.0,1.0,0.0,0.2525,1.0,0.6775,0,0.0
S036,U036,R048,西班牙拿铁（低咖啡因）,-0.7966,0.1017,0.0172,0.0,0.0,1.0,0.0,0.2552,1.0,0.8671,0,0.0
S036,U036,R049,摩卡,-0.8007,0.0997,0.0089,0.0,0.0,1.0,0.0,0.2527,1.0,0.8752,0,0.0
S036,U036,R050,燕麦奶摩卡,-0.8042,0.0979,0.0169,0.0,0.0,1.0,0.0,0.2551,1.0,0.8867,0,0.0
S036,U036,R051,椰奶摩卡,-0.7959,0.1021,0.0087,0.0,0.0,1.0,0.0,0.2526,1.0,0.7354,0,0.0
S036,U036,R052,杏仁奶摩卡,-0.8002,0.0999,0.0172,0.0,0.0,1.0,0.0,0.2552,1.0,0.8867,0,0.0
S036,U036,R053,摩卡（低咖啡因）,-0.798,0.101,0.0183,0.0,0.0,1.0,0.0,0.2555,1.0,0.5737,0,0.0
S036,U036,R054,燕麦奶摩卡（低咖啡因）,-0.7966,0.1017,0.018,0.0,0.0,1.0,0.0,0.2554,1.0,0.6734,0,0.0
S036,U036,R055,椰奶摩卡（低咖啡因）,-0.7997,0.1002,0.0177,0.0,0.0,1.0,0.0,0.2553,1.0,0.7192,0,0.0
S036,U036,R056,杏仁奶摩卡（低咖啡因）,-0.7998,0.1001,0.018,0.0,0.0,1.0,0.0,0.2554,1.0,0.5074,0,0.0
S036,U036,R057,dirty,-0.7968,0.1016,0.0089,0.0,0.0,1.0,0.0,0.2527,0.7,0.9023,0,0.0
S036,U036,R058,燕麦奶dirty,-0.8067,0.0966,0.0172,0.0,0.0,1.0,0.0,0.2552,0.7,0.5677,0,0.0
S036,U036,R059,椰奶dirty,-0.7969,0.1016,0.0086,0.0,0.0,1.0,0.0,0.2526,0.7,0.5084,0,0.0
S036,U036,R060,杏仁奶dirty,-0.8035,0.0982,0.0172,0.0,0.0,1.0,0.0,0.2552,0.7,0.8579,0,0.0
S036,U036,R061,dirty（低咖啡因）,-0.8015,0.0993,0.0183,0.0,0.0,1.0,0.0,0.2555,0.7,0.6593,0,0.0
S036,U036,R062,燕麦奶dirty（低咖啡因）,-0.8,0.1,0.0183,0.0,0.0,1.0,0.0,0.2555,0.7,0.692,0,0.0
S036,U036,R063,椰奶dirty（低咖啡因）,-0.8012,0.0994,0.0177,0.0,0.0,1.0,0.0,0.2553,0.7,0.512,0,0.0
S036,U036,R064,杏仁奶dirty（低咖啡因）,-0.8023,0.0988,0.0183,0.0,0.0,1.0,0.0,0.2555,0.7,0.8937,0,0.0
S036,U036,R065,热可可,-0.4624,0.2688,0.0684,0.0,0.0,1.0,0.0,0.2705,1.0,0.7942,0,0.3555
S036,U036,R066,燕麦奶热可可,-0.3185,0.3408,0.0774,0.0,0.0,1.0,0.0,0.2732,1.0,0.5437,0,0.3694
S036,U036,R067,杏仁奶热可可,-0.3515,0.3243,0.0774,0.0,0.0,1.0,0.0,0.2732,1.0,0.8588,0,0.3794
S036,U036,R068,玫瑰椰椰烤奶,-0.6062,0.1969,0.082,0.0,0.0,1.0,0.0,0.2746,1.0,0.6109,0,0.323
S036,U036,R069,玫瑰菊花茶,0.3759,0.688,0.1827,0.0,0.0556,1.0,0.0,0.3131,1.0,0.8707,1,0.5752
S036,U036,R070,玫瑰陈皮茶,0.0041,0.502,0.1798,0.0,0.0556,1.0,0.0,0.3123,1.0,0.8021,1,0.5064
S036,U036,R071,金银花菊花茶,0.3058,0.6529,0.1858,0.0,0.0556,1.0,0.0,0.3141,1.0,0.6408,1,0.5519
S036,U036,R072,菊花柠檬茶,-0.623,0.1885,0.1291,0.0,0.0,1.0,0.0,0.2887,1.0,0.5019,0,0.321
S036,U036,R073,薰衣草柠檬茶,-0.6109,0.1945,0.1282,0.0,0.0,1.0,0.0,0.2885,1.0,0.7268,0,0.3343
S036,U036,R074,百花茶,0.0732,0.5366,0.1785,0.0,0.0556,1.0,0.0,0.3119,1.0,0.9909,1,0.5277
S036,U036,R075,洛神花玫瑰茶,-0.1218,0.4391,0.1675,0.0,0.0556,1.0,0.0,0.3086,1.0,0.9126,0,0.4382
S036,U036,R076,洛神花苹果茶,-0.5125,0.2437,0.1654,0.0,0.0556,1.0,0.0,0.3079,1.0,0.7404,0,0.3609
S036,U036,R077,金银花荷叶茶,-0.2209,0.3896,0.1725,0.0,0.0556,1.0,0.0,0.3101,1.0,0.6812,0,0.41
S036,U036,R078,百合玫瑰茶,0.4135,0.7068,0.1875,0.0,0.0556,1.0,0.0,0.3146,1.0,0.5033,1,0.5641
S036,U036,R079,陈皮苹果茶,-0.6636,0.1682,0.1772,0.0,0.0556,1.0,0.0,0.3115,1.0,0.9852,0,0.3483
S037,U037,R001,薄荷柠檬气泡茶,-0.8067,0.0966,0.0607,0.1111,0.0,1.0,0.0,0.2904,0.7,0.8526,0,0.2771
S037,U037,R002,蜂蜜柠檬茶,-0.166,0.417,0.0774,0.4,0.0,1.0,0.0,0.3532,0.7,0.7189,1,0.4608
S037,U037,R003,葡萄柠檬茉莉花茶,-0.2749,0.3626,0.0774,0.2857,0.0,1.0,0.0,0.3303,0.7,0.8747,0,0.3893
S037,U037,R004,青柠桂花蜜乌龙,-0.2932,0.3534,0.0769,0.3333,0.0,1.0,0.0,0.3397,0.7,0.8923,0,0.3912
S037,U037,R005,百香果乳酸绿茶,-0.5744,0.2128,0.0604,0.2857,0.0,1.0,0.0,0.3253,0.7,0.7844,0,0.3301
S037,U037,R006,百香果美式,-0.8028,0.0986,0.0716,0.1111,0.0,1.0,0.0,0.2937,0.7,0.9534,0,0.2843
S037,U037,R007,百香果美式（低咖啡因）,-0.5244,0.2378,0.1248,0.1111,0.0,1.0,0.0,0.3097,0.7,0.8758,0,0.3364
S037,U037,R008,杨枝甘露,-0.2542,0.3729,0.1299,0.25,0.0,1.0,0.0,0.339,0.3,0.8793,0,0.357
S037,U037,R009,鲜橙绿茶,-0.6642,0.1679,0.0675,0.2857,0.0,1.0,0.0,0.3274,0.7,0.6773,0,0.31
S037,U037,R010,橙C美式,-0.8011,0.0995,0.0712,0.2222,0.0,1.0,0.0,0.3158,0.7,0.8648,0,0.2902
S037,U037,R011,橙C美式（低咖啡因）,-0.4607,0.2696,0.133,0.2222,0.0,1.0,0.0,0.3343,0.7,0.6448,0,0.3471
S037,U037,R012,鲜橙养乐多,0.0203,0.5102,0.1358,0.2857,0.0,1.0,0.0,0.3479,0.7,0.7558,1,0.4929
S037,U037,R013,草莓奶昔,-0.0921,0.454,0.1337,0.25,0.0,1.0,0.0,0.3401,0.7,0.5095,0,0.4074
S037,U037,R014,蓝莓奶昔,0.0275,0.5138,0.1344,0.25,0.0,1.0,0.0,0.3403,0.7,0.7837,1,0.4921
S037,U037,R015,桃桃乌龙,0.0256,0.5128,0.0761,0.4,0.0,1.0,0.0,0.3528,0.7,0.5,1,0.4832
S037,U037,R016,芒果奶昔,-0.0915,0.4543,0.133,0.25,0.0,1.0,0.0,0.3399,0.7,0.5207,0,0.408
S037,U037,R017,柠迭莓萝气泡水,-0.4554,0.2723,0.0736,0.2222,0.0,1.0,0.0,0.3165,0.3,0.6277,0,0.2991
S037,U037,R018,茉莉苹果奶绿,-0.3086,0.3457,0.0751,0.2857,0.0,1.0,0.0,0.3297,0.7,0.8953,0,0.3841
S037,U037,R019,荔枝白茶,-0.0639,0.4681,0.0865,0.4,0.0,1.0,0.0,0.356,0.7,0.783,1,0.4832
S037,U037,R020,超级吨吨桶,-0.8102,0.0949,0.1074,0.2222,0.0,1.0,0.0,0.3267,0.3,0.6503,0,0.2428
S037,U037,R021,芝士奶盖铁观音,-0.3771,0.3115,0.075,0.1667,0.0,1.0,0.0,0.3058,0.7,0.7398,0,0.3536
S037,U037,R022,抹茶椰青美式,-0.6948,0.1526,0.0716,0.125,0.0,1.0,0.0,0.2965,1.0,0.8259,0,0.3281
S037,U037,R023,草莓抹茶椰,-0.4372,0.2814,0.0734,0.3333,0.0,1.0,0.0,0.3387,0.7,0.6676,0,0.3543
S037,U037,R024,柠檬草薄荷气泡水,-0.5858,0.2071,0.0675,0.1111,0.0,1.0,0.0,0.2925,0.7,0.5056,0,0.2994
S037,U037,R025,蝶豆花柠檬气泡水,-0.5796,0.2102,0.0663,0.1,0.0,1.0,0.0,0.2899,0.3,0.923,0,0.2802
S037,U037,R026,泰式奶红,-0.6912,0.1544,0.0254,0.1667,0.0,1.0,0.0,0.2909,1.0,0.6605,0,0.318
S037,U037,R027,泰式奶绿,-0.6992,0.1504,0.0243,0.1667,0.0,1.0,0.0,0.2906,1.0,0.9071,0,0.3288
S037,U037,R028,冰橙伯爵鸳鸯茶,-0.7989,0.1005,0.0262,0.1667,0.0,1.0,0.0,0.2912,1.0,0.8252,0,0.3075
S037,U037,R029,伯爵红茶奶茶,-0.8625,0.0688,0.019,0.2,0.0,1.0,0.0,0.2957,1.0,0.9906,0,0.3067
S037,U037,R030,焙茶豆乳,-0.6787,0.1606,0.0212,0.2,0.0,1.0,0.0,0.2963,1.0,0.599,0,0.3195
S037,U037,R031,抹茶豆乳,-0.7731,0.1134,0.0204,0.2,0.0,1.0,0.0,0.2961,1.0,0.7418,0,0.31
S037,U037,R032,抹茶拿铁,-0.803,0.0985,0.0106,0.2,0.0,1.0,0.0,0.2932,1.0,0.675,0,0.3002
S037,U037,R033,燕麦奶抹茶拿铁,-0.7841,0.1079,0.02,0.2,0.0,1.0,0.0,0.296,1.0,0.5715,0,0.2996
S037,U037,R034,椰奶抹茶拿铁,-0.8137,0.0932,0.0212,0.3333,0.0,1.0,0.0,0.323,1.0,0.999,0,0.3279
S037,U037,R035,杏仁奶抹茶拿铁,-0.7916,0.1042,0.02,0.2,0.0,1.0,0.0,0.296,1.0,0.8923,0,0.3143
S037,U037,R036,港式鸳鸯,-0.8001,0.0999,0.0648,0.1429,0.0,1.0,0.0,0.298,1.0,0.9539,0,0.3168
S037,U037,R037,拿铁,-0.8018,0.0991,0.01,0.1667,0.0,1.0,0.0,0.2863,1.0,0.9765,0,0.3123
S037,U037,R038,燕麦奶拿铁,-0.7925,0.1037,0.0193,0.1667,0.0,1.0,0.0,0.2891,1.0,0.5116,0,0.292
S037,U037,R039,椰奶拿铁,-0.7959,0.1021,0.019,0.2857,0.0,1.0,0.0,0.3128,1.0,0.6476,0,0.3089
S037,U037,R040,杏仁奶拿铁,-0.7954,0.1023,0.0193,0.1667,0.0,1.0,0.0,0.2891,1.0,0.7605,0,0.3039
S037,U037,R041,拿铁（低咖啡因）,-0.7994,0.1003,0.0767,0.125,0.0,1.0,0.0,0.298,1.0,0.5929,0,0.2989
S037,U037,R042,燕麦奶拿铁（低咖啡因）,-0.7978,0.1011,0.0767,0.125,0.0,1.0,0.0,0.298,1.0,0.6683,0,0.3029
S037,U037,R043,椰奶拿铁（低咖啡因）,-0.7951,0.1024,0.085,0.2222,0.0,1.0,0.0,0.3199,1.0,0.766,0,0.3181
S037,U037,R044,杏仁奶拿铁（低咖啡因）,-0.7956,0.1022,0.0767,0.125,0.0,1.0,0.0,0.298,1.0,0.828,0,0.3113
S037,U037,R045,卡布奇诺,-0.7985,0.1008,0.009,0.1429,0.0,1.0,0.0,0.2813,1.0,0.946,0,0.3092
S037,U037,R046,卡布奇诺（低咖啡因）,-0.7963,0.1019,0.0734,0.1111,0.0,1.0,0.0,0.2943,1.0,0.6875,0,0.3025
S037,U037,R047,西班牙拿铁,-0.7992,0.1004,0.0576,0.1429,0.0,1.0,0.0,0.2958,1.0,0.7078,0,0.3036
S037,U037,R048,西班牙拿铁（低咖啡因）,-0.7985,0.1007,0.0708,0.1111,0.0,1.0,0.0,0.2935,1.0,0.5003,0,0.2923
S037,U037,R049,摩卡,-0.7992,0.1004,0.0552,0.1667,0.0,1.0,0.0,0.2999,1.0,0.9164,0,0.3159
S037,U037,R050,燕麦奶摩卡,-0.7912,0.1044,0.0629,0.1667,0.0,1.0,0.0,0.3022,1.0,0.7431,0,0.3097
S037,U037,R051,椰奶摩卡,-0.7962,0.1019,0.0175,0.2857,0.0,1.0,0.0,0.3124,1.0,0.8345,0,0.318
S037,U037,R052,杏仁奶摩卡,-0.7944,0.1028,0.0172,0.1667,0.0,1.0,0.0,0.2885,1.0,0.5771,0,0.2947
S037,U037,R053,摩卡（低咖啡因）,-0.7989,0.1006,0.0725,0.125,0.0,1.0,0.0,0.2968,1.0,0.924,0,0.315
S037,U037,R054,燕麦奶摩卡（低咖啡因）,-0.7981,0.1009,0.072,0.125,0.0,1.0,0.0,0.2966,1.0,0.7203,0,0.3048
S037,U037,R055,椰奶摩卡（低咖啡因）,-0.7942,0.1029,0.0805,0.2222,0.0,1.0,0.0,0.3186,1.0,0.8395,0,0.3214
S037,U037,R056,杏仁奶摩卡（低咖啡因）,-0.7934,0.1033,0.072,0.125,0.0,1.0,0.0,0.2966,1.0,0.548,0,0.297
S037,U037,R057,dirty,-0.7997,0.1002,0.0089,0.1429,0.0,1.0,0.0,0.2812,0.7,0.7467,0,0.2689
S037,U037,R058,燕麦奶dirty,-0.7958,0.1021,0.0172,0.1429,0.0,1.0,0.0,0.2837,0.7,0.5081,0,0.2588
S037,U037,R059,椰奶dirty,-0.7961,0.1019,0.0172,0.25,0.0,1.0,0.0,0.3052,0.7,0.5605,0,0.271
S037,U037,R060,杏仁奶dirty,-0.7936,0.1032,0.0172,0.1429,0.0,1.0,0.0,0.2837,0.7,0.924,0,0.28
S037,U037,R061,dirty（低咖啡因）,-0.7972,0.1014,0.0725,0.1111,0.0,1.0,0.0,0.294,0.7,0.8542,0,0.2805
S037,U037,R062,燕麦奶dirty（低咖啡因）,-0.7926,0.1037,0.0725,0.1111,0.0,1.0,0.0,0.294,0.7,0.6594,0,0.2716
S037,U037,R063,椰奶dirty（低咖啡因）,-0.7915,0.1043,0.0805,0.2,0.0,1.0,0.0,0.3141,0.7,0.8617,0,0.2909
S037,U037,R064,杏仁奶dirty（低咖啡因）,-0.7948,0.1026,0.0725,0.1111,0.0,1.0,0.0,0.294,0.7,0.6975,0,0.2731
S037,U037,R065,热可可,-0.7233,0.1384,0.0684,0.2,0.0,1.0,0.0,0.3105,1.0,0.7743,0,0.3269
S037,U037,R066,燕麦奶热可可,-0.6064,0.1968,0.0774,0.2,0.0,1.0,0.0,0.3132,1.0,0.9828,0,0.359
S037,U037,R067,杏仁奶热可可,-0.603,0.1985,0.0774,0.2,0.0,1.0,0.0,0.3132,1.0,0.7513,0,0.348
S037,U037,R068,玫瑰椰椰烤奶,-0.7927,0.1037,0.0172,0.25,0.0,1.0,0.0,0.3052,1.0,0.5587,0,0.3016
S037,U037,R069,玫瑰菊花茶,-0.6434,0.1783,0.0726,0.0,0.0556,1.0,0.0,0.2801,1.0,0.7229,0,0.3246
S037,U037,R070,玫瑰陈皮茶,-0.6471,0.1765,0.0824,0.1667,0.0556,1.0,0.0,0.3164,1.0,0.9096,0,0.3496
S037,U037,R071,金银花菊花茶,-0.6228,0.1886,0.0619,0.0,0.0556,1.0,0.0,0.2769,1.0,0.8726,0,0.3342
S037,U037,R072,菊花柠檬茶,-0.3614,0.3193,0.0736,0.1429,0.0,1.0,0.0,0.3006,1.0,0.6577,0,0.3799
S037,U037,R073,薰衣草柠檬茶,-0.3737,0.3131,0.073,0.125,0.0,1.0,0.0,0.2969,1.0,0.7004,0,0.3782
S037,U037,R074,百花茶,-0.6673,0.1663,0.0705,0.0,0.0556,1.0,0.0,0.2795,1.0,0.5656,0,0.3123
S037,U037,R075,洛神花玫瑰茶,-0.6801,0.16,0.0705,0.0,0.0556,1.0,0.0,0.2795,1.0,0.5297,0,0.3082
S037,U037,R076,洛神花苹果茶,-0.7577,0.1212,0.0798,0.1667,0.0556,1.0,0.0,0.3156,1.0,0.7273,0,0.3208
S037,U037,R077,金银花荷叶茶,-0.7549,0.1226,0.0575,0.0,0.0556,1.0,0.0,0.2756,1.0,0.5216,0,0.293
S037,U037,R078,百合玫瑰茶,-0.6147,0.1927,0.0625,0.0,0.0556,1.0,0.0,0.2771,1.0,0.5051,0,0.3174
S037,U037,R079,陈皮苹果茶,-0.7425,0.1287,0.0806,0.1667,0.0556,1.0,0.0,0.3159,1.0,0.9458,0,0.3345
S038,U038,R001,薄荷柠檬气泡茶,-0.8205,0.0897,0.053,0.0,0.0,0.75,0.0,0.2034,0.7,0.8776,0,0.0
S038,U038,R002,蜂蜜柠檬茶,-0.7254,0.1373,0.0162,0.0,0.0,1.0,0.0,0.2549,0.7,0.9675,0,0.2811
S038,U038,R003,葡萄柠檬茉莉花茶,-0.6363,0.1819,0.0081,0.0,0.0,1.0,0.0,0.2524,0.7,0.8773,0,0.2911
S038,U038,R004,青柠桂花蜜乌龙,-0.7093,0.1454,0.0159,0.0,0.0,1.0,0.0,0.2548,0.7,0.9914,0,0.2851
S038,U038,R005,百香果乳酸绿茶,-0.7597,0.1201,0.0528,0.0,0.0,1.0,0.0,0.2658,0.7,0.8197,0,0.2726
S038,U038,R006,百香果美式,-0.8201,0.0899,0.0089,0.0,0.0,0.75,0.0,0.1902,0.7,0.7957,0,0.0
S038,U038,R007,百香果美式（低咖啡因）,-0.6135,0.1932,0.1571,0.0,0.05,0.75,0.0,0.2421,0.7,0.88,0,0.0
S038,U038,R008,杨枝甘露,-0.661,0.1695,0.1139,0.0,0.0,1.0,0.0,0.2842,0.3,0.542,0,0.0
S038,U038,R009,鲜橙绿茶,-0.8317,0.0842,0.0587,0.0,0.0,1.0,0.0,0.2676,0.7,0.7641,0,0.2581
S038,U038,R010,橙C美式,-0.8226,0.0887,0.0087,0.0,0.0,0.75,0.0,0.1901,0.7,0.7566,0,0.0
S038,U038,R011,橙C美式（低咖啡因）,-0.5968,0.2016,0.1694,0.0,0.0556,0.75,0.0,0.2466,0.7,0.516,0,0.0
S038,U038,R012,鲜橙养乐多,-0.605,0.1975,0.1129,0.0,0.0,1.0,0.0,0.2839,0.7,0.9881,0,0.3163
S038,U038,R013,草莓奶昔,-0.5861,0.207,0.1075,0.0,0.0,1.0,0.0,0.2822,0.7,0.7015,0,0.0
S038,U038,R014,蓝莓奶昔,-0.5982,0.2009,0.1077,0.0,0.0,1.0,0.0,0.2823,0.7,0.6702,0,0.0
S038,U038,R015,桃桃乌龙,-0.658,0.171,0.0104,0.0,0.0,1.0,0.0,0.2531,0.7,0.9151,0,0.2895
S038,U038,R016,芒果奶昔,-0.5939,0.203,0.1072,0.0,0.0,1.0,0.0,0.2822,0.7,0.5903,0,0.0
S038,U038,R017,柠迭莓萝气泡水,-0.7515,0.1243,0.0521,0.0,0.0,0.75,0.0,0.2031,0.3,0.7673,0,0.0
S038,U038,R018,茉莉苹果奶绿,-0.6478,0.1761,0.0151,0.0,0.0,1.0,0.0,0.2545,0.7,0.7416,0,0.0
S038,U038,R019,荔枝白茶,-0.6407,0.1796,0.0104,0.0,0.0,1.0,0.0,0.2531,0.7,0.8001,0,0.2868
S038,U038,R020,超级吨吨桶,-0.8154,0.0923,0.0504,0.0,0.0,1.0,0.0,0.2651,0.3,0.9304,0,0.2281
S038,U038,R021,芝士奶盖铁观音,-0.6402,0.1799,0.0,0.0,0.0,0.65,0.0,0.1625,0.7,0.5292,0,0.0
S038,U038,R022,抹茶椰青美式,-0.8668,0.0666,0.0089,0.0,0.0,0.75,0.0,0.1902,1.0,0.5801,0,0.0
S038,U038,R023,草莓抹茶椰,-0.8032,0.0984,0.0095,0.0,0.0,0.75,0.0,0.1903,0.7,0.9668,0,0.0
S038,U038,R024,柠檬草薄荷气泡水,-0.7699,0.1151,0.0498,0.0,0.0,0.75,0.0,0.2024,0.7,0.667,0,0.0
S038,U038,R025,蝶豆花柠檬气泡水,-0.7695,0.1152,0.0494,0.0,0.0,0.75,0.0,0.2023,0.3,0.5923,0,0.0
S038,U038,R026,泰式奶红,-0.6628,0.1686,0.0169,0.0,0.0,1.0,0.0,0.2551,1.0,0.8982,0,0.0
S038,U038,R027,泰式奶绿,-0.6853,0.1573,0.0162,0.0,0.0,1.0,0.0,0.2549,1.0,0.6023,0,0.0
S038,U038,R028,冰橙伯爵鸳鸯茶,-0.8259,0.087,0.0087,0.0,0.0,0.75,0.0,0.1901,1.0,0.8858,0,0.0
S038,U038,R029,伯爵红茶奶茶,-0.6566,0.1717,0.1184,0.0,0.0625,1.0,0.0,0.2949,1.0,0.7946,0,0.0
S038,U038,R030,焙茶豆乳,-0.5614,0.2193,0.1323,0.0,0.0625,1.0,0.0,0.2991,1.0,0.6953,0,0.3461
S038,U038,R031,抹茶豆乳,-0.6786,0.1607,0.1307,0.0,0.0625,0.75,0.0,0.2361,1.0,0.9103,0,0.0
S038,U038,R032,抹茶拿铁,-0.8211,0.0895,0.1217,0.0,0.0625,0.75,0.0,0.2334,1.0,0.6549,0,0.0
S038,U038,R033,燕麦奶抹茶拿铁,-0.6895,0.1553,0.12,0.0,0.0625,0.75,0.0,0.2329,1.0,0.9657,0,0.0
S038,U038,R034,椰奶抹茶拿铁,-0.8109,0.0946,0.1217,0.0,0.0625,0.75,0.0,0.2334,1.0,0.9354,0,0.0
S038,U038,R035,杏仁奶抹茶拿铁,-0.8321,0.0839,0.12,0.0,0.0625,0.75,0.0,0.2329,1.0,0.7389,0,0.0
S038,U038,R036,港式鸳鸯,-0.8209,0.0896,0.1057,0.0,0.0556,0.75,0.0,0.2276,1.0,0.8711,0,0.0
S038,U038,R037,拿铁,-0.8231,0.0884,0.12,0.0,0.0625,0.75,0.0,0.2329,1.0,0.8415,0,0.0
S038,U038,R038,燕麦奶拿铁,-0.7174,0.1413,0.1286,0.0,0.0625,0.75,0.0,0.2355,1.0,0.751,0,0.0
S038,U038,R039,椰奶拿铁,-0.8306,0.0847,0.1279,0.0,0.0625,0.75,0.0,0.2353,1.0,0.6596,0,0.0
S038,U038,R040,杏仁奶拿铁,-0.8323,0.0838,0.1286,0.0,0.0625,0.75,0.0,0.2355,1.0,0.5076,0,0.0
S038,U038,R041,拿铁（低咖啡因）,-0.821,0.0895,0.1217,0.125,0.0625,0.75,0.0,0.2584,1.0,0.9519,0,0.0
S038,U038,R042,燕麦奶拿铁（低咖啡因）,-0.8247,0.0877,0.1323,0.125,0.0625,0.75,0.0,0.2616,1.0,0.5213,0,0.0
S038,U038,R043,椰奶拿铁（低咖啡因）,-0.8235,0.0883,0.13,0.1111,0.0625,0.75,0.0,0.2581,1.0,0.8394,0,0.0
S038,U038,R044,杏仁奶拿铁（低咖啡因）,-0.8247,0.0877,0.1323,0.125,0.0625,0.75,0.0,0.2616,1.0,0.91,0,0.0
S038,U038,R045,卡布奇诺,-0.8249,0.0875,0.117,0.0,0.0625,0.4,0.0,0.1445,1.0,0.7221,0,0.0
S038,U038,R046,卡布奇诺（低咖啡因）,-0.8235,0.0883,0.1184,0.1111,0.0625,0.4,0.0,0.1671,1.0,0.8674,0,0.0
S038,U038,R047,西班牙拿铁,-0.8236,0.0882,0.1068,0.0,0.0556,0.4,0.0,0.1404,1.0,0.9278,0,0.0
S038,U038,R048,西班牙拿铁（低咖啡因）,-0.8228,0.0886,0.1158,0.1111,0.0625,0.75,0.0,0.2538,1.0,0.7996,0,0.0
S038,U038,R049,摩卡,-0.8247,0.0876,0.1016,0.0,0.05,0.75,0.0,0.2255,1.0,0.9691,0,0.0
S038,U038,R050,燕麦奶摩卡,-0.8367,0.0816,0.1088,0.0,0.05,0.75,0.0,0.2277,1.0,0.6625,0,0.0
S038,U038,R051,椰奶摩卡,-0.8301,0.0849,0.1249,0.0,0.0556,0.75,0.0,0.2333,1.0,0.8381,0,0.0
S038,U038,R052,杏仁奶摩卡,-0.8319,0.0841,0.1244,0.0,0.0556,0.75,0.0,0.2331,1.0,0.7804,0,0.0
S038,U038,R053,摩卡（低咖啡因）,-0.8242,0.0879,0.1175,0.125,0.0625,0.75,0.0,0.2571,1.0,0.5458,0,0.0
S038,U038,R054,燕麦奶摩卡（低咖啡因）,-0.8246,0.0877,0.1261,0.125,0.0625,0.75,0.0,0.2597,1.0,0.9096,0,0.0
S038,U038,R055,椰奶摩卡（低咖啡因）,-0.8274,0.0863,0.1255,0.1111,0.0625,0.75,0.0,0.2567,1.0,0.7838,0,0.0
S038,U038,R056,杏仁奶摩卡（低咖啡因）,-0.8291,0.0854,0.1261,0.125,0.0625,0.75,0.0,0.2597,1.0,0.721,0,0.0
S038,U038,R057,dirty,-0.8219,0.0891,0.1166,0.0,0.0556,0.75,0.0,0.2308,0.7,0.8786,0,0.0
S038,U038,R058,燕麦奶dirty,-0.8316,0.0842,0.1244,0.0,0.0556,0.75,0.0,0.2331,0.7,0.6476,0,0.0
S038,U038,R059,椰奶dirty,-0.8275,0.0863,0.1244,0.0,0.0556,0.75,0.0,0.2331,0.7,0.7567,0,0.0
S038,U038,R060,杏仁奶dirty,-0.8314,0.0843,0.1244,0.0,0.0556,0.75,0.0,0.2331,0.7,0.5521,0,0.0
S038,U038,R061,dirty（低咖啡因）,-0.8231,0.0885,0.1717,0.1111,0.0625,0.75,0.0,0.2706,0.7,0.6806,0,0.0
S038,U038,R062,燕麦奶dirty（低咖啡因）,-0.8274,0.0863,0.1808,0.1111,0.0625,0.75,0.0,0.2733,0.7,0.5252,0,0.0
S038,U038,R063,椰奶dirty（低咖啡因）,-0.8293,0.0853,0.1794,0.1,0.0625,0.75,0.0,0.2707,0.7,0.6105,0,0.0
S038,U038,R064,杏仁奶dirty（低咖啡因）,-0.8267,0.0866,0.1808,0.1111,0.0625,0.75,0.0,0.2733,0.7,0.8234,0,0.0
S038,U038,R065,热可可,-0.1367,0.4316,0.2502,0.2,0.0625,1.0,0.0,0.3744,1.0,0.6247,0,0.0
S038,U038,R066,燕麦奶热可可,0.0762,0.5381,0.2447,0.2,0.0625,1.0,0.0,0.3728,1.0,0.6634,1,0.5393
S038,U038,R067,杏仁奶热可可,0.0331,0.5166,0.2447,0.2,0.0625,1.0,0.0,0.3728,1.0,0.5812,1,0.5276
S038,U038,R068,玫瑰椰椰烤奶,-0.3045,0.3478,0.1244,0.125,0.0625,1.0,0.0,0.3217,1.0,0.6051,0,0.3967
S038,U038,R069,玫瑰菊花茶,0.2737,0.6369,0.1593,0.25,0.0556,1.0,0.0,0.3561,1.0,0.9655,1,0.5814
S038,U038,R070,玫瑰陈皮茶,-0.2348,0.3826,0.1574,0.1667,0.0556,1.0,0.0,0.3389,1.0,0.5467,0,0.4138
S038,U038,R071,金银花菊花茶,0.0961,0.548,0.1614,0.2,0.0556,1.0,0.0,0.3468,1.0,0.8071,1,0.5382
S038,U038,R072,菊花柠檬茶,-0.6903,0.1549,0.1486,0.1429,0.0556,1.0,0.0,0.3315,1.0,0.7896,0,0.3429
S038,U038,R073,薰衣草柠檬茶,-0.691,0.1545,0.148,0.125,0.0556,1.0,0.0,0.3277,1.0,0.8324,0,0.3432
S038,U038,R074,百花茶,-0.2508,0.3746,0.1565,0.2,0.0556,1.0,0.0,0.3453,1.0,0.8654,0,0.4298
S038,U038,R075,洛神花玫瑰茶,-0.4112,0.2944,0.1565,0.2,0.0556,1.0,0.0,0.3453,1.0,0.7248,0,0.3947
S038,U038,R076,洛神花苹果茶,-0.6778,0.1611,0.1548,0.1667,0.0556,1.0,0.0,0.3381,1.0,0.8104,0,0.3491
S038,U038,R077,金银花荷叶茶,-0.4479,0.276,0.1525,0.2,0.0556,1.0,0.0,0.3441,1.0,0.5617,0,0.3795
S038,U038,R078,百合玫瑰茶,0.3617,0.6809,0.1625,0.25,0.0556,1.0,0.0,0.3571,1.0,0.6031,1,0.5792
S038,U038,R079,陈皮苹果茶,-0.5904,0.2048,0.1556,0.1667,0.0556,1.0,0.0,0.3384,1.0,0.7932,0,0.3636
S039,U039,R001,薄荷柠檬气泡茶,-0.7343,0.1329,0.0387,0.1111,0.5,1.0,0.0,0.3588,0.7,0.6384,0,0.3099
S039,U039,R002,蜂蜜柠檬茶,-0.2948,0.3526,0.0485,0.2,0.25,1.0,0.0,0.3421,0.7,0.8075,0,0.3877
S039,U039,R003,葡萄柠檬茉莉花茶,-0.6285,0.1858,0.0485,0.1429,0.5,1.0,0.0,0.3681,0.7,0.8278,0,0.3421
S039,U039,R004,青柠桂花蜜乌龙,-0.5843,0.2078,0.0399,0.1667,0.5,1.0,0.0,0.3703,0.7,0.5149,0,0.3351
S039,U039,R005,百香果乳酸绿茶,-0.5641,0.218,0.0757,0.1429,0.5556,1.0,0.0,0.3846,0.7,0.7079,0,0.3548
S039,U039,R006,百香果美式,-0.718,0.141,0.0444,0.0,0.5,1.0,0.0,0.3383,0.7,0.7772,0,0.3104
S039,U039,R007,百香果美式（低咖啡因）,-0.2773,0.3613,0.1829,0.0,0.6,1.0,0.0,0.3949,0.7,0.8763,0,0.418
S039,U039,R008,杨枝甘露,0.082,0.541,0.1978,0.0,0.625,1.0,0.0,0.4031,0.3,0.6821,1,0.4849
S039,U039,R009,鲜橙绿茶,-0.7236,0.1382,0.0444,0.1429,0.5,1.0,0.0,0.3669,0.7,0.7501,0,0.321
S039,U039,R010,橙C美式,-0.7056,0.1472,0.0437,0.0,0.5,1.0,0.0,0.3381,0.7,0.8512,0,0.3162
S039,U039,R011,橙C美式（低咖啡因）,-0.1532,0.4234,0.1952,0.0,0.6111,1.0,0.0,0.4002,0.7,0.5876,0,0.4277
S039,U039,R012,鲜橙养乐多,0.1085,0.5543,0.1923,0.0,0.625,1.0,0.0,0.4014,0.7,0.7985,1,0.5345
S039,U039,R013,草莓奶昔,0.2442,0.6221,0.2024,0.0,0.625,1.0,0.0,0.4045,0.7,0.7621,1,0.5579
S039,U039,R014,蓝莓奶昔,0.3085,0.6542,0.2032,0.0,0.625,1.0,0.0,0.4047,0.7,0.9865,1,0.5804
S039,U039,R015,桃桃乌龙,-0.3342,0.3329,0.0519,0.2,0.5,1.0,0.0,0.3806,0.7,0.8384,0,0.3997
S039,U039,R016,芒果奶昔,0.2413,0.6206,0.2016,0.0,0.625,1.0,0.0,0.4042,0.7,0.7403,1,0.5561
S039,U039,R017,柠迭莓萝气泡水,-0.5457,0.2271,0.0357,0.0,0.5,1.0,0.0,0.3357,0.3,0.6862,0,0.2949
S039,U039,R018,茉莉苹果奶绿,-0.6233,0.1884,0.0377,0.1429,0.5,1.0,0.0,0.3649,0.7,0.891,0,0.3447
S039,U039,R019,荔枝白茶,-0.4391,0.2805,0.0519,0.2,0.5,1.0,0.0,0.3806,0.7,0.9036,0,0.3846
S039,U039,R020,超级吨吨桶,-0.7376,0.1312,0.1203,0.1111,0.5556,1.0,0.0,0.3916,0.3,0.7579,0,0.29
S039,U039,R021,芝士奶盖铁观音,-0.5927,0.2037,0.05,0.1667,0.5,1.0,0.0,0.3733,0.7,0.8807,0,0.3533
S039,U039,R022,抹茶椰青美式,-0.6467,0.1767,0.0444,0.125,0.5,1.0,0.0,0.3633,1.0,0.8267,0,0.3666
S039,U039,R023,草莓抹茶椰,-0.531,0.2345,0.0379,0.1667,0.5,1.0,0.0,0.3697,0.7,0.5331,0,0.3451
S039,U039,R024,柠檬草薄荷气泡水,-0.5741,0.2129,0.0355,0.0,0.5,1.0,0.0,0.3356,0.7,0.6656,0,0.3288
S039,U039,R025,蝶豆花柠檬气泡水,-0.5781,0.2109,0.0423,0.0,0.5,1.0,0.0,0.3377,0.3,0.7487,0,0.2932
S039,U039,R026,泰式奶红,-0.6502,0.1749,0.0423,0.1667,0.5,1.0,0.0,0.371,1.0,0.9281,0,0.3746
S039,U039,R027,泰式奶绿,-0.6786,0.1607,0.0404,0.1667,0.5,1.0,0.0,0.3705,1.0,0.8094,0,0.3634
S039,U039,R028,冰橙伯爵鸳鸯茶,-0.7238,0.1381,0.0437,0.1667,0.5,1.0,0.0,0.3714,1.0,0.8521,0,0.3581
S039,U039,R029,伯爵红茶奶茶,-0.732,0.134,0.0474,0.2,0.25,1.0,0.0,0.3417,1.0,0.6609,0,0.3337
S039,U039,R030,焙茶豆乳,-0.5745,0.2127,0.0529,0.2,0.25,1.0,0.0,0.3434,1.0,0.7624,0,0.3671
S039,U039,R031,抹茶豆乳,-0.6261,0.187,0.0509,0.2,0.25,1.0,0.0,0.3428,1.0,0.5255,0,0.346
S039,U039,R032,抹茶拿铁,-0.7256,0.1372,0.0423,0.2,0.25,1.0,0.0,0.3402,1.0,0.6678,0,0.3345
S039,U039,R033,燕麦奶抹茶拿铁,-0.6408,0.1796,0.05,0.2,0.25,1.0,0.0,0.3425,1.0,0.8193,0,0.358
S039,U039,R034,椰奶抹茶拿铁,-0.7204,0.1398,0.0423,0.1667,0.25,1.0,0.0,0.3335,1.0,0.8338,0,0.3407
S039,U039,R035,杏仁奶抹茶拿铁,-0.724,0.138,0.05,0.2,0.25,1.0,0.0,0.3425,1.0,0.7187,0,0.3384
S039,U039,R036,港式鸳鸯,-0.7297,0.1352,0.1296,0.1429,0.3056,1.0,0.0,0.3633,1.0,0.6398,0,0.3428
S039,U039,R037,拿铁,-0.7301,0.1349,0.04,0.0,0.25,1.0,0.0,0.2995,1.0,0.9539,0,0.3297
S039,U039,R038,燕麦奶拿铁,-0.6742,0.1629,0.0386,0.0,0.25,1.0,0.0,0.2991,1.0,0.6481,0,0.324
S039,U039,R039,椰奶拿铁,-0.7267,0.1367,0.0379,0.0,0.25,1.0,0.0,0.2989,1.0,0.9698,0,0.3308
S039,U039,R040,杏仁奶拿铁,-0.7234,0.1383,0.0386,0.0,0.25,1.0,0.0,0.2991,1.0,0.836,0,0.3248
S039,U039,R041,拿铁（低咖啡因）,-0.736,0.132,0.1529,0.0,0.3125,1.0,0.0,0.3427,1.0,0.8703,0,0.3439
S039,U039,R042,燕麦奶拿铁（低咖啡因）,-0.7292,0.1354,0.1529,0.0,0.3125,1.0,0.0,0.3427,1.0,0.7346,0,0.3383
S039,U039,R043,椰奶拿铁（低咖啡因）,-0.727,0.1365,0.15,0.0,0.3125,1.0,0.0,0.3419,1.0,0.6817,0,0.3357
S039,U039,R044,杏仁奶拿铁（低咖啡因）,-0.7234,0.1383,0.1529,0.0,0.3125,1.0,0.0,0.3427,1.0,0.8417,0,0.3447
S039,U039,R045,卡布奇诺,-0.7279,0.136,0.0361,0.0,0.25,1.0,0.0,0.2983,1.0,0.6789,0,0.3158
S039,U039,R046,卡布奇诺（低咖啡因）,-0.7231,0.1385,0.1474,0.0,0.3125,1.0,0.0,0.3411,1.0,0.8489,0,0.3444
S039,U039,R047,西班牙拿铁,-0.7294,0.1353,0.1235,0.0,0.3056,1.0,0.0,0.3329,1.0,0.7659,0,0.3355
S039,U039,R048,西班牙拿铁（低咖啡因）,-0.7281,0.1359,0.143,0.0,0.3125,1.0,0.0,0.3398,1.0,0.8535,0,0.3432
S039,U039,R049,摩卡,-0.7346,0.1327,0.1194,0.0,0.3,1.0,0.0,0.3308,1.0,0.9633,0,0.3435
S039,U039,R050,燕麦奶摩卡,-0.7243,0.1379,0.1173,0.0,0.3,1.0,0.0,0.3302,1.0,0.8332,0,0.3385
S039,U039,R051,椰奶摩卡,-0.7306,0.1347,0.0349,0.0,0.25,1.0,0.0,0.298,1.0,0.9791,0,0.3302
S039,U039,R052,杏仁奶摩卡,-0.7298,0.1351,0.0344,0.0,0.25,1.0,0.0,0.2978,1.0,0.8788,0,0.3252
S039,U039,R053,摩卡（低咖啡因）,-0.738,0.131,0.1458,0.0,0.3125,1.0,0.0,0.3406,1.0,0.8438,0,0.3413
S039,U039,R054,燕麦奶摩卡（低咖啡因）,-0.7331,0.1334,0.1451,0.0,0.3125,1.0,0.0,0.3404,1.0,0.9748,0,0.3486
S039,U039,R055,椰奶摩卡（低咖啡因）,-0.7299,0.1351,0.1444,0.0,0.3125,1.0,0.0,0.3402,1.0,0.7796,0,0.3393
S039,U039,R056,杏仁奶摩卡（低咖啡因）,-0.7314,0.1343,0.1451,0.0,0.3125,1.0,0.0,0.3404,1.0,0.9957,0,0.35
S039,U039,R057,dirty,-0.7316,0.1342,0.0355,0.0,0.25,1.0,0.0,0.2981,0.7,0.8611,0,0.2942
S039,U039,R058,燕麦奶dirty,-0.7247,0.1377,0.0344,0.0,0.25,1.0,0.0,0.2978,0.7,0.831,0,0.2937
S039,U039,R059,椰奶dirty,-0.7286,0.1357,0.0344,0.0,0.25,1.0,0.0,0.2978,0.7,0.6286,0,0.2829
S039,U039,R060,杏仁奶dirty,-0.7281,0.1359,0.0344,0.0,0.25,1.0,0.0,0.2978,0.7,0.5146,0,0.2773
S039,U039,R061,dirty（低咖啡因）,-0.7315,0.1342,0.1458,0.0,0.3125,1.0,0.0,0.3406,0.7,0.5766,0,0.2991
S039,U039,R062,燕麦奶dirty（低咖啡因）,-0.7274,0.1363,0.1458,0.0,0.3125,1.0,0.0,0.3406,0.7,0.7283,0,0.3074
S039,U039,R063,椰奶dirty（低咖啡因）,-0.7258,0.1371,0.1444,0.0,0.3125,1.0,0.0,0.3402,0.7,0.5869,0,0.3004
S039,U039,R064,杏仁奶dirty（低咖啡因）,-0.7301,0.1349,0.1458,0.0,0.3125,1.0,0.0,0.3406,0.7,0.6868,0,0.3048
S039,U039,R065,热可可,-0.5889,0.2055,0.1818,0.0,0.125,1.0,0.0,0.3233,1.0,0.5783,0,0.3463
S039,U039,R066,燕麦奶热可可,-0.4525,0.2738,0.1889,0.0,0.125,1.0,0.0,0.3254,1.0,0.8329,0,0.3839
S039,U039,R067,杏仁奶热可可,-0.459,0.2705,0.1889,0.0,0.125,1.0,0.0,0.3254,1.0,0.9086,0,0.3865
S039,U039,R068,玫瑰椰椰烤奶,-0.5819,0.209,0.0844,0.125,0.0625,1.0,0.0,0.3097,1.0,0.5174,0,0.3384
S039,U039,R069,玫瑰菊花茶,-0.4306,0.2847,0.096,0.0,0.0556,1.0,0.0,0.2871,1.0,0.7076,0,0.3642
S039,U039,R070,玫瑰陈皮茶,-0.5977,0.2012,0.0936,0.0,0.0556,1.0,0.0,0.2864,1.0,0.9603,0,0.3473
S039,U039,R071,金银花菊花茶,-0.4144,0.2928,0.0742,0.0,0.0556,1.0,0.0,0.2806,1.0,0.7703,0,0.3673
S039,U039,R072,菊花柠檬茶,-0.4939,0.2531,0.0826,0.0,0.0556,1.0,0.0,0.2831,1.0,0.7458,0,0.3533
S039,U039,R073,薰衣草柠檬茶,-0.5121,0.244,0.0819,0.0,0.0556,1.0,0.0,0.2829,1.0,0.683,0,0.3468
S039,U039,R074,百花茶,-0.5644,0.2178,0.0925,0.0,0.0556,1.0,0.0,0.2861,1.0,0.6588,0,0.3379
S039,U039,R075,洛神花玫瑰茶,-0.5498,0.2251,0.0925,0.0,0.0556,1.0,0.0,0.2861,1.0,0.9395,0,0.3545
S039,U039,R076,洛神花苹果茶,-0.7281,0.1359,0.0904,0.0,0.0556,1.0,0.0,0.2854,1.0,0.9908,0,0.3255
S039,U039,R077,金银花荷叶茶,-0.5852,0.2074,0.0675,0.0,0.0556,1.0,0.0,0.2786,1.0,0.6075,0,0.3283
S039,U039,R078,百合玫瑰茶,-0.3992,0.3004,0.1,0.0,0.0556,1.0,0.0,0.2883,1.0,0.5603,0,0.3629
S039,U039,R079,陈皮苹果茶,-0.6871,0.1565,0.0806,0.0,0.0556,1.0,0.0,0.2825,1.0,0.987,0,0.3312
S040,U040,R001,薄荷柠檬气泡茶,-0.7889,0.1055,0.0077,0.0,0.0,1.0,0.0,0.2523,0.7,0.6158,0,0.2513
S040,U040,R002,蜂蜜柠檬茶,-0.6858,0.1571,0.1048,0.0,0.25,1.0,0.0,0.3189,0.7,0.9565,0,0.3163
S040,U040,R003,葡萄柠檬茉莉花茶,-0.5732,0.2134,0.0774,0.0,0.0,1.0,0.0,0.2732,0.7,0.8618,0,0.3107
S040,U040,R004,青柠桂花蜜乌龙,-0.6198,0.1901,0.0849,0.0,0.0,1.0,0.0,0.2755,0.7,0.9605,0,0.3085
S040,U040,R005,百香果乳酸绿茶,-0.7374,0.1313,0.0681,0.0,0.0,1.0,0.0,0.2704,0.7,0.5109,0,0.2632
S040,U040,R006,百香果美式,-0.778,0.111,0.0805,0.0,0.0,1.0,0.0,0.2741,0.7,0.7242,0,0.2684
S040,U040,R007,百香果美式（低咖啡因）,-0.472,0.264,0.1657,0.0,0.1,1.0,0.0,0.3147,0.7,0.531,0,0.3306
S040,U040,R008,杨枝甘露,-0.6241,0.188,0.0739,0.0,0.0,1.0,0.0,0.2722,0.3,0.8655,0,0.2616
S040,U040,R009,鲜橙绿茶,-0.7798,0.1101,0.0764,0.0,0.0,1.0,0.0,0.2729,0.7,0.917,0,0.2772
S040,U040,R010,橙C美式,-0.7885,0.1058,0.0849,0.0,0.0,1.0,0.0,0.2755,0.7,0.8415,0,0.2731
S040,U040,R011,橙C美式（低咖啡因）,-0.4702,0.2649,0.178,0.0,0.1111,1.0,0.0,0.3201,0.7,0.8002,0,0.3468
S040,U040,R012,鲜橙养乐多,-0.514,0.243,0.0679,0.0,0.0,1.0,0.0,0.2704,0.7,0.6916,0,0.3113
S040,U040,R013,草莓奶昔,-0.5499,0.2251,0.0762,0.0,0.0,1.0,0.0,0.2729,0.7,0.6933,0,0.3062
S040,U040,R014,蓝莓奶昔,-0.5523,0.2238,0.0766,0.0,0.0,1.0,0.0,0.273,0.7,0.5659,0,0.2995
S040,U040,R015,桃桃乌龙,-0.5547,0.2227,0.0865,0.0,0.0,1.0,0.0,0.276,0.7,0.9935,0,0.3218
S040,U040,R016,芒果奶昔,-0.5582,0.2209,0.0758,0.0,0.0,1.0,0.0,0.2727,0.7,0.6371,0,0.3019
S040,U040,R017,柠迭莓萝气泡水,-0.7227,0.1387,0.0143,0.0,0.0,1.0,0.0,0.2543,0.3,0.9661,0,0.2413
S040,U040,R018,茉莉苹果奶绿,-0.5587,0.2207,0.0939,0.0,0.0,1.0,0.0,0.2782,0.7,0.7297,0,0.3089
S040,U040,R019,荔枝白茶,-0.542,0.229,0.0865,0.0,0.0,1.0,0.0,0.276,0.7,0.883,0,0.3185
S040,U040,R020,超级吨吨桶,-0.7764,0.1118,0.1009,0.0,0.0556,1.0,0.0,0.2886,0.3,0.745,0,0.2363
S040,U040,R021,芝士奶盖铁观音,-0.5929,0.2035,0.0863,0.0,0.0,1.0,0.0,0.2759,0.7,0.588,0,0.2948
S040,U040,R022,抹茶椰青美式,-0.8003,0.0999,0.0677,0.0,0.0,1.0,0.0,0.2703,1.0,0.8336,0,0.2983
S040,U040,R023,草莓抹茶椰,-0.67,0.165,0.0847,0.0,0.0,1.0,0.0,0.2754,0.7,0.7322,0,0.2883
S040,U040,R024,柠檬草薄荷气泡水,-0.7467,0.1266,0.0,0.0,0.0,1.0,0.0,0.25,0.7,0.9648,0,0.2751
S040,U040,R025,蝶豆花柠檬气泡水,-0.7384,0.1308,0.0085,0.0,0.0,1.0,0.0,0.2525,0.3,0.9946,0,0.2391
S040,U040,R026,泰式奶红,-0.7002,0.1499,0.0986,0.0,0.0,1.0,0.0,0.2796,1.0,0.9577,0,0.3262
S040,U040,R027,泰式奶绿,-0.7194,0.1403,0.0967,0.0,0.0,1.0,0.0,0.279,1.0,0.9031,0,0.3198
S040,U040,R028,冰橙伯爵鸳鸯茶,-0.7854,0.1073,0.0912,0.0,0.0,1.0,0.0,0.2774,1.0,0.779,0,0.3013
S040,U040,R029,伯爵红茶奶茶,-0.6945,0.1528,0.2164,0.0,0.3125,1.0,0.0,0.3618,1.0,0.895,0,0.361
S040,U040,R030,焙茶豆乳,-0.5865,0.2068,0.224,0.0,0.3125,1.0,0.0,0.3641,1.0,0.6284,0,0.3676
S040,U040,R031,抹茶豆乳,-0.6279,0.1861,0.2111,0.0,0.3125,1.0,0.0,0.3602,1.0,0.8694,0,0.3707
S040,U040,R032,抹茶拿铁,-0.7879,0.106,0.224,0.0,0.3125,1.0,0.0,0.3641,1.0,0.9272,0,0.3473
S040,U040,R033,燕麦奶抹茶拿铁,-0.65,0.175,0.21,0.0,0.3125,1.0,0.0,0.3599,1.0,0.9887,0,0.3726
S040,U040,R034,椰奶抹茶拿铁,-0.7812,0.1094,0.2135,0.0,0.3125,1.0,0.0,0.3609,1.0,0.9141,0,0.3464
S040,U040,R035,杏仁奶抹茶拿铁,-0.7995,0.1002,0.21,0.0,0.3125,1.0,0.0,0.3599,1.0,0.9425,0,0.3442
S040,U040,R036,港式鸳鸯,-0.7817,0.1092,0.1785,0.0,0.3056,1.0,0.0,0.3494,1.0,0.8657,0,0.3387
S040,U040,R037,拿铁,-0.7862,0.1069,0.22,0.0,0.3125,1.0,0.0,0.3629,1.0,0.717,0,0.3366
S040,U040,R038,燕麦奶拿铁,-0.6783,0.1609,0.2175,0.0,0.3125,1.0,0.0,0.3621,1.0,0.9034,0,0.3644
S040,U040,R039,椰奶拿铁,-0.7966,0.1017,0.2164,0.0,0.3125,1.0,0.0,0.3618,1.0,0.6399,0,0.3304
S040,U040,R040,杏仁奶拿铁,-0.8006,0.0997,0.2175,0.0,0.3125,1.0,0.0,0.3621,1.0,0.5991,0,0.3278
S040,U040,R041,拿铁（低咖啡因）,-0.7806,0.1097,0.2322,0.125,0.375,1.0,0.0,0.4009,1.0,0.7966,0,0.3586
S040,U040,R042,燕麦奶拿铁（低咖啡因）,-0.7921,0.104,0.2322,0.125,0.375,1.0,0.0,0.4009,1.0,0.5274,0,0.3432
S040,U040,R043,椰奶拿铁（低咖啡因）,-0.7817,0.1091,0.2288,0.1111,0.375,1.0,0.0,0.3971,1.0,0.5659,0,0.3452
S040,U040,R044,杏仁奶拿铁（低咖啡因）,-0.7864,0.1068,0.2322,0.125,0.375,1.0,0.0,0.4009,1.0,0.798,0,0.3577
S040,U040,R045,卡布奇诺,-0.7861,0.1069,0.2131,0.0,0.3125,1.0,0.0,0.3608,1.0,0.5332,0,0.3264
S040,U040,R046,卡布奇诺（低咖啡因）,-0.7825,0.1088,0.2256,0.1111,0.375,1.0,0.0,0.3962,1.0,0.5296,0,0.3428
S040,U040,R047,西班牙拿铁,-0.786,0.107,0.1811,0.0,0.3056,1.0,0.0,0.3502,1.0,0.6531,0,0.3277
S040,U040,R048,西班牙拿铁（低咖啡因）,-0.7843,0.1079,0.2852,0.1111,0.375,1.0,0.0,0.414,1.0,0.9927,0,0.3737
S040,U040,R049,摩卡,-0.7859,0.1071,0.2121,0.0,0.35,1.0,0.0,0.3661,1.0,0.9035,0,0.3474
S040,U040,R050,燕麦奶摩卡,-0.8037,0.0982,0.2092,0.0,0.35,1.0,0.0,0.3653,1.0,0.8282,0,0.3402
S040,U040,R051,椰奶摩卡,-0.7956,0.1022,0.2411,0.0,0.3611,1.0,0.0,0.3765,1.0,0.8687,0,0.3486
S040,U040,R052,杏仁奶摩卡,-0.7959,0.102,0.2402,0.0,0.3611,1.0,0.0,0.3762,1.0,0.837,0,0.3469
S040,U040,R053,摩卡（低咖啡因）,-0.7848,0.1076,0.2892,0.125,0.375,1.0,0.0,0.418,1.0,0.8624,0,0.3689
S040,U040,R054,燕麦奶摩卡（低咖啡因）,-0.7894,0.1053,0.2881,0.125,0.375,1.0,0.0,0.4177,1.0,0.762,0,0.3629
S040,U040,R055,椰奶摩卡（低咖啡因）,-0.788,0.106,0.2871,0.1111,0.375,1.0,0.0,0.4146,1.0,0.8307,0,0.3652
S040,U040,R056,杏仁奶摩卡（低咖啡因）,-0.7921,0.104,0.2881,0.125,0.375,1.0,0.0,0.4177,1.0,0.6196,0,0.3553
S040,U040,R057,dirty,-0.7834,0.1083,0.2421,0.0,0.3611,1.0,0.0,0.3768,0.7,0.9141,0,0.3232
S040,U040,R058,燕麦奶dirty,-0.7978,0.1011,0.2402,0.0,0.3611,1.0,0.0,0.3762,0.7,0.9039,0,0.3199
S040,U040,R059,椰奶dirty,-0.7928,0.1036,0.2402,0.0,0.3611,1.0,0.0,0.3762,0.7,0.5334,0,0.3022
S040,U040,R060,杏仁奶dirty,-0.7941,0.1029,0.2402,0.0,0.3611,1.0,0.0,0.3762,0.7,0.8156,0,0.3161
S040,U040,R061,dirty（低咖啡因）,-0.7827,0.1087,0.2892,0.1111,0.375,1.0,0.0,0.4152,0.7,0.9303,0,0.3414
S040,U040,R062,燕麦奶dirty（低咖啡因）,-0.7904,0.1048,0.2892,0.1111,0.375,1.0,0.0,0.4152,0.7,0.5278,0,0.3199
S040,U040,R063,椰奶dirty（低咖啡因）,-0.792,0.104,0.2871,0.1,0.375,1.0,0.0,0.4124,0.7,0.8496,0,0.3345
S040,U040,R064,杏仁奶dirty（低咖啡因）,-0.7881,0.106,0.2892,0.1111,0.375,1.0,0.0,0.4152,0.7,0.5198,0,0.3199
S040,U040,R065,热可可,0.0349,0.5175,0.2619,0.2,0.625,1.0,0.0,0.4623,1.0,0.7401,1,0.5762
S040,U040,R066,燕麦奶热可可,0.2511,0.6255,0.2555,0.2,0.625,1.0,0.0,0.4604,1.0,0.8289,1,0.6176
S040,U040,R067,杏仁奶热可可,0.2154,0.6077,0.2555,0.2,0.625,1.0,0.0,0.4604,1.0,0.6559,1,0.6027
S040,U040,R068,玫瑰椰椰烤奶,-0.2022,0.3989,0.2852,0.125,0.625,1.0,0.0,0.4543,1.0,0.5094,0,0.4695
S040,U040,R069,玫瑰菊花茶,0.0804,0.5402,0.2319,0.25,0.6111,1.0,0.0,0.4612,1.0,0.9882,1,0.596
S040,U040,R070,玫瑰陈皮茶,-0.3125,0.3437,0.2286,0.1667,0.6111,1.0,0.0,0.4436,1.0,0.5036,0,0.4451
S040,U040,R071,金银花菊花茶,-0.1547,0.4227,0.2233,0.2,0.6111,1.0,0.0,0.4487,1.0,0.6466,0,0.4822
S040,U040,R072,菊花柠檬茶,-0.6276,0.1862,0.2131,0.1429,0.6111,1.0,0.0,0.4342,1.0,0.5328,0,0.3872
S040,U040,R073,薰衣草柠檬茶,-0.6338,0.1831,0.2121,0.125,0.6111,1.0,0.0,0.4303,1.0,0.6001,0,0.3877
S040,U040,R074,百花茶,-0.4572,0.2714,0.227,0.2,0.6111,1.0,0.0,0.4498,1.0,0.6015,0,0.4275
S040,U040,R075,洛神花玫瑰茶,-0.5965,0.2017,0.227,0.2,0.6111,1.0,0.0,0.4498,1.0,0.8216,0,0.4141
S040,U040,R076,洛神花苹果茶,-0.7078,0.1461,0.224,0.1667,0.6111,1.0,0.0,0.4422,1.0,0.6428,0,0.3823
S040,U040,R077,金银花荷叶茶,-0.6361,0.182,0.21,0.2,0.6111,1.0,0.0,0.4447,1.0,0.5464,0,0.3911
S040,U040,R078,百合玫瑰茶,0.1766,0.5883,0.2375,0.25,0.6111,1.0,0.0,0.4629,1.0,0.609,1,0.5947
S040,U040,R079,陈皮苹果茶,-0.4515,0.2742,0.2255,0.1667,0.6111,1.0,0.0,0.4426,1.0,0.7955,0,0.4349
S041,U041,R001,薄荷柠檬气泡茶,-0.774,0.113,0.212,0.0,0.5556,0.65,0.0,0.3094,0.7,0.8784,0,0.0
S041,U041,R002,蜂蜜柠檬茶,-0.4922,0.2539,0.2366,0.0,0.3125,1.0,0.0,0.3679,0.7,0.8462,0,0.3667
S041,U041,R003,葡萄柠檬茉莉花茶,0.1741,0.5871,0.2447,0.0,0.5625,1.0,0.0,0.4078,0.7,0.9864,1,0.5583
S041,U041,R004,青柠桂花蜜乌龙,0.0363,0.5182,0.2358,0.0,0.5625,1.0,0.0,0.4051,0.7,0.7008,1,0.5187
S041,U041,R005,百香果乳酸绿茶,-0.6762,0.1619,0.2035,0.0,0.5556,1.0,0.0,0.3944,0.7,0.9549,0,0.3519
S041,U041,R006,百香果美式,-0.7806,0.1097,0.2332,0.0,0.5625,0.65,0.0,0.3168,0.7,0.7481,0,0.0
S041,U041,R007,百香果美式（低咖啡因）,-0.7571,0.1215,0.0753,0.0,0.55,0.65,0.0,0.2676,0.7,0.9378,0,0.0
S041,U041,R008,杨枝甘露,-0.5847,0.2077,0.0689,0.0,0.5625,1.0,0.0,0.355,0.3,0.7311,0,0.299
S041,U041,R009,鲜橙绿茶,-0.507,0.2465,0.2257,0.0,0.5625,1.0,0.0,0.4021,0.7,0.7861,0,0.3765
S041,U041,R010,橙C美式,-0.7777,0.1112,0.2324,0.0,0.5625,0.65,0.0,0.3166,0.7,0.7821,0,0.0
S041,U041,R011,橙C美式（低咖啡因）,-0.7278,0.1361,0.0794,0.0,0.5556,0.65,0.0,0.2696,0.7,0.97,0,0.0
S041,U041,R012,鲜橙养乐多,-0.4872,0.2564,0.1244,0.0,0.5625,1.0,0.0,0.3717,0.7,0.9847,0,0.3762
S041,U041,R013,草莓奶昔,-0.4733,0.2633,0.0799,0.0,0.5625,1.0,0.0,0.3584,0.7,0.5069,0,0.3488
S041,U041,R014,蓝莓奶昔,-0.4179,0.2911,0.0805,0.0,0.5625,1.0,0.0,0.3585,0.7,0.6597,0,0.3662
S041,U041,R015,桃桃乌龙,0.3142,0.6571,0.2423,0.0,0.5625,1.0,0.0,0.4071,0.7,0.5977,1,0.5631
S041,U041,R016,芒果奶昔,-0.4687,0.2657,0.0794,0.0,0.5625,1.0,0.0,0.3582,0.7,0.9062,0,0.3695
S041,U041,R017,柠迭莓萝气泡水,-0.4465,0.2767,0.23,0.0,0.5625,0.65,0.0,0.3159,0.3,0.6182,0,0.0
S041,U041,R018,茉莉苹果奶绿,-0.0437,0.4781,0.2327,0.0,0.5625,1.0,0.0,0.4042,0.7,0.8292,1,0.5107
S041,U041,R019,荔枝白茶,0.2945,0.6473,0.2423,0.0,0.5625,1.0,0.0,0.4071,0.7,0.6775,1,0.5636
S041,U041,R020,超级吨吨桶,-0.7727,0.1137,0.2018,0.0,0.5556,1.0,0.0,0.3939,0.3,0.5275,0,0.2734
S041,U041,R021,芝士奶盖铁观音,-0.1861,0.407,0.185,0.0,0.5625,1.0,0.0,0.3899,0.7,0.9585,0,0.4358
S041,U041,R022,抹茶椰青美式,-0.6908,0.1546,0.2332,0.0,0.5625,0.65,0.0,0.3168,1.0,0.6029,0,0.0
S041,U041,R023,草莓抹茶椰,-0.441,0.2795,0.2274,0.0,0.5625,0.65,0.0,0.3151,0.7,0.976,0,0.0
S041,U041,R024,柠檬草薄荷气泡水,-0.6705,0.1647,0.2257,0.0,0.5625,0.65,0.0,0.3146,0.7,0.55,0,0.0
S041,U041,R025,蝶豆花柠檬气泡水,-0.6495,0.1753,0.2229,0.0,0.5625,0.65,0.0,0.3137,0.3,0.7459,0,0.0
S041,U041,R026,泰式奶红,-0.7002,0.1499,0.1773,0.0,0.5,1.0,0.0,0.3782,1.0,0.7546,0,0.3604
S041,U041,R027,泰式奶绿,-0.6828,0.1586,0.1916,0.0,0.5,1.0,0.0,0.3825,1.0,0.8523,0,0.3702
S041,U041,R028,冰橙伯爵鸳鸯茶,-0.7676,0.1162,0.1874,0.0,0.5,0.65,0.0,0.2937,1.0,0.9827,0,0.0
S041,U041,R029,伯爵红茶奶茶,-0.8163,0.0919,0.1824,0.0,0.25,1.0,0.0,0.3422,1.0,0.9768,0,0.335
S041,U041,R030,焙茶豆乳,-0.658,0.171,0.1879,0.0,0.25,1.0,0.0,0.3439,1.0,0.624,0,0.3458
S041,U041,R031,抹茶豆乳,-0.7396,0.1302,0.1859,0.0,0.25,0.65,0.0,0.2558,1.0,0.565,0,0.0
S041,U041,R032,抹茶拿铁,-0.7801,0.1099,0.1773,0.0,0.25,0.65,0.0,0.2532,1.0,0.5496,0,0.0
S041,U041,R033,燕麦奶抹茶拿铁,-0.7468,0.1266,0.185,0.0,0.25,0.65,0.0,0.2555,1.0,0.6006,0,0.0
S041,U041,R034,椰奶抹茶拿铁,-0.7915,0.1042,0.1773,0.0,0.25,0.65,0.0,0.2532,1.0,0.5969,0,0.0
S041,U041,R035,杏仁奶抹茶拿铁,-0.7653,0.1173,0.185,0.0,0.25,0.65,0.0,0.2555,1.0,0.6454,0,0.0
S041,U041,R036,港式鸳鸯,-0.7757,0.1121,0.1626,0.0,0.25,0.65,0.0,0.2488,1.0,0.6423,0,0.0
S041,U041,R037,拿铁,-0.7745,0.1127,0.185,0.0,0.25,0.65,0.0,0.2555,1.0,0.638,0,0.0
S041,U041,R038,燕麦奶拿铁,-0.7352,0.1324,0.1832,0.0,0.25,0.65,0.0,0.255,1.0,0.896,0,0.0
S041,U041,R039,椰奶拿铁,-0.7665,0.1167,0.1824,0.0,0.25,0.65,0.0,0.2547,1.0,0.5951,0,0.0
S041,U041,R040,杏仁奶拿铁,-0.7623,0.1188,0.1832,0.0,0.25,0.65,0.0,0.255,1.0,0.779,0,0.0
S041,U041,R041,拿铁（低咖啡因）,-0.7678,0.1161,0.0317,0.0,0.25,0.65,0.0,0.2095,1.0,0.6203,0,0.0
S041,U041,R042,燕麦奶拿铁（低咖啡因）,-0.772,0.114,0.0317,0.0,0.25,0.65,0.0,0.2095,1.0,0.8429,0,0.0
S041,U041,R043,椰奶拿铁（低咖啡因）,-0.7724,0.1138,0.03,0.0,0.25,0.65,0.0,0.209,1.0,0.6543,0,0.0
S041,U041,R044,杏仁奶拿铁（低咖啡因）,-0.7733,0.1134,0.0317,0.0,0.25,0.65,0.0,0.2095,1.0,0.9846,0,0.0
S041,U041,R045,卡布奇诺,-0.7685,0.1157,0.1801,0.0,0.25,0.65,0.0,0.254,1.0,0.6325,0,0.0
S041,U041,R046,卡布奇诺（低咖啡因）,-0.772,0.114,0.0284,0.0,0.25,0.65,0.0,0.2085,1.0,0.5201,0,0.0
S041,U041,R047,西班牙拿铁,-0.773,0.1135,0.1644,0.0,0.25,0.65,0.0,0.2493,1.0,0.6234,0,0.0
S041,U041,R048,西班牙拿铁（低咖啡因）,-0.7721,0.114,0.0258,0.0,0.25,0.65,0.0,0.2077,1.0,0.5333,0,0.0
S041,U041,R049,摩卡,-0.7673,0.1163,0.1569,0.0,0.25,0.65,0.0,0.2471,1.0,0.7939,0,0.0
S041,U041,R050,燕麦奶摩卡,-0.7606,0.1197,0.1548,0.0,0.25,0.65,0.0,0.2464,1.0,0.8381,0,0.0
S041,U041,R051,椰奶摩卡,-0.7613,0.1194,0.1787,0.0,0.25,0.65,0.0,0.2536,1.0,0.7509,0,0.0
S041,U041,R052,杏仁奶摩卡,-0.7589,0.1206,0.178,0.0,0.25,0.65,0.0,0.2534,1.0,0.6567,0,0.0
S041,U041,R053,摩卡（低咖啡因）,-0.7647,0.1177,0.0275,0.0,0.25,0.65,0.0,0.2082,1.0,0.5155,0,0.0
S041,U041,R054,燕麦奶摩卡（低咖啡因）,-0.7692,0.1154,0.027,0.0,0.25,0.65,0.0,0.2081,1.0,0.8182,0,0.0
S041,U041,R055,椰奶摩卡（低咖啡因）,-0.7632,0.1184,0.0266,0.0,0.25,0.65,0.0,0.208,1.0,0.9964,0,0.0
S041,U041,R056,杏仁奶摩卡（低咖啡因）,-0.7663,0.1169,0.027,0.0,0.25,0.65,0.0,0.2081,1.0,0.8661,0,0.0
S041,U041,R057,dirty,-0.7718,0.1141,0.1794,0.0,0.25,0.65,0.0,0.2538,0.7,0.8448,0,0.0
S041,U041,R058,燕麦奶dirty,-0.7695,0.1152,0.178,0.0,0.25,0.65,0.0,0.2534,0.7,0.7947,0,0.0
S041,U041,R059,椰奶dirty,-0.768,0.116,0.178,0.0,0.25,0.65,0.0,0.2534,0.7,0.6773,0,0.0
S041,U041,R060,杏仁奶dirty,-0.7628,0.1186,0.178,0.0,0.25,0.65,0.0,0.2534,0.7,0.9253,0,0.0
S041,U041,R061,dirty（低咖啡因）,-0.7721,0.114,0.0275,0.0,0.25,0.65,0.0,0.2082,0.7,0.9179,0,0.0
S041,U041,R062,燕麦奶dirty（低咖啡因）,-0.7716,0.1142,0.0275,0.0,0.25,0.65,0.0,0.2082,0.7,0.5519,0,0.0
S041,U041,R063,椰奶dirty（低咖啡因）,-0.7692,0.1154,0.0266,0.0,0.25,0.65,0.0,0.208,0.7,0.8596,0,0.0
S041,U041,R064,杏仁奶dirty（低咖啡因）,-0.769,0.1155,0.0275,0.0,0.25,0.65,0.0,0.2082,0.7,0.9443,0,0.0
S041,U041,R065,热可可,-0.6254,0.1873,0.0,0.0,0.0,1.0,0.0,0.25,1.0,0.8569,0,0.3209
S041,U041,R066,燕麦奶热可可,-0.5168,0.2416,0.0108,0.0,0.0,1.0,0.0,0.2532,1.0,0.8189,0,0.3394
S041,U041,R067,杏仁奶热可可,-0.5264,0.2368,0.0108,0.0,0.0,1.0,0.0,0.2532,1.0,0.7141,0,0.3325
S041,U041,R068,玫瑰椰椰烤奶,-0.6826,0.1587,0.1158,0.0,0.0,1.0,0.0,0.2847,1.0,0.7935,0,0.3233
S041,U041,R069,玫瑰菊花茶,-0.4462,0.2769,0.0843,0.0,0.0,1.0,0.0,0.2753,1.0,0.5159,0,0.3466
S041,U041,R070,玫瑰陈皮茶,-0.5197,0.2401,0.0824,0.0,0.0,1.0,0.0,0.2747,1.0,0.9479,0,0.3551
S041,U041,R071,金银花菊花茶,-0.4618,0.2691,0.0864,0.0,0.0,1.0,0.0,0.2759,1.0,0.7924,0,0.358
S041,U041,R072,菊花柠檬茶,-0.561,0.2195,0.1111,0.0,0.0556,1.0,0.0,0.2917,1.0,0.673,0,0.3417
S041,U041,R073,薰衣草柠檬茶,-0.5701,0.2149,0.1105,0.0,0.0556,1.0,0.0,0.2915,1.0,0.8517,0,0.349
S041,U041,R074,百花茶,-0.5151,0.2425,0.0815,0.0,0.0,1.0,0.0,0.2744,1.0,0.5972,0,0.3382
S041,U041,R075,洛神花玫瑰茶,-0.6718,0.1641,0.0705,0.0,0.0,1.0,0.0,0.2712,1.0,0.6113,0,0.31
S041,U041,R076,洛神花苹果茶,-0.7322,0.1339,0.0692,0.0,0.0,1.0,0.0,0.2708,1.0,0.5309,0,0.2953
S041,U041,R077,金银花荷叶茶,-0.6895,0.1552,0.0775,0.0,0.0,1.0,0.0,0.2732,1.0,0.8688,0,0.3207
S041,U041,R078,百合玫瑰茶,-0.4119,0.2941,0.075,0.0,0.0,1.0,0.0,0.2725,1.0,0.7262,0,0.3619
S041,U041,R079,陈皮苹果茶,-0.6861,0.157,0.0806,0.0,0.0,1.0,0.0,0.2742,1.0,0.5367,0,0.3052
S042,U042,R001,薄荷柠檬气泡茶,-0.7003,0.1498,0.1137,0.0,0.0556,0.65,0.0,0.205,0.7,0.6251,0,0.0
S042,U042,R002,蜂蜜柠檬茶,-0.3054,0.3473,0.1529,0.0,0.0625,1.0,0.0,0.3053,0.7,0.744,0,0.3661
S042,U042,R003,葡萄柠檬茉莉花茶,-0.4019,0.2991,0.1304,0.0,0.0625,1.0,0.0,0.2985,0.7,0.9025,0,0.3541
S042,U042,R004,青柠桂花蜜乌龙,-0.6335,0.1833,0.1219,0.0,0.0625,1.0,0.0,0.2959,0.7,0.7271,0,0.3037
S042,U042,R005,百香果乳酸绿茶,-0.6147,0.1926,0.0604,0.0,0.0,1.0,0.0,0.2681,0.7,0.8308,0,0.2996
S042,U042,R006,百香果美式,-0.7248,0.1376,0.1077,0.0,0.0625,0.65,0.0,0.2042,0.7,0.9343,0,0.0
S042,U042,R007,百香果美式（低咖啡因）,-0.8389,0.0806,0.0258,0.0,0.0,0.65,0.0,0.1702,0.7,0.829,0,0.0
S042,U042,R008,杨枝甘露,-0.6545,0.1728,0.0659,0.0,0.0,1.0,0.0,0.2698,0.3,0.8743,0,0.2556
S042,U042,R009,鲜橙绿茶,-0.7882,0.1059,0.1084,0.0,0.0625,1.0,0.0,0.2919,0.7,0.7648,0,0.2767
S042,U042,R010,橙C美式,-0.731,0.1345,0.1175,0.0,0.0714,0.65,0.0,0.2085,0.7,0.9808,0,0.0
S042,U042,R011,橙C美式（低咖啡因）,-0.8058,0.0971,0.0258,0.0,0.0,0.65,0.0,0.1702,0.7,0.5148,0,0.0
S042,U042,R012,鲜橙养乐多,-0.5982,0.2009,0.0565,0.0,0.0,1.0,0.0,0.2669,0.7,0.6943,0,0.2951
S042,U042,R013,草莓奶昔,-0.5682,0.2159,0.0762,0.0,0.0,1.0,0.0,0.2729,0.7,0.9282,0,0.3148
S042,U042,R014,蓝莓奶昔,-0.5165,0.2417,0.0766,0.0,0.0,1.0,0.0,0.273,0.7,0.7921,0,0.3171
S042,U042,R015,桃桃乌龙,-0.4445,0.2777,0.1211,0.0,0.0625,1.0,0.0,0.2957,0.7,0.6891,0,0.3347
S042,U042,R016,芒果奶昔,-0.5667,0.2167,0.0758,0.0,0.0,1.0,0.0,0.2727,0.7,0.7361,0,0.3054
S042,U042,R017,柠迭莓萝气泡水,-0.5998,0.2001,0.0736,0.0,0.0,0.65,0.0,0.1846,0.3,0.7314,0,0.0
S042,U042,R018,茉莉苹果奶绿,-0.2401,0.3799,0.1426,0.0,0.0714,1.0,0.0,0.3035,0.7,0.9584,0,0.3875
S042,U042,R019,荔枝白茶,-0.4215,0.2892,0.1315,0.0,0.0625,1.0,0.0,0.2988,0.7,0.5232,0,0.3319
S042,U042,R020,超级吨吨桶,-0.7192,0.1404,0.0699,0.0,0.0,1.0,0.0,0.271,0.3,0.8697,0,0.2446
S042,U042,R021,芝士奶盖铁观音,-0.0322,0.4839,0.1686,0.0,0.0714,1.0,0.0,0.3113,0.7,0.6948,1,0.4642
S042,U042,R022,抹茶椰青美式,-0.5831,0.2084,0.1355,0.0,0.0714,0.65,0.0,0.2139,1.0,0.9273,0,0.0
S042,U042,R023,草莓抹茶椰,-0.4851,0.2575,0.1409,0.0,0.0714,0.65,0.0,0.2155,0.7,0.7868,0,0.0
S042,U042,R024,柠檬草薄荷气泡水,-0.619,0.1905,0.0675,0.0,0.0,0.65,0.0,0.1828,0.7,0.6006,0,0.0
S042,U042,R025,蝶豆花柠檬气泡水,-0.6235,0.1882,0.0663,0.0,0.0,0.65,0.0,0.1824,0.3,0.9913,0,0.0
S042,U042,R026,泰式奶红,-0.1637,0.4182,0.1624,0.0,0.0714,1.0,0.0,0.3094,1.0,0.6764,1,0.4694
S042,U042,R027,泰式奶绿,-0.1861,0.4069,0.1609,0.0,0.0714,1.0,0.0,0.309,1.0,0.5034,1,0.4566
S042,U042,R028,冰橙伯爵鸳鸯茶,-0.7194,0.1403,0.1548,0.0,0.0714,0.65,0.0,0.2196,1.0,0.6784,0,0.0
S042,U042,R029,伯爵红茶奶茶,-0.3999,0.3,0.1284,0.0,0.0625,1.0,0.0,0.2979,1.0,0.8383,0,0.381
S042,U042,R030,焙茶豆乳,-0.102,0.449,0.1423,0.0,0.0625,1.0,0.0,0.3021,1.0,0.9621,0,0.4412
S042,U042,R031,抹茶豆乳,-0.4313,0.2844,0.1407,0.0,0.0625,0.65,0.0,0.2141,1.0,0.9464,0,0.0
S042,U042,R032,抹茶拿铁,-0.7138,0.1431,0.1317,0.0,0.0625,0.65,0.0,0.2114,1.0,0.903,0,0.0
S042,U042,R033,燕麦奶抹茶拿铁,-0.4579,0.271,0.14,0.0,0.0625,0.65,0.0,0.2139,1.0,0.9253,0,0.0
S042,U042,R034,椰奶抹茶拿铁,-0.7047,0.1477,0.1317,0.0,0.0625,0.65,0.0,0.2114,1.0,0.7301,0,0.0
S042,U042,R035,杏仁奶抹茶拿铁,-0.7207,0.1396,0.14,0.0,0.0625,0.65,0.0,0.2139,1.0,0.857,0,0.0
S042,U042,R036,港式鸳鸯,-0.7266,0.1367,0.1057,0.0,0.0556,0.65,0.0,0.2026,1.0,0.537,0,0.0
S042,U042,R037,拿铁,-0.7154,0.1423,0.12,0.0,0.0625,0.65,0.0,0.2079,1.0,0.8141,0,0.0
S042,U042,R038,燕麦奶拿铁,-0.4758,0.2621,0.1289,0.0,0.0625,0.65,0.0,0.2106,1.0,0.7801,0,0.0
S042,U042,R039,椰奶拿铁,-0.7152,0.1424,0.119,0.0,0.0625,0.65,0.0,0.2076,1.0,0.8768,0,0.0
S042,U042,R040,杏仁奶拿铁,-0.7153,0.1423,0.1289,0.0,0.0625,0.65,0.0,0.2106,1.0,0.5114,0,0.0
S042,U042,R041,拿铁（低咖啡因）,-0.7272,0.1364,0.0317,0.0,0.0,0.65,0.0,0.172,1.0,0.9094,0,0.0
S042,U042,R042,燕麦奶拿铁（低咖啡因）,-0.7132,0.1434,0.0317,0.0,0.0,0.65,0.0,0.172,1.0,0.8476,0,0.0
S042,U042,R043,椰奶拿铁（低咖啡因）,-0.7323,0.1338,0.03,0.0,0.0,0.65,0.0,0.1715,1.0,0.7566,0,0.0
S042,U042,R044,杏仁奶拿铁（低咖啡因）,-0.724,0.138,0.0317,0.0,0.0,0.65,0.0,0.172,1.0,0.9085,0,0.0
S042,U042,R045,卡布奇诺,-0.7241,0.138,0.118,0.0,0.0625,0.65,0.0,0.2073,1.0,0.6422,0,0.0
S042,U042,R046,卡布奇诺（低咖啡因）,-0.7317,0.1342,0.0284,0.0,0.0,0.65,0.0,0.171,1.0,0.8736,0,0.0
S042,U042,R047,西班牙拿铁,-0.7248,0.1376,0.0985,0.0,0.0556,0.65,0.0,0.2004,1.0,0.6941,0,0.0
S042,U042,R048,西班牙拿铁（低咖啡因）,-0.7297,0.1351,0.0258,0.0,0.0,0.65,0.0,0.1702,1.0,0.7818,0,0.0
S042,U042,R049,摩卡,-0.7215,0.1393,0.0927,0.0,0.05,0.65,0.0,0.1978,1.0,0.8323,0,0.0
S042,U042,R050,燕麦奶摩卡,-0.7114,0.1443,0.1004,0.0,0.05,0.65,0.0,0.2001,1.0,0.9515,0,0.0
S042,U042,R051,椰奶摩卡,-0.7246,0.1377,0.1075,0.0,0.0556,0.65,0.0,0.2031,1.0,0.5662,0,0.0
S042,U042,R052,杏仁奶摩卡,-0.7236,0.1382,0.1158,0.0,0.0556,0.65,0.0,0.2056,1.0,0.7402,0,0.0
S042,U042,R053,摩卡（低咖啡因）,-0.7257,0.1372,0.0275,0.0,0.0,0.65,0.0,0.1708,1.0,0.6955,0,0.0
S042,U042,R054,燕麦奶摩卡（低咖啡因）,-0.7199,0.14,0.027,0.0,0.0,0.65,0.0,0.1706,1.0,0.9151,0,0.0
S042,U042,R055,椰奶摩卡（低咖啡因）,-0.7328,0.1336,0.0266,0.0,0.0,0.65,0.0,0.1705,1.0,0.8711,0,0.0
S042,U042,R056,杏仁奶摩卡（低咖啡因）,-0.723,0.1385,0.027,0.0,0.0,0.65,0.0,0.1706,1.0,0.86,0,0.0
S042,U042,R057,dirty,-0.727,0.1365,0.1077,0.0,0.0556,0.65,0.0,0.2032,0.7,0.732,0,0.0
S042,U042,R058,燕麦奶dirty,-0.7016,0.1492,0.1158,0.0,0.0556,0.65,0.0,0.2056,0.7,0.763,0,0.0
S042,U042,R059,椰奶dirty,-0.7215,0.1393,0.1072,0.0,0.0556,0.65,0.0,0.203,0.7,0.9682,0,0.0
S042,U042,R060,杏仁奶dirty,-0.722,0.139,0.1158,0.0,0.0556,0.65,0.0,0.2056,0.7,0.6278,0,0.0
S042,U042,R061,dirty（低咖啡因）,-0.7251,0.1375,0.0275,0.0,0.0,0.65,0.0,0.1708,0.7,0.958,0,0.0
S042,U042,R062,燕麦奶dirty（低咖啡因）,-0.7231,0.1384,0.0275,0.0,0.0,0.65,0.0,0.1708,0.7,0.9988,0,0.0
S042,U042,R063,椰奶dirty（低咖啡因）,-0.7256,0.1372,0.0266,0.0,0.0,0.65,0.0,0.1705,0.7,0.6198,0,0.0
S042,U042,R064,杏仁奶dirty（低咖啡因）,-0.7237,0.1381,0.0275,0.0,0.0,0.65,0.0,0.1708,0.7,0.9194,0,0.0
S042,U042,R065,热可可,-0.5802,0.2099,0.0567,0.0,0.0,1.0,0.0,0.267,1.0,0.7733,0,0.3323
S042,U042,R066,燕麦奶热可可,-0.4564,0.2718,0.0666,0.0,0.0,1.0,0.0,0.27,1.0,0.8517,0,0.3592
S042,U042,R067,杏仁奶热可可,-0.503,0.2485,0.0666,0.0,0.0,1.0,0.0,0.27,1.0,0.857,0,0.3513
S042,U042,R068,玫瑰椰椰烤奶,-0.3588,0.3206,0.082,0.0,0.0,1.0,0.0,0.2746,1.0,0.6912,0,0.3703
S042,U042,R069,玫瑰菊花茶,0.0272,0.5136,0.1593,0.0,0.0556,1.0,0.0,0.3061,1.0,0.6207,0,0.4485
S042,U042,R070,玫瑰陈皮茶,-0.5195,0.2403,0.1574,0.0,0.0556,1.0,0.0,0.3056,1.0,0.5563,0,0.3494
S042,U042,R071,金银花菊花茶,0.0741,0.5371,0.1614,0.0,0.0556,1.0,0.0,0.3067,1.0,0.9741,1,0.5247
S042,U042,R072,菊花柠檬茶,-0.4655,0.2673,0.1111,0.0,0.0,1.0,0.0,0.2833,1.0,0.7252,0,0.3573
S042,U042,R073,薰衣草柠檬茶,-0.4716,0.2642,0.1105,0.0,0.0,1.0,0.0,0.2831,1.0,0.7493,0,0.3573
S042,U042,R074,百花茶,-0.2694,0.3653,0.1565,0.0,0.0556,1.0,0.0,0.3053,1.0,0.6228,0,0.3964
S042,U042,R075,洛神花玫瑰茶,-0.3876,0.3062,0.1455,0.0,0.0556,1.0,0.0,0.302,1.0,0.5261,0,0.3694
S042,U042,R076,洛神花苹果茶,-0.7097,0.1452,0.1442,0.0,0.0556,1.0,0.0,0.3016,1.0,0.919,0,0.3325
S042,U042,R077,金银花荷叶茶,-0.3298,0.3351,0.1525,0.0,0.0556,1.0,0.0,0.3041,1.0,0.9193,0,0.4001
S042,U042,R078,百合玫瑰茶,0.106,0.553,0.1625,0.0,0.0556,1.0,0.0,0.3071,1.0,0.6063,1,0.5121
S042,U042,R079,陈皮苹果茶,-0.8554,0.0723,0.1556,0.0,0.0556,1.0,0.0,0.305,1.0,0.9145,0,0.3083
S043,U043,R001,薄荷柠檬气泡茶,-0.7354,0.1323,0.0452,0.0,0.0556,1.0,0.0,0.2719,0.7,0.6309,0,0.2702
S043,U043,R002,蜂蜜柠檬茶,-0.0028,0.4986,0.0643,0.0,0.0625,1.0,0.0,0.2787,0.7,0.9848,0,0.4192
S043,U043,R003,葡萄柠檬茉莉花茶,-0.2991,0.3505,0.0531,0.0,0.0625,1.0,0.0,0.2753,0.7,0.7125,0,0.3522
S043,U043,R004,青柠桂花蜜乌龙,-0.5014,0.2493,0.053,0.0,0.0625,1.0,0.0,0.2753,0.7,0.5156,0,0.3069
S043,U043,R005,百香果乳酸绿茶,-0.7005,0.1497,0.0451,0.0,0.0556,1.0,0.0,0.2719,0.7,0.7856,0,0.284
S043,U043,R006,百香果美式,-0.7318,0.1341,0.0539,0.0,0.0625,1.0,0.0,0.2755,0.7,0.7181,0,0.2768
S043,U043,R007,百香果美式（低咖啡因）,-0.6737,0.1632,0.0495,0.0,0.05,1.0,0.0,0.2724,0.7,0.959,0,0.2976
S043,U043,R008,杨枝甘露,-0.6079,0.1961,0.058,0.0,0.0625,1.0,0.0,0.2768,0.3,0.7933,0,0.2628
S043,U043,R009,鲜橙绿茶,-0.7756,0.1122,0.0498,0.0,0.0625,1.0,0.0,0.2743,0.7,0.8887,0,0.2771
S043,U043,R010,橙C美式,-0.7526,0.1237,0.0587,0.0,0.0714,1.0,0.0,0.2783,0.7,0.9002,0,0.2835
S043,U043,R011,橙C美式（低咖啡因）,-0.6666,0.1667,0.0536,0.0,0.0556,1.0,0.0,0.2744,0.7,0.8243,0,0.293
S043,U043,R012,鲜橙养乐多,-0.3402,0.3299,0.0565,0.0,0.0625,1.0,0.0,0.2763,0.7,0.7942,0,0.3495
S043,U043,R013,草莓奶昔,-0.4905,0.2547,0.0587,0.0,0.0714,1.0,0.0,0.2783,0.7,0.7072,0,0.3198
S043,U043,R014,蓝莓奶昔,-0.3534,0.3233,0.0589,0.0,0.0625,1.0,0.0,0.277,0.7,0.6733,0,0.3415
S043,U043,R015,桃桃乌龙,-0.1792,0.4104,0.0554,0.0,0.0625,1.0,0.0,0.276,0.7,0.5981,0,0.3677
S043,U043,R016,芒果奶昔,-0.4897,0.2551,0.0586,0.0,0.0625,1.0,0.0,0.277,0.7,0.9555,0,0.3317
S043,U043,R017,柠迭莓萝气泡水,-0.6857,0.1571,0.0521,0.0,0.0625,1.0,0.0,0.275,0.3,0.5925,0,0.2384
S043,U043,R018,茉莉苹果奶绿,0.0889,0.5445,0.0638,0.0,0.0714,1.0,0.0,0.2798,0.7,0.6514,1,0.469
S043,U043,R019,荔枝白茶,-0.2051,0.3975,0.0554,0.0,0.0625,1.0,0.0,0.276,0.7,0.6972,0,0.3682
S043,U043,R020,超级吨吨桶,-0.7335,0.1333,0.044,0.0,0.0556,1.0,0.0,0.2715,0.3,0.6173,0,0.2297
S043,U043,R021,芝士奶盖铁观音,0.0568,0.5284,0.0663,0.0,0.0714,1.0,0.0,0.2806,0.7,0.9252,1,0.4775
S043,U043,R022,抹茶椰青美式,-0.4976,0.2512,0.0589,0.0,0.0714,1.0,0.0,0.2784,1.0,0.5349,0,0.3399
S043,U043,R023,草莓抹茶椰,-0.1339,0.433,0.0657,0.0,0.0714,1.0,0.0,0.2804,0.7,0.9621,1,0.4459
S043,U043,R024,柠檬草薄荷气泡水,-0.712,0.144,0.0498,0.0,0.0625,1.0,0.0,0.2743,0.7,0.7203,0,0.2798
S043,U043,R025,蝶豆花柠檬气泡水,-0.7098,0.1451,0.0494,0.0,0.0625,1.0,0.0,0.2742,0.3,0.9692,0,0.2526
S043,U043,R026,泰式奶红,-0.4172,0.2914,0.0,0.0,0.0,1.0,0.0,0.25,1.0,0.8982,0,0.3594
S043,U043,R027,泰式奶绿,-0.4195,0.2902,0.0081,0.0,0.0,1.0,0.0,0.2524,1.0,0.6127,0,0.3458
S043,U043,R028,冰橙伯爵鸳鸯茶,-0.7437,0.1281,0.0087,0.0,0.0,1.0,0.0,0.2526,1.0,0.6054,0,0.2888
S043,U043,R029,伯爵红茶奶茶,-0.6823,0.1588,0.0,0.0,0.0,1.0,0.0,0.25,1.0,0.542,0,0.2952
S043,U043,R030,焙茶豆乳,-0.4785,0.2607,0.0,0.0,0.0,1.0,0.0,0.25,1.0,0.512,0,0.3294
S043,U043,R031,抹茶豆乳,-0.658,0.171,0.0,0.0,0.0,1.0,0.0,0.25,1.0,0.8689,0,0.3158
S043,U043,R032,抹茶拿铁,-0.7349,0.1326,0.0,0.0,0.0,1.0,0.0,0.25,1.0,0.9321,0,0.3055
S043,U043,R033,燕麦奶抹茶拿铁,-0.6937,0.1531,0.0,0.0,0.0,1.0,0.0,0.25,1.0,0.8437,0,0.3083
S043,U043,R034,椰奶抹茶拿铁,-0.7391,0.1305,0.0,0.0,0.0,1.0,0.0,0.25,1.0,0.6974,0,0.293
S043,U043,R035,杏仁奶抹茶拿铁,-0.7363,0.1319,0.0,0.0,0.0,1.0,0.0,0.25,1.0,0.5387,0,0.2856
S043,U043,R036,港式鸳鸯,-0.7343,0.1329,0.0,0.0,0.0,1.0,0.0,0.25,1.0,0.7783,0,0.2979
S043,U043,R037,拿铁,-0.733,0.1335,0.0,0.0,0.0,1.0,0.0,0.25,1.0,0.7388,0,0.2962
S043,U043,R038,燕麦奶拿铁,-0.6926,0.1537,0.0,0.0,0.0,1.0,0.0,0.25,1.0,0.6528,0,0.2989
S043,U043,R039,椰奶拿铁,-0.734,0.133,0.0,0.0,0.0,1.0,0.0,0.25,1.0,0.8806,0,0.3031
S043,U043,R040,杏仁奶拿铁,-0.7419,0.1291,0.0,0.0,0.0,1.0,0.0,0.25,1.0,0.9941,0,0.3074
S043,U043,R041,拿铁（低咖啡因）,-0.7329,0.1335,0.0,0.0,0.0,1.0,0.0,0.25,1.0,0.8327,0,0.3009
S043,U043,R042,燕麦奶拿铁（低咖啡因）,-0.7329,0.1335,0.0,0.0,0.0,1.0,0.0,0.25,1.0,0.5415,0,0.2863
S043,U043,R043,椰奶拿铁（低咖啡因）,-0.7245,0.1377,0.0,0.0,0.0,1.0,0.0,0.25,1.0,0.7788,0,0.2996
S043,U043,R044,杏仁奶拿铁（低咖啡因）,-0.7368,0.1316,0.0,0.0,0.0,1.0,0.0,0.25,1.0,0.5448,0,0.2858
S043,U043,R045,卡布奇诺,-0.7384,0.1308,0.0,0.0,0.0,1.0,0.0,0.25,1.0,0.8862,0,0.3026
S043,U043,R046,卡布奇诺（低咖啡因）,-0.739,0.1305,0.0,0.0,0.0,1.0,0.0,0.25,1.0,0.9895,0,0.3077
S043,U043,R047,西班牙拿铁,-0.7344,0.1328,0.0,0.0,0.0,1.0,0.0,0.25,1.0,0.5258,0,0.2853
S043,U043,R048,西班牙拿铁（低咖啡因）,-0.737,0.1315,0.0,0.0,0.0,1.0,0.0,0.25,1.0,0.9246,0,0.3048
S043,U043,R049,摩卡,-0.7306,0.1347,0.0,0.0,0.0,1.0,0.0,0.25,1.0,0.6382,0,0.2916
S043,U043,R050,燕麦奶摩卡,-0.734,0.133,0.0,0.0,0.0,1.0,0.0,0.25,1.0,0.5601,0,0.2871
S043,U043,R051,椰奶摩卡,-0.7346,0.1327,0.0,0.0,0.0,1.0,0.0,0.25,1.0,0.8241,0,0.3001
S043,U043,R052,杏仁奶摩卡,-0.7356,0.1322,0.0,0.0,0.0,1.0,0.0,0.25,1.0,0.5814,0,0.2878
S043,U043,R053,摩卡（低咖啡因）,-0.7278,0.1361,0.0,0.0,0.0,1.0,0.0,0.25,1.0,0.6642,0,0.2933
S043,U043,R054,燕麦奶摩卡（低咖啡因）,-0.729,0.1355,0.0,0.0,0.0,1.0,0.0,0.25,1.0,0.669,0,0.2934
S043,U043,R055,椰奶摩卡（低咖啡因）,-0.7301,0.135,0.0,0.0,0.0,1.0,0.0,0.25,1.0,0.659,0,0.2927
S043,U043,R056,杏仁奶摩卡（低咖啡因）,-0.7246,0.1377,0.0,0.0,0.0,1.0,0.0,0.25,1.0,0.7466,0,0.298
S043,U043,R057,dirty,-0.7333,0.1333,0.0,0.0,0.0,1.0,0.0,0.25,0.7,0.7039,0,0.2644
S043,U043,R058,燕麦奶dirty,-0.73,0.135,0.0,0.0,0.0,1.0,0.0,0.25,0.7,0.9602,0,0.2778
S043,U043,R059,椰奶dirty,-0.7355,0.1322,0.0,0.0,0.0,1.0,0.0,0.25,0.7,0.642,0,0.2609
S043,U043,R060,杏仁奶dirty,-0.733,0.1335,0.0,0.0,0.0,1.0,0.0,0.25,0.7,0.6143,0,0.2599
S043,U043,R061,dirty（低咖啡因）,-0.7273,0.1364,0.0,0.0,0.0,1.0,0.0,0.25,0.7,0.9677,0,0.2786
S043,U043,R062,燕麦奶dirty（低咖啡因）,-0.7271,0.1364,0.0,0.0,0.0,1.0,0.0,0.25,0.7,0.5831,0,0.2594
S043,U043,R063,椰奶dirty（低咖啡因）,-0.7263,0.1368,0.0,0.0,0.0,1.0,0.0,0.25,0.7,0.7818,0,0.2695
S043,U043,R064,杏仁奶dirty（低咖啡因）,-0.7272,0.1364,0.0,0.0,0.0,1.0,0.0,0.25,0.7,0.8083,0,0.2707
S043,U043,R065,热可可,-0.4908,0.2546,0.0,0.0,0.0,1.0,0.0,0.25,1.0,0.6109,0,0.3322
S043,U043,R066,燕麦奶热可可,-0.3956,0.3022,0.0,0.0,0.0,1.0,0.0,0.25,1.0,0.5884,0,0.3477
S043,U043,R067,杏仁奶热可可,-0.4129,0.2936,0.0,0.0,0.0,1.0,0.0,0.25,1.0,0.7787,0,0.3542
S043,U043,R068,玫瑰椰椰烤奶,-0.6105,0.1947,0.0,0.0,0.0,1.0,0.0,0.25,1.0,0.5353,0,0.3074
S043,U043,R069,玫瑰菊花茶,-0.3947,0.3026,0.0609,0.0,0.0,1.0,0.0,0.2683,1.0,0.7159,0,0.3625
S043,U043,R070,玫瑰陈皮茶,-0.5003,0.2498,0.0599,0.0,0.0,1.0,0.0,0.268,1.0,0.9999,0,0.358
S043,U043,R071,金银花菊花茶,-0.429,0.2855,0.0619,0.0,0.0,1.0,0.0,0.2686,1.0,0.6522,0,0.3534
S043,U043,R072,菊花柠檬茶,-0.0481,0.476,0.093,0.0,0.0556,1.0,0.0,0.2862,1.0,0.9839,1,0.4946
S043,U043,R073,薰衣草柠檬茶,-0.0699,0.465,0.0927,0.0,0.0556,1.0,0.0,0.2862,1.0,0.5474,1,0.4689
S043,U043,R074,百花茶,-0.5605,0.2198,0.0595,0.0,0.0,1.0,0.0,0.2678,1.0,0.7992,0,0.3374
S043,U043,R075,洛神花玫瑰茶,-0.6025,0.1987,0.0595,0.0,0.0,1.0,0.0,0.2678,1.0,0.5572,0,0.3179
S043,U043,R076,洛神花苹果茶,-0.6224,0.1888,0.0587,0.0,0.0,1.0,0.0,0.2676,1.0,0.7468,0,0.3238
S043,U043,R077,金银花荷叶茶,-0.6957,0.1521,0.0575,0.0,0.0,1.0,0.0,0.2672,1.0,0.5011,0,0.2985
S043,U043,R078,百合玫瑰茶,-0.3347,0.3326,0.05,0.0,0.0,1.0,0.0,0.265,1.0,0.828,0,0.3771
S043,U043,R079,陈皮苹果茶,-0.6274,0.1863,0.0591,0.0,0.0,1.0,0.0,0.2677,1.0,0.5722,0,0.3143
S044,U044,R001,薄荷柠檬气泡茶,-0.5927,0.2037,0.0607,0.0,0.0,1.0,0.0,0.2682,0.7,0.5637,0,0.2902
S044,U044,R002,蜂蜜柠檬茶,-0.4168,0.2916,0.1404,0.0,0.0,1.0,0.0,0.2921,0.7,0.891,0,0.3481
S044,U044,R003,葡萄柠檬茉莉花茶,-0.4315,0.2843,0.1224,0.0,0.0,1.0,0.0,0.2867,0.7,0.5054,0,0.3238
S044,U044,R004,青柠桂花蜜乌龙,-0.5289,0.2355,0.1378,0.0,0.0,1.0,0.0,0.2913,0.7,0.7267,0,0.3199
S044,U044,R005,百香果乳酸绿茶,-0.4757,0.2622,0.1056,0.0,0.0,1.0,0.0,0.2817,0.7,0.812,0,0.3291
S044,U044,R006,百香果美式,-0.6062,0.1969,0.1166,0.0,0.0,1.0,0.0,0.285,0.7,0.8222,0,0.3083
S044,U044,R007,百香果美式（低咖啡因）,-0.4726,0.2637,0.1076,0.0,0.05,1.0,0.0,0.2898,0.7,0.8922,0,0.3373
S044,U044,R008,杨枝甘露,-0.3662,0.3169,0.1239,0.0,0.0,1.0,0.0,0.2872,0.3,0.5336,0,0.0
S044,U044,R009,鲜橙绿茶,-0.6619,0.1691,0.1173,0.0,0.0,1.0,0.0,0.2852,0.7,0.9172,0,0.3034
S044,U044,R010,橙C美式,-0.6137,0.1932,0.1262,0.0,0.0,1.0,0.0,0.2879,0.7,0.8886,0,0.3116
S044,U044,R011,橙C美式（低咖啡因）,-0.4246,0.2877,0.1158,0.0,0.0556,1.0,0.0,0.2931,0.7,0.9771,0,0.3514
S044,U044,R012,鲜橙养乐多,-0.3622,0.3189,0.1129,0.0,0.0,1.0,0.0,0.2839,0.7,0.9527,0,0.357
S044,U044,R013,草莓奶昔,-0.2921,0.354,0.1175,0.0,0.0,1.0,0.0,0.2852,0.7,0.7623,0,0.0
S044,U044,R014,蓝莓奶昔,-0.2708,0.3646,0.1177,0.0,0.0,1.0,0.0,0.2853,0.7,0.9451,0,0.0
S044,U044,R015,桃桃乌龙,-0.3868,0.3066,0.1211,0.0,0.0,1.0,0.0,0.2863,0.7,0.5328,0,0.3328
S044,U044,R016,芒果奶昔,-0.29,0.355,0.1172,0.0,0.0,1.0,0.0,0.2852,0.7,0.897,0,0.0
S044,U044,R017,柠迭莓萝气泡水,-0.4754,0.2623,0.0593,0.0,0.0,1.0,0.0,0.2678,0.3,0.9215,0,0.2884
S044,U044,R018,茉莉苹果奶绿,-0.3956,0.3022,0.1377,0.0,0.0,1.0,0.0,0.2913,0.7,0.9944,0,0.0
S044,U044,R019,荔枝白茶,-0.3747,0.3126,0.1211,0.0,0.0,1.0,0.0,0.2863,0.7,0.8905,0,0.3528
S044,U044,R020,超级吨吨桶,-0.611,0.1945,0.1009,0.0,0.0,1.0,0.0,0.2803,0.3,0.9942,0,0.2739
S044,U044,R021,芝士奶盖铁观音,-0.1768,0.4116,0.12,0.0,0.0,0.65,0.0,0.1985,0.7,0.6214,0,0.0
S044,U044,R022,抹茶椰青美式,-0.4741,0.2629,0.1266,0.0,0.0,1.0,0.0,0.288,1.0,0.9373,0,0.3685
S044,U044,R023,草莓抹茶椰,-0.4283,0.2859,0.1284,0.0,0.0,1.0,0.0,0.2885,0.7,0.5475,0,0.3273
S044,U044,R024,柠檬草薄荷气泡水,-0.4847,0.2576,0.0587,0.0,0.0,1.0,0.0,0.2676,0.7,0.9656,0,0.3289
S044,U044,R025,蝶豆花柠檬气泡水,-0.4713,0.2644,0.0578,0.0,0.0,1.0,0.0,0.2673,0.3,0.7965,0,0.2826
S044,U044,R026,泰式奶红,-0.2003,0.3999,0.1338,0.0,0.0,1.0,0.0,0.2902,1.0,0.5707,0,0.0
S044,U044,R027,泰式奶绿,-0.2391,0.3805,0.1404,0.0,0.0,1.0,0.0,0.2921,1.0,0.9083,0,0.0
S044,U044,R028,冰橙伯爵鸳鸯茶,-0.5942,0.2029,0.1262,0.0,0.0,1.0,0.0,0.2879,1.0,0.945,0,0.3478
S044,U044,R029,伯爵红茶奶茶,-0.3413,0.3293,0.2474,0.0,0.0625,1.0,0.0,0.3336,1.0,0.771,0,0.0
S044,U044,R030,焙茶豆乳,0.0302,0.5151,0.2635,0.0,0.0625,1.0,0.0,0.3384,1.0,0.6798,1,0.5166
S044,U044,R031,抹茶豆乳,-0.1451,0.4275,0.2611,0.0,0.0625,1.0,0.0,0.3377,1.0,0.5612,1,0.4796
S044,U044,R032,抹茶拿铁,-0.6087,0.1957,0.2529,0.0,0.0625,1.0,0.0,0.3352,1.0,0.5231,0,0.0
S044,U044,R033,燕麦奶抹茶拿铁,-0.1806,0.4097,0.26,0.0,0.0625,1.0,0.0,0.3374,1.0,0.7491,1,0.4827
S044,U044,R034,椰奶抹茶拿铁,-0.5918,0.2041,0.2529,0.0,0.0625,1.0,0.0,0.3352,1.0,0.8574,0,0.3652
S044,U044,R035,杏仁奶抹茶拿铁,-0.6124,0.1938,0.25,0.0,0.0625,1.0,0.0,0.3344,1.0,0.9858,0,0.3676
S044,U044,R036,港式鸳鸯,-0.6167,0.1916,0.2035,0.0,0.0556,1.0,0.0,0.3194,1.0,0.9986,0,0.0
S044,U044,R037,拿铁,-0.6048,0.1976,0.25,0.0,0.0625,1.0,0.0,0.3344,1.0,0.8612,0,0.0
S044,U044,R038,燕麦奶拿铁,-0.2237,0.3882,0.2675,0.0,0.0625,1.0,0.0,0.3396,1.0,0.6401,1,0.4707
S044,U044,R039,椰奶拿铁,-0.6091,0.1954,0.2569,0.0,0.0625,1.0,0.0,0.3364,1.0,0.7199,0,0.3558
S044,U044,R040,杏仁奶拿铁,-0.6058,0.1971,0.2579,0.0,0.0625,1.0,0.0,0.3367,1.0,0.8934,0,0.3652
S044,U044,R041,拿铁（低咖啡因）,-0.6202,0.1899,0.1317,0.0,0.0625,1.0,0.0,0.2989,1.0,0.7707,0,0.0
S044,U044,R042,燕麦奶拿铁（低咖啡因）,-0.6112,0.1944,0.1529,0.0,0.0625,1.0,0.0,0.3052,1.0,0.8552,0,0.3481
S044,U044,R043,椰奶拿铁（低咖啡因）,-0.6257,0.1871,0.14,0.0,0.0625,1.0,0.0,0.3014,1.0,0.9216,0,0.3472
S044,U044,R044,杏仁奶拿铁（低咖啡因）,-0.6094,0.1953,0.1423,0.0,0.0625,1.0,0.0,0.3021,1.0,0.651,0,0.3368
S044,U044,R045,卡布奇诺,-0.61,0.195,0.2451,0.0,0.0625,0.65,0.0,0.2454,1.0,0.5092,0,0.0
S044,U044,R046,卡布奇诺（低咖啡因）,-0.6162,0.1919,0.1284,0.0,0.0625,0.65,0.0,0.2104,1.0,0.8353,0,0.0
S044,U044,R047,西班牙拿铁,-0.6167,0.1917,0.2053,0.0,0.0556,0.65,0.0,0.2324,1.0,0.9273,0,0.0
S044,U044,R048,西班牙拿铁（低咖啡因）,-0.6214,0.1893,0.1844,0.0,0.0625,1.0,0.0,0.3147,1.0,0.6041,0,0.0
S044,U044,R049,摩卡,-0.6156,0.1922,0.1944,0.0,0.05,1.0,0.0,0.3158,1.0,0.9824,0,0.0
S044,U044,R050,燕麦奶摩卡,-0.6054,0.1973,0.2092,0.0,0.05,1.0,0.0,0.3203,1.0,0.7521,0,0.3508
S044,U044,R051,椰奶摩卡,-0.6262,0.1869,0.2324,0.0,0.0556,1.0,0.0,0.328,1.0,0.7317,0,0.3496
S044,U044,R052,杏仁奶摩卡,-0.6206,0.1897,0.2316,0.0,0.0556,1.0,0.0,0.3278,1.0,0.8011,0,0.354
S044,U044,R053,摩卡（低咖啡因）,-0.6261,0.187,0.1867,0.0,0.0625,1.0,0.0,0.3154,1.0,0.812,0,0.0
S044,U044,R054,燕麦奶摩卡（低咖啡因）,-0.6221,0.1889,0.2041,0.0,0.0625,1.0,0.0,0.3206,1.0,0.7109,0,0.3459
S044,U044,R055,椰奶摩卡（低咖啡因）,-0.6334,0.1833,0.1944,0.0,0.0625,1.0,0.0,0.3177,1.0,0.7527,0,0.3448
S044,U044,R056,杏仁奶摩卡（低咖啡因）,-0.6262,0.1869,0.1951,0.0,0.0625,1.0,0.0,0.3179,1.0,0.5188,0,0.3344
S044,U044,R057,dirty,-0.6219,0.1891,0.2244,0.0,0.0556,1.0,0.0,0.3256,0.7,0.9332,0,0.0
S044,U044,R058,燕麦奶dirty,-0.5891,0.2055,0.2402,0.0,0.0556,1.0,0.0,0.3304,0.7,0.7658,0,0.3289
S044,U044,R059,椰奶dirty,-0.6194,0.1903,0.2316,0.0,0.0556,1.0,0.0,0.3278,0.7,0.9491,0,0.3316
S044,U044,R060,杏仁奶dirty,-0.6148,0.1926,0.2316,0.0,0.0556,1.0,0.0,0.3278,0.7,0.608,0,0.3153
S044,U044,R061,dirty（低咖啡因）,-0.6192,0.1904,0.1867,0.0,0.0625,1.0,0.0,0.3154,0.7,0.7717,0,0.0
S044,U044,R062,燕麦奶dirty（低咖啡因）,-0.6216,0.1892,0.205,0.0,0.0625,1.0,0.0,0.3209,0.7,0.6238,0,0.3118
S044,U044,R063,椰奶dirty（低咖啡因）,-0.6253,0.1874,0.1944,0.0,0.0625,1.0,0.0,0.3177,0.7,0.8764,0,0.3224
S044,U044,R064,杏仁奶dirty（低咖啡因）,-0.6192,0.1904,0.1958,0.0,0.0625,1.0,0.0,0.3181,0.7,0.5232,0,0.306
S044,U044,R065,热可可,-0.2822,0.3589,0.2385,0.0,0.0625,1.0,0.0,0.3309,1.0,0.8851,0,0.0
S044,U044,R066,燕麦奶热可可,-0.1222,0.4389,0.2555,0.0,0.0625,1.0,0.0,0.336,1.0,0.8562,0,0.4476
S044,U044,R067,杏仁奶热可可,-0.1677,0.4161,0.2447,0.0,0.0625,1.0,0.0,0.3328,1.0,0.9083,0,0.4408
S044,U044,R068,玫瑰椰椰烤奶,0.0588,0.5294,0.2687,0.0,0.0714,1.0,0.0,0.3413,1.0,0.6014,1,0.5189
S044,U044,R069,玫瑰菊花茶,-0.2319,0.3841,0.2202,0.0,0.0556,1.0,0.0,0.3244,1.0,0.6846,0,0.4146
S044,U044,R070,玫瑰陈皮茶,-0.7538,0.1231,0.2173,0.0,0.0556,1.0,0.0,0.3235,1.0,0.7114,0,0.3242
S044,U044,R071,金银花菊花茶,-0.2695,0.3652,0.2233,0.0,0.0556,1.0,0.0,0.3253,1.0,0.8347,0,0.4159
S044,U044,R072,菊花柠檬茶,-0.5878,0.2061,0.2041,0.0,0.0556,1.0,0.0,0.3196,1.0,0.9066,0,0.3613
S044,U044,R073,薰衣草柠檬茶,-0.6045,0.1977,0.2032,0.0,0.0556,1.0,0.0,0.3193,1.0,0.6779,0,0.3468
S044,U044,R074,百花茶,-0.6107,0.1947,0.216,0.0,0.0556,1.0,0.0,0.3231,1.0,0.6372,0,0.3454
S044,U044,R075,洛神花玫瑰茶,-0.6593,0.1703,0.216,0.0,0.0556,1.0,0.0,0.3231,1.0,0.6731,0,0.3387
S044,U044,R076,洛神花苹果茶,-0.8098,0.0951,0.2135,0.0,0.0556,1.0,0.0,0.3224,1.0,0.6269,0,0.3097
S044,U044,R077,金银花荷叶茶,-0.5198,0.2401,0.21,0.0,0.0556,1.0,0.0,0.3213,1.0,0.7424,0,0.3657
S044,U044,R078,百合玫瑰茶,-0.1371,0.4314,0.225,0.0,0.0556,1.0,0.0,0.3258,1.0,0.5927,0,0.4272
S044,U044,R079,陈皮苹果茶,-0.6616,0.1692,0.2147,0.0,0.0556,1.0,0.0,0.3227,1.0,0.8742,0,0.3481
S045,U045,R001,薄荷柠檬气泡茶,-0.7565,0.1217,0.0685,0.0,0.0,0.65,0.0,0.183,0.7,0.9157,0,0.0
S045,U045,R002,蜂蜜柠檬茶,-0.6261,0.187,0.1066,0.0,0.25,1.0,0.0,0.3195,0.7,0.6359,0,0.311
S045,U045,R003,葡萄柠檬茉莉花茶,-0.5138,0.2431,0.0774,0.0,0.0,1.0,0.0,0.2732,0.7,0.711,0,0.3136
S045,U045,R004,青柠桂花蜜乌龙,-0.632,0.184,0.0769,0.0,0.0,1.0,0.0,0.2731,0.7,0.531,0,0.2838
S045,U045,R005,百香果乳酸绿茶,-0.6758,0.1621,0.0528,0.0,0.0,1.0,0.0,0.2658,0.7,0.7438,0,0.2835
S045,U045,R006,百香果美式,-0.7758,0.1121,0.0089,0.0,0.0,0.65,0.0,0.1652,0.7,0.8412,0,0.0
S045,U045,R007,百香果美式（低咖啡因）,-0.8041,0.098,0.1162,0.0,0.05,0.65,0.0,0.2049,0.7,0.659,0,0.0
S045,U045,R008,杨枝甘露,-0.597,0.2015,0.1159,0.0,0.0625,1.0,0.0,0.2942,0.3,0.8717,0,0.2765
S045,U045,R009,鲜橙绿茶,-0.7527,0.1236,0.0587,0.0,0.0,1.0,0.0,0.2676,0.7,0.5474,0,0.2611
S045,U045,R010,橙C美式,-0.7623,0.1188,0.0087,0.0,0.0,0.65,0.0,0.1651,0.7,0.9812,0,0.0
S045,U045,R011,橙C美式（低咖啡因）,-0.756,0.122,0.1244,0.0,0.0556,0.65,0.0,0.2081,0.7,0.7844,0,0.0
S045,U045,R012,鲜橙养乐多,-0.6357,0.1822,0.1694,0.0,0.0625,1.0,0.0,0.3102,0.7,0.7402,0,0.3104
S045,U045,R013,草莓奶昔,-0.5219,0.2391,0.1262,0.0,0.0714,1.0,0.0,0.2986,0.7,0.6902,0,0.3225
S045,U045,R014,蓝莓奶昔,-0.5297,0.2352,0.1266,0.0,0.0625,1.0,0.0,0.2974,0.7,0.8561,0,0.3289
S045,U045,R015,桃桃乌龙,-0.559,0.2205,0.0554,0.0,0.0,1.0,0.0,0.2666,0.7,0.9352,0,0.3139
S045,U045,R016,芒果奶昔,-0.5245,0.2377,0.1258,0.0,0.0625,1.0,0.0,0.2971,0.7,0.9789,0,0.3359
S045,U045,R017,柠迭莓萝气泡水,-0.6401,0.18,0.0736,0.0,0.0,0.65,0.0,0.1846,0.3,0.7856,0,0.0
S045,U045,R018,茉莉苹果奶绿,-0.5978,0.2011,0.0726,0.0,0.0,1.0,0.0,0.2718,0.7,0.7245,0,0.2989
S045,U045,R019,荔枝白茶,-0.5491,0.2254,0.0554,0.0,0.0,1.0,0.0,0.2666,0.7,0.6182,0,0.2998
S045,U045,R020,超级吨吨桶,-0.7673,0.1163,0.0634,0.0,0.0,1.0,0.0,0.269,0.3,0.701,0,0.2268
S045,U045,R021,芝士奶盖铁观音,-0.5386,0.2307,0.0,0.0,0.0,1.0,0.0,0.25,0.7,0.7467,0,0.3006
S045,U045,R022,抹茶椰青美式,-0.8212,0.0894,0.0089,0.0,0.0,0.65,0.0,0.1652,1.0,0.8866,0,0.0
S045,U045,R023,草莓抹茶椰,-0.8426,0.0787,0.0,0.0,0.0,0.65,0.0,0.1625,0.7,0.5392,0,0.0
S045,U045,R024,柠檬草薄荷气泡水,-0.6832,0.1584,0.0764,0.0,0.0,0.65,0.0,0.1854,0.7,0.7946,0,0.0
S045,U045,R025,蝶豆花柠檬气泡水,-0.6927,0.1536,0.0748,0.0,0.0,0.65,0.0,0.1849,0.3,0.7319,0,0.0
S045,U045,R026,泰式奶红,-0.5076,0.2462,0.0754,0.0,0.0,1.0,0.0,0.2726,1.0,0.9477,0,0.3562
S045,U045,R027,泰式奶绿,-0.5269,0.2366,0.0743,0.0,0.0,1.0,0.0,0.2723,1.0,0.5232,0,0.3315
S045,U045,R028,冰橙伯爵鸳鸯茶,-0.7743,0.1129,0.0175,0.0,0.0,0.65,0.0,0.1677,1.0,0.5964,0,0.0
S045,U045,R029,伯爵红茶奶茶,-0.5339,0.2331,0.0879,0.0,0.25,1.0,0.0,0.3139,1.0,0.7962,0,0.3626
S045,U045,R030,焙茶豆乳,-0.4559,0.272,0.0817,0.0,0.25,1.0,0.0,0.312,1.0,0.9478,0,0.383
S045,U045,R031,抹茶豆乳,-0.6814,0.1593,0.0204,0.0,0.25,0.65,0.0,0.2061,1.0,0.7901,0,0.0
S045,U045,R032,抹茶拿铁,-0.7605,0.1197,0.0212,0.0,0.25,0.65,0.0,0.2063,1.0,0.6441,0,0.0
S045,U045,R033,燕麦奶抹茶拿铁,-0.6726,0.1637,0.01,0.0,0.25,0.65,0.0,0.203,1.0,0.8494,0,0.0
S045,U045,R034,椰奶抹茶拿铁,-0.7506,0.1247,0.0106,0.0,0.25,0.65,0.0,0.2032,1.0,0.5549,0,0.0
S045,U045,R035,杏仁奶抹茶拿铁,-0.7639,0.1181,0.01,0.0,0.25,0.65,0.0,0.203,1.0,0.9707,0,0.0
S045,U045,R036,港式鸳鸯,-0.7698,0.1151,0.0239,0.0,0.25,0.65,0.0,0.2072,1.0,0.6318,0,0.0
S045,U045,R037,拿铁,-0.7675,0.1163,0.02,0.0,0.25,0.65,0.0,0.206,1.0,0.8481,0,0.0
S045,U045,R038,燕麦奶拿铁,-0.6888,0.1556,0.0193,0.0,0.25,0.65,0.0,0.2058,1.0,0.7164,0,0.0
S045,U045,R039,椰奶拿铁,-0.7659,0.117,0.019,0.0,0.25,0.65,0.0,0.2057,1.0,0.5526,0,0.0
S045,U045,R040,杏仁奶拿铁,-0.7626,0.1187,0.0193,0.0,0.25,0.65,0.0,0.2058,1.0,0.9199,0,0.0
S045,U045,R041,拿铁（低咖啡因）,-0.7725,0.1137,0.0317,0.125,0.25,0.65,0.0,0.2345,1.0,0.6822,0,0.0
S045,U045,R042,燕麦奶拿铁（低咖啡因）,-0.762,0.119,0.0317,0.125,0.25,0.65,0.0,0.2345,1.0,0.564,0,0.0
S045,U045,R043,椰奶拿铁（低咖啡因）,-0.7772,0.1114,0.03,0.1111,0.25,0.65,0.0,0.2312,1.0,0.8099,0,0.0
S045,U045,R044,杏仁奶拿铁（低咖啡因）,-0.7716,0.1142,0.0317,0.125,0.25,0.65,0.0,0.2345,1.0,0.5604,0,0.0
S045,U045,R045,卡布奇诺,-0.7715,0.1143,0.018,0.0,0.25,0.65,0.0,0.2054,1.0,0.9717,0,0.0
S045,U045,R046,卡布奇诺（低咖啡因）,-0.7752,0.1124,0.0284,0.1111,0.25,0.65,0.0,0.2308,1.0,0.5853,0,0.0
S045,U045,R047,西班牙拿铁,-0.7687,0.1157,0.0167,0.0,0.25,0.65,0.0,0.205,1.0,0.9245,0,0.0
S045,U045,R048,西班牙拿铁（低咖啡因）,-0.77,0.115,0.0258,0.1111,0.25,0.65,0.0,0.23,1.0,0.8857,0,0.0
S045,U045,R049,摩卡,-0.7714,0.1143,0.0177,0.0,0.25,0.65,0.0,0.2053,1.0,0.6692,0,0.0
S045,U045,R050,燕麦奶摩卡,-0.7672,0.1164,0.0169,0.0,0.25,0.65,0.0,0.2051,1.0,0.9455,0,0.0
S045,U045,R051,椰奶摩卡,-0.7663,0.1168,0.0175,0.0,0.25,0.65,0.0,0.2052,1.0,0.8439,0,0.0
S045,U045,R052,杏仁奶摩卡,-0.7695,0.1153,0.0172,0.0,0.25,0.65,0.0,0.2052,1.0,0.6657,0,0.0
S045,U045,R053,摩卡（低咖啡因）,-0.772,0.114,0.0275,0.125,0.25,0.65,0.0,0.2333,1.0,0.5708,0,0.0
S045,U045,R054,燕麦奶摩卡（低咖啡因）,-0.7661,0.117,0.027,0.125,0.25,0.65,0.0,0.2331,1.0,0.875,0,0.0
S045,U045,R055,椰奶摩卡（低咖啡因）,-0.7743,0.1128,0.0266,0.1111,0.25,0.65,0.0,0.2302,1.0,0.6984,0,0.0
S045,U045,R056,杏仁奶摩卡（低咖啡因）,-0.7714,0.1143,0.027,0.125,0.25,0.65,0.0,0.2331,1.0,0.8167,0,0.0
S045,U045,R057,dirty,-0.7697,0.1152,0.0177,0.0,0.25,0.65,0.0,0.2053,0.7,0.8882,0,0.0
S045,U045,R058,燕麦奶dirty,-0.7665,0.1167,0.0172,0.0,0.25,0.65,0.0,0.2052,0.7,0.6947,0,0.0
S045,U045,R059,椰奶dirty,-0.7658,0.1171,0.0172,0.0,0.25,0.65,0.0,0.2052,0.7,0.6572,0,0.0
S045,U045,R060,杏仁奶dirty,-0.772,0.114,0.0172,0.0,0.25,0.65,0.0,0.2052,0.7,0.7428,0,0.0
S045,U045,R061,dirty（低咖啡因）,-0.774,0.113,0.0275,0.1111,0.25,0.65,0.0,0.2305,0.7,0.6523,0,0.0
S045,U045,R062,燕麦奶dirty（低咖啡因）,-0.7707,0.1146,0.0275,0.1111,0.25,0.65,0.0,0.2305,0.7,0.9115,0,0.0
S045,U045,R063,椰奶dirty（低咖啡因）,-0.7724,0.1138,0.0266,0.1,0.25,0.65,0.0,0.228,0.7,0.6972,0,0.0
S045,U045,R064,杏仁奶dirty（低咖啡因）,-0.773,0.1135,0.0275,0.1111,0.25,0.65,0.0,0.2305,0.7,0.5453,0,0.0
S045,U045,R065,热可可,-0.5388,0.2306,0.1368,0.2,0.5625,1.0,0.0,0.4154,1.0,0.5458,0,0.3949
S045,U045,R066,燕麦奶热可可,-0.3896,0.3052,0.1331,0.2,0.5625,1.0,0.0,0.4143,1.0,0.9405,0,0.4403
S045,U045,R067,杏仁奶热可可,-0.432,0.284,0.1331,0.2,0.5625,1.0,0.0,0.4143,1.0,0.9687,0,0.4343
S045,U045,R068,玫瑰椰椰烤奶,-0.5247,0.2377,0.1016,0.125,0.5,1.0,0.0,0.3805,1.0,0.9877,0,0.4038
S045,U045,R069,玫瑰菊花茶,0.4006,0.7003,0.1944,0.25,0.5556,1.0,0.0,0.4417,1.0,0.9487,1,0.6413
S045,U045,R070,玫瑰陈皮茶,-0.1249,0.4376,0.1911,0.1667,0.5556,1.0,0.0,0.424,1.0,0.7035,0,0.4791
S045,U045,R071,金银花菊花茶,0.3854,0.6927,0.1981,0.2,0.5556,1.0,0.0,0.4328,1.0,0.7067,1,0.6225
S045,U045,R072,菊花柠檬茶,-0.6693,0.1654,0.1756,0.1429,0.5556,1.0,0.0,0.4146,1.0,0.5806,0,0.3735
S045,U045,R073,薰衣草柠檬茶,-0.6608,0.1696,0.1746,0.125,0.5556,1.0,0.0,0.4107,1.0,0.9465,0,0.3915
S045,U045,R074,百花茶,0.0823,0.5411,0.1895,0.2,0.5556,1.0,0.0,0.4302,1.0,0.5366,1,0.5598
S045,U045,R075,洛神花玫瑰茶,-0.09,0.455,0.1785,0.2,0.5556,1.0,0.0,0.4269,1.0,0.743,0,0.4885
S045,U045,R076,洛神花苹果茶,-0.5491,0.2254,0.176,0.1667,0.5556,1.0,0.0,0.4195,1.0,0.9046,0,0.4129
S045,U045,R077,金银花荷叶茶,-0.118,0.441,0.1825,0.2,0.5556,1.0,0.0,0.4281,1.0,0.7708,1,0.5355
S045,U045,R078,百合玫瑰茶,0.4476,0.7238,0.2,0.25,0.5556,1.0,0.0,0.4433,1.0,0.9315,1,0.6494
S045,U045,R079,陈皮苹果茶,-0.7724,0.1138,0.188,0.1667,0.5556,1.0,0.0,0.4231,1.0,0.5872,0,0.3596
S046,U046,R001,薄荷柠檬气泡茶,-0.7422,0.1289,0.0685,0.0,0.0,1.0,0.0,0.2705,0.7,0.8774,0,0.2807
S046,U046,R002,蜂蜜柠檬茶,-0.4254,0.2873,0.0774,0.0,0.0,1.0,0.0,0.2732,0.7,0.7548,0,0.3312
S046,U046,R003,葡萄柠檬茉莉花茶,-0.6271,0.1865,0.0774,0.0,0.0,1.0,0.0,0.2732,0.7,0.6647,0,0.2914
S046,U046,R004,青柠桂花蜜乌龙,-0.5542,0.2229,0.0689,0.0,0.0,1.0,0.0,0.2707,0.7,0.7388,0,0.3068
S046,U046,R005,百香果乳酸绿茶,-0.5406,0.2297,0.0979,0.0,0.0556,1.0,0.0,0.2877,0.7,0.7725,0,0.3185
S046,U046,R006,百香果美式,-0.7189,0.1405,0.0805,0.0,0.0,1.0,0.0,0.2741,0.7,0.9294,0,0.289
S046,U046,R007,百香果美式（低咖啡因）,-0.1969,0.4016,0.1657,0.0,0.05,1.0,0.0,0.3072,0.7,0.6925,1,0.4334
S046,U046,R008,杨枝甘露,-0.2865,0.3567,0.2278,0.0,0.0625,1.0,0.0,0.3277,0.3,0.5756,0,0.0
S046,U046,R009,鲜橙绿茶,-0.7081,0.1459,0.0675,0.0,0.0,1.0,0.0,0.2703,0.7,0.7365,0,0.2795
S046,U046,R010,橙C美式,-0.7292,0.1354,0.0799,0.0,0.0,1.0,0.0,0.274,0.7,0.7798,0,0.2797
S046,U046,R011,橙C美式（低咖啡因）,-0.1752,0.4124,0.178,0.0,0.0556,1.0,0.0,0.3117,0.7,0.6599,1,0.4376
S046,U046,R012,鲜橙养乐多,-0.0103,0.4948,0.2258,0.0,0.0625,1.0,0.0,0.3271,0.7,0.7386,1,0.4773
S046,U046,R013,草莓奶昔,-0.1771,0.4115,0.2237,0.0,0.0714,1.0,0.0,0.3278,0.7,0.5416,0,0.0
S046,U046,R014,蓝莓奶昔,-0.1326,0.4337,0.2244,0.0,0.0625,1.0,0.0,0.3267,0.7,0.8053,0,0.0
S046,U046,R015,桃桃乌龙,-0.4455,0.2772,0.0761,0.0,0.0,1.0,0.0,0.2728,0.7,0.5005,0,0.3148
S046,U046,R016,芒果奶昔,-0.1862,0.4069,0.223,0.0,0.0625,1.0,0.0,0.3263,0.7,0.9903,0,0.0
S046,U046,R017,柠迭莓萝气泡水,-0.5234,0.2383,0.0736,0.0,0.0,1.0,0.0,0.2721,0.3,0.5038,0,0.261
S046,U046,R018,茉莉苹果奶绿,-0.6145,0.1928,0.0676,0.0,0.0,1.0,0.0,0.2703,0.7,0.5136,0,0.0
S046,U046,R019,荔枝白茶,-0.4879,0.256,0.0761,0.0,0.0,1.0,0.0,0.2728,0.7,0.7603,0,0.3204
S046,U046,R020,超级吨吨桶,-0.7296,0.1352,0.1449,0.0,0.0556,1.0,0.0,0.3018,0.3,0.9489,0,0.2606
S046,U046,R021,芝士奶盖铁观音,-0.6487,0.1757,0.075,0.0,0.0,0.65,0.0,0.185,0.7,0.8968,0,0.0
S046,U046,R022,抹茶椰青美式,-0.7273,0.1364,0.0805,0.0,0.0,1.0,0.0,0.2741,1.0,0.6084,0,0.3015
S046,U046,R023,草莓抹茶椰,-0.5514,0.2243,0.0734,0.0,0.0,1.0,0.0,0.272,0.7,0.5854,0,0.3002
S046,U046,R024,柠檬草薄荷气泡水,-0.5553,0.2223,0.0764,0.0,0.0,1.0,0.0,0.2729,0.7,0.7652,0,0.3089
S046,U046,R025,蝶豆花柠檬气泡水,-0.5463,0.2268,0.0832,0.0,0.0,1.0,0.0,0.275,0.3,0.9044,0,0.2784
S046,U046,R026,泰式奶红,-0.73,0.135,0.0704,0.0,0.0,1.0,0.0,0.2711,1.0,0.8955,0,0.0
S046,U046,R027,泰式奶绿,-0.7524,0.1238,0.0693,0.0,0.0,1.0,0.0,0.2708,1.0,0.7909,0,0.0
S046,U046,R028,冰橙伯爵鸳鸯茶,-0.7286,0.1357,0.0712,0.0,0.0,1.0,0.0,0.2714,1.0,0.8602,0,0.3126
S046,U046,R029,伯爵红茶奶茶,-0.7637,0.1181,0.0734,0.0,0.0,1.0,0.0,0.272,1.0,0.7575,0,0.0
S046,U046,R030,焙茶豆乳,-0.6338,0.1831,0.0873,0.0,0.0,1.0,0.0,0.2762,1.0,0.9644,0,0.3366
S046,U046,R031,抹茶豆乳,-0.6158,0.1921,0.0857,0.0,0.0,1.0,0.0,0.2757,1.0,0.8278,0,0.3327
S046,U046,R032,抹茶拿铁,-0.7375,0.1312,0.0662,0.0,0.0,1.0,0.0,0.2698,1.0,0.7344,0,0.0
S046,U046,R033,燕麦奶抹茶拿铁,-0.6384,0.1808,0.085,0.0,0.0,1.0,0.0,0.2755,1.0,0.6534,0,0.3199
S046,U046,R034,椰奶抹茶拿铁,-0.7372,0.1314,0.0767,0.0,0.0,1.0,0.0,0.273,1.0,0.7103,0,0.3044
S046,U046,R035,杏仁奶抹茶拿铁,-0.7454,0.1273,0.085,0.0,0.0,1.0,0.0,0.2755,1.0,0.5321,0,0.2951
S046,U046,R036,港式鸳鸯,-0.7288,0.1356,0.1546,0.0,0.0556,1.0,0.0,0.3047,1.0,0.85,0,0.0
S046,U046,R037,拿铁,-0.7349,0.1325,0.075,0.0,0.0,1.0,0.0,0.2725,1.0,0.7217,0,0.0
S046,U046,R038,燕麦奶拿铁,-0.6729,0.1636,0.0836,0.0,0.0,1.0,0.0,0.2751,1.0,0.986,0,0.3303
S046,U046,R039,椰奶拿铁,-0.7429,0.1285,0.0829,0.0,0.0,1.0,0.0,0.2749,1.0,0.5006,0,0.2937
S046,U046,R040,杏仁奶拿铁,-0.7491,0.1255,0.0836,0.0,0.0,1.0,0.0,0.2751,1.0,0.6648,0,0.3009
S046,U046,R041,拿铁（低咖啡因）,-0.7285,0.1357,0.1217,0.0,0.0625,1.0,0.0,0.2959,1.0,0.5662,0,0.0
S046,U046,R042,燕麦奶拿铁（低咖啡因）,-0.7397,0.1301,0.1323,0.0,0.0625,1.0,0.0,0.2991,1.0,0.5611,0,0.3082
S046,U046,R043,椰奶拿铁（低咖啡因）,-0.7245,0.1378,0.13,0.0,0.0625,1.0,0.0,0.2984,1.0,0.9437,0,0.3297
S046,U046,R044,杏仁奶拿铁（低咖啡因）,-0.7291,0.1355,0.1323,0.0,0.0625,1.0,0.0,0.2991,1.0,0.6763,0,0.3158
S046,U046,R045,卡布奇诺,-0.7326,0.1337,0.072,0.0,0.0,0.65,0.0,0.1841,1.0,0.5645,0,0.0
S046,U046,R046,卡布奇诺（低咖啡因）,-0.7241,0.1379,0.1184,0.0,0.0625,0.65,0.0,0.2074,1.0,0.6486,0,0.0
S046,U046,R047,西班牙拿铁,-0.7327,0.1336,0.1561,0.0,0.0556,0.65,0.0,0.2177,1.0,0.785,0,0.0
S046,U046,R048,西班牙拿铁（低咖啡因）,-0.7298,0.1351,0.1158,0.0,0.0625,1.0,0.0,0.2941,1.0,0.6489,0,0.0
S046,U046,R049,摩卡,-0.735,0.1325,0.148,0.0,0.05,1.0,0.0,0.3019,1.0,0.6458,0,0.0
S046,U046,R050,燕麦奶摩卡,-0.7488,0.1256,0.1548,0.0,0.05,1.0,0.0,0.3039,1.0,0.9822,0,0.3298
S046,U046,R051,椰奶摩卡,-0.7444,0.1278,0.0799,0.0,0.0,1.0,0.0,0.274,1.0,0.9986,0,0.318
S046,U046,R052,杏仁奶摩卡,-0.744,0.128,0.0794,0.0,0.0,1.0,0.0,0.2738,1.0,0.5594,0,0.296
S046,U046,R053,摩卡（低咖啡因）,-0.7343,0.1328,0.1175,0.0,0.0625,1.0,0.0,0.2946,1.0,0.583,0,0.0
S046,U046,R054,燕麦奶摩卡（低咖啡因）,-0.7382,0.1309,0.1261,0.0,0.0625,1.0,0.0,0.2972,1.0,0.6531,0,0.3122
S046,U046,R055,椰奶摩卡（低咖啡因）,-0.7326,0.1337,0.1255,0.0,0.0625,1.0,0.0,0.297,1.0,0.7391,0,0.3174
S046,U046,R056,杏仁奶摩卡（低咖啡因）,-0.7372,0.1314,0.1261,0.0,0.0625,1.0,0.0,0.2972,1.0,0.5282,0,0.3061
S046,U046,R057,dirty,-0.7309,0.1345,0.0716,0.0,0.0,1.0,0.0,0.2715,0.7,0.8793,0,0.0
S046,U046,R058,燕麦奶dirty,-0.7446,0.1277,0.0794,0.0,0.0,1.0,0.0,0.2738,0.7,0.7537,0,0.2756
S046,U046,R059,椰奶dirty,-0.7387,0.1306,0.0794,0.0,0.0,1.0,0.0,0.2738,0.7,0.8892,0,0.2834
S046,U046,R060,杏仁奶dirty,-0.7402,0.1299,0.0794,0.0,0.0,1.0,0.0,0.2738,0.7,0.623,0,0.2698
S046,U046,R061,dirty（低咖啡因）,-0.7286,0.1357,0.1175,0.0,0.0625,1.0,0.0,0.2946,0.7,0.5548,0,0.0
S046,U046,R062,燕麦奶dirty（低咖啡因）,-0.7333,0.1333,0.1267,0.0,0.0625,1.0,0.0,0.2974,0.7,0.5297,0,0.277
S046,U046,R063,椰奶dirty（低咖啡因）,-0.7344,0.1328,0.1255,0.0,0.0625,1.0,0.0,0.297,0.7,0.8947,0,0.2949
S046,U046,R064,杏仁奶dirty（低咖啡因）,-0.7334,0.1333,0.1267,0.0,0.0625,1.0,0.0,0.2974,0.7,0.5749,0,0.2792
S046,U046,R065,热可可,-0.0506,0.4747,0.2268,0.0,0.0625,1.0,0.0,0.3274,1.0,0.6995,0,0.0
S046,U046,R066,燕麦奶热可可,0.1463,0.5731,0.2447,0.0,0.0625,1.0,0.0,0.3328,1.0,0.5091,1,0.5258
S046,U046,R067,杏仁奶热可可,0.1368,0.5684,0.2447,0.0,0.0625,1.0,0.0,0.3328,1.0,0.5067,1,0.524
S046,U046,R068,玫瑰椰椰烤奶,-0.3051,0.3474,0.1244,0.0,0.0714,1.0,0.0,0.298,1.0,0.9427,0,0.4028
S046,U046,R069,玫瑰菊花茶,-0.3299,0.3351,0.1335,0.0,0.0,1.0,0.0,0.2901,1.0,0.8567,0,0.3907
S046,U046,R070,玫瑰陈皮茶,-0.5019,0.249,0.1311,0.0,0.0,1.0,0.0,0.2893,1.0,0.8739,0,0.361
S046,U046,R071,金银花菊花茶,-0.5181,0.241,0.1239,0.0,0.0,1.0,0.0,0.2872,1.0,0.831,0,0.3551
S046,U046,R072,菊花柠檬茶,-0.4758,0.2621,0.1201,0.0,0.0,1.0,0.0,0.286,1.0,0.8804,0,0.3645
S046,U046,R073,薰衣草柠檬茶,-0.486,0.257,0.1194,0.0,0.0,1.0,0.0,0.2858,1.0,0.7,0,0.3536
S046,U046,R074,百花茶,-0.7071,0.1464,0.13,0.0,0.0,1.0,0.0,0.289,1.0,0.9307,0,0.3278
S046,U046,R075,洛神花玫瑰茶,-0.7263,0.1368,0.13,0.0,0.0,1.0,0.0,0.289,1.0,0.7108,0,0.3135
S046,U046,R076,洛神花苹果茶,-0.7249,0.1375,0.1279,0.0,0.0,1.0,0.0,0.2884,1.0,0.5276,0,0.3043
S046,U046,R077,金银花荷叶茶,-0.7925,0.1038,0.115,0.0,0.0,1.0,0.0,0.2845,1.0,0.9825,0,0.3135
S046,U046,R078,百合玫瑰茶,-0.2534,0.3733,0.1375,0.0,0.0,1.0,0.0,0.2913,1.0,0.6563,0,0.3946
S046,U046,R079,陈皮苹果茶,-0.4167,0.2916,0.1181,0.0,0.0,1.0,0.0,0.2854,1.0,0.7225,0,0.3666
S047,U047,R001,薄荷柠檬气泡茶,-0.7897,0.1052,0.159,0.0,0.0556,0.75,0.0,0.2435,0.7,0.5796,0,0.0
S047,U047,R002,蜂蜜柠檬茶,-0.1926,0.4037,0.2173,0.0,0.0625,1.0,0.0,0.3246,0.7,0.794,1,0.4471
S047,U047,R003,葡萄柠檬茉莉花茶,-0.0264,0.4868,0.1835,0.0,0.0625,1.0,0.0,0.3144,0.7,0.8677,1,0.4753
S047,U047,R004,青柠桂花蜜乌龙,-0.2507,0.3746,0.1669,0.0,0.0625,1.0,0.0,0.3094,0.7,0.7456,0,0.3776
S047,U047,R005,百香果乳酸绿茶,-0.7109,0.1445,0.1354,0.0,0.0556,1.0,0.0,0.299,0.7,0.6829,0,0.2893
S047,U047,R006,百香果美式,-0.7985,0.1007,0.1616,0.0,0.0625,0.75,0.0,0.2454,0.7,0.8497,0,0.0
S047,U047,R007,百香果美式（低咖啡因）,-0.837,0.0815,0.0667,0.0,0.05,0.75,0.0,0.215,0.7,0.8462,0,0.0
S047,U047,R008,杨枝甘露,-0.668,0.166,0.1319,0.0,0.0625,1.0,0.0,0.2989,0.3,0.6381,0,0.2545
S047,U047,R009,鲜橙绿茶,-0.6884,0.1558,0.1493,0.0,0.0625,1.0,0.0,0.3042,0.7,0.913,0,0.3071
S047,U047,R010,橙C美式,-0.809,0.0955,0.1762,0.0,0.0625,0.75,0.0,0.2497,0.7,0.7072,0,0.0
S047,U047,R011,橙C美式（低咖啡因）,-0.8169,0.0916,0.0708,0.0,0.0556,0.75,0.0,0.2171,0.7,0.9641,0,0.0
S047,U047,R012,鲜橙养乐多,-0.4717,0.2642,0.1129,0.0,0.0625,1.0,0.0,0.2933,0.7,0.887,0,0.3388
S047,U047,R013,草莓奶昔,-0.5444,0.2278,0.1437,0.0,0.0625,1.0,0.0,0.3025,0.7,0.7106,0,0.3214
S047,U047,R014,蓝莓奶昔,-0.432,0.284,0.1444,0.0,0.0625,1.0,0.0,0.3027,0.7,0.6791,0,0.3396
S047,U047,R015,桃桃乌龙,0.0924,0.5462,0.1661,0.0,0.0625,1.0,0.0,0.3092,0.7,0.9582,0,0.4482
S047,U047,R016,芒果奶昔,-0.5401,0.2299,0.143,0.0,0.0625,1.0,0.0,0.3023,0.7,0.7392,0,0.3235
S047,U047,R017,柠迭莓萝气泡水,-0.5786,0.2107,0.1779,0.0,0.0625,0.75,0.0,0.2502,0.3,0.8995,0,0.0
S047,U047,R018,茉莉苹果奶绿,0.0947,0.5474,0.1989,0.0,0.0625,1.0,0.0,0.319,0.7,0.7761,1,0.4939
S047,U047,R019,荔枝白茶,0.0743,0.5371,0.1765,0.0,0.0625,1.0,0.0,0.3123,0.7,0.9642,1,0.4967
S047,U047,R020,超级吨吨桶,-0.7935,0.1032,0.1513,0.0,0.0556,1.0,0.0,0.3037,0.3,0.8492,0,0.2453
S047,U047,R021,芝士奶盖铁观音,0.0581,0.5291,0.2088,0.0,0.0625,1.0,0.0,0.322,0.7,0.8243,1,0.4913
S047,U047,R022,抹茶椰青美式,-0.5925,0.2037,0.1855,0.0,0.0625,0.75,0.0,0.2525,1.0,0.9243,0,0.0
S047,U047,R023,草莓抹茶椰,-0.2675,0.3662,0.1972,0.0,0.0625,0.75,0.0,0.256,0.7,0.5566,0,0.0
S047,U047,R024,柠檬草薄荷气泡水,-0.7118,0.1441,0.176,0.0,0.0625,0.75,0.0,0.2497,0.7,0.6873,0,0.0
S047,U047,R025,蝶豆花柠檬气泡水,-0.7016,0.1492,0.1735,0.0,0.0625,0.75,0.0,0.2489,0.3,0.6269,0,0.0
S047,U047,R026,泰式奶红,-0.4783,0.2609,0.1379,0.0,0.0,1.0,0.0,0.2914,1.0,0.5672,0,0.3508
S047,U047,R027,泰式奶绿,-0.4708,0.2646,0.1449,0.0,0.0,1.0,0.0,0.2935,1.0,0.7151,0,0.3604
S047,U047,R028,冰橙伯爵鸳鸯茶,-0.7946,0.1027,0.1387,0.0,0.0,0.75,0.0,0.2291,1.0,0.7198,0,0.0
S047,U047,R029,伯爵红茶奶茶,-0.7373,0.1313,0.119,0.0,0.0,1.0,0.0,0.2857,1.0,0.8934,0,0.3192
S047,U047,R030,焙茶豆乳,-0.4957,0.2521,0.1317,0.0,0.0,1.0,0.0,0.2895,1.0,0.9612,0,0.3666
S047,U047,R031,抹茶豆乳,-0.6961,0.152,0.1306,0.0,0.0,0.75,0.0,0.2267,1.0,0.5919,0,0.0
S047,U047,R032,抹茶拿铁,-0.7959,0.1021,0.1212,0.0,0.0,0.75,0.0,0.2238,1.0,0.8355,0,0.0
S047,U047,R033,燕麦奶抹茶拿铁,-0.7223,0.1389,0.13,0.0,0.0,0.75,0.0,0.2265,1.0,0.7864,0,0.0
S047,U047,R034,椰奶抹茶拿铁,-0.8044,0.0978,0.1212,0.0,0.0,0.75,0.0,0.2238,1.0,0.5251,0,0.0
S047,U047,R035,杏仁奶抹茶拿铁,-0.789,0.1055,0.13,0.0,0.0,0.75,0.0,0.2265,1.0,0.8176,0,0.0
S047,U047,R036,港式鸳鸯,-0.7965,0.1017,0.0978,0.0,0.0,0.75,0.0,0.2168,1.0,0.7094,0,0.0
S047,U047,R037,拿铁,-0.792,0.104,0.12,0.0,0.0,0.75,0.0,0.2235,1.0,0.6646,0,0.0
S047,U047,R038,燕麦奶拿铁,-0.7136,0.1432,0.1289,0.0,0.0,0.75,0.0,0.2262,1.0,0.6698,0,0.0
S047,U047,R039,椰奶拿铁,-0.7869,0.1065,0.119,0.0,0.0,0.75,0.0,0.2232,1.0,0.8145,0,0.0
S047,U047,R040,杏仁奶拿铁,-0.7884,0.1058,0.1289,0.0,0.0,0.75,0.0,0.2262,1.0,0.8753,0,0.0
S047,U047,R041,拿铁（低咖啡因）,-0.791,0.1045,0.0212,0.0,0.0,0.75,0.0,0.1938,1.0,0.5462,0,0.0
S047,U047,R042,燕麦奶拿铁（低咖啡因）,-0.7892,0.1054,0.0212,0.0,0.0,0.75,0.0,0.1938,1.0,0.6797,0,0.0
S047,U047,R043,椰奶拿铁（低咖啡因）,-0.7907,0.1046,0.02,0.0,0.0,0.75,0.0,0.1935,1.0,0.9314,0,0.0
S047,U047,R044,杏仁奶拿铁（低咖啡因）,-0.795,0.1025,0.0212,0.0,0.0,0.75,0.0,0.1938,1.0,0.5515,0,0.0
S047,U047,R045,卡布奇诺,-0.7932,0.1034,0.118,0.0,0.0,0.75,0.0,0.2229,1.0,0.631,0,0.0
S047,U047,R046,卡布奇诺（低咖啡因）,-0.7975,0.1012,0.019,0.0,0.0,0.75,0.0,0.1932,1.0,0.9434,0,0.0
S047,U047,R047,西班牙拿铁,-0.7943,0.1029,0.0985,0.0,0.0,0.75,0.0,0.217,1.0,0.5388,0,0.0
S047,U047,R048,西班牙拿铁（低咖啡因）,-0.7964,0.1018,0.0172,0.0,0.0,0.75,0.0,0.1927,1.0,0.6909,0,0.0
S047,U047,R049,摩卡,-0.7876,0.1062,0.0927,0.0,0.0,0.75,0.0,0.2153,1.0,0.949,0,0.0
S047,U047,R050,燕麦奶摩卡,-0.7814,0.1093,0.1004,0.0,0.0,0.75,0.0,0.2176,1.0,0.7999,0,0.0
S047,U047,R051,椰奶摩卡,-0.7864,0.1068,0.1075,0.0,0.0,0.75,0.0,0.2197,1.0,0.7025,0,0.0
S047,U047,R052,杏仁奶摩卡,-0.785,0.1075,0.1158,0.0,0.0,0.75,0.0,0.2222,1.0,0.8198,0,0.0
S047,U047,R053,摩卡（低咖啡因）,-0.7857,0.1071,0.0183,0.0,0.0,0.75,0.0,0.193,1.0,0.8457,0,0.0
S047,U047,R054,燕麦奶摩卡（低咖啡因）,-0.7872,0.1064,0.018,0.0,0.0,0.75,0.0,0.1929,1.0,0.5515,0,0.0
S047,U047,R055,椰奶摩卡（低咖啡因）,-0.7874,0.1063,0.0177,0.0,0.0,0.75,0.0,0.1928,1.0,0.5756,0,0.0
S047,U047,R056,杏仁奶摩卡（低咖啡因）,-0.7835,0.1082,0.018,0.0,0.0,0.75,0.0,0.1929,1.0,0.6638,0,0.0
S047,U047,R057,dirty,-0.7934,0.1033,0.1077,0.0,0.0,0.75,0.0,0.2198,0.7,0.8533,0,0.0
S047,U047,R058,燕麦奶dirty,-0.7828,0.1086,0.1158,0.0,0.0,0.75,0.0,0.2222,0.7,0.6702,0,0.0
S047,U047,R059,椰奶dirty,-0.7901,0.1049,0.1072,0.0,0.0,0.75,0.0,0.2197,0.7,0.6923,0,0.0
S047,U047,R060,杏仁奶dirty,-0.7855,0.1072,0.1158,0.0,0.0,0.75,0.0,0.2222,0.7,0.7737,0,0.0
S047,U047,R061,dirty（低咖啡因）,-0.7895,0.1052,0.0183,0.0,0.0,0.75,0.0,0.193,0.7,0.6185,0,0.0
S047,U047,R062,燕麦奶dirty（低咖啡因）,-0.788,0.106,0.0183,0.0,0.0,0.75,0.0,0.193,0.7,0.8671,0,0.0
S047,U047,R063,椰奶dirty（低咖啡因）,-0.7866,0.1067,0.0177,0.0,0.0,0.75,0.0,0.1928,0.7,0.9639,0,0.0
S047,U047,R064,杏仁奶dirty（低咖啡因）,-0.787,0.1065,0.0183,0.0,0.0,0.75,0.0,0.193,0.7,0.8024,0,0.0
S047,U047,R065,热可可,-0.6853,0.1574,0.0567,0.0,0.0,1.0,0.0,0.267,1.0,0.5879,0,0.3046
S047,U047,R066,燕麦奶热可可,-0.5899,0.205,0.0666,0.0,0.0,1.0,0.0,0.27,1.0,0.6549,0,0.326
S047,U047,R067,杏仁奶热可可,-0.6073,0.1963,0.0666,0.0,0.0,1.0,0.0,0.27,1.0,0.8396,0,0.3322
S047,U047,R068,玫瑰椰椰烤奶,-0.6947,0.1526,0.0734,0.0,0.0,1.0,0.0,0.272,1.0,0.7845,0,0.3151
S047,U047,R069,玫瑰菊花茶,-0.4645,0.2677,0.171,0.0,0.0556,1.0,0.0,0.3096,1.0,0.7373,0,0.3699
S047,U047,R070,玫瑰陈皮茶,-0.6033,0.1983,0.1686,0.0,0.0556,1.0,0.0,0.3089,1.0,0.7422,0,0.3455
S047,U047,R071,金银花菊花茶,-0.4431,0.2784,0.1736,0.0,0.0556,1.0,0.0,0.3104,1.0,0.673,0,0.3708
S047,U047,R072,菊花柠檬茶,-0.3022,0.3489,0.1756,0.0,0.0556,1.0,0.0,0.311,1.0,0.9512,0,0.4096
S047,U047,R073,薰衣草柠檬茶,-0.3184,0.3408,0.1746,0.0,0.0556,1.0,0.0,0.3107,1.0,0.6419,0,0.3912
S047,U047,R074,百花茶,-0.5617,0.2191,0.1675,0.0,0.0556,1.0,0.0,0.3086,1.0,0.8791,0,0.3595
S047,U047,R075,洛神花玫瑰茶,-0.6686,0.1657,0.1565,0.0,0.0556,1.0,0.0,0.3053,1.0,0.5293,0,0.3219
S047,U047,R076,洛神花苹果茶,-0.7433,0.1284,0.1548,0.0,0.0556,1.0,0.0,0.3048,1.0,0.7971,0,0.3219
S047,U047,R077,金银花荷叶茶,-0.7009,0.1496,0.1725,0.0,0.0556,1.0,0.0,0.3101,1.0,0.6921,0,0.3265
S047,U047,R078,百合玫瑰茶,-0.4118,0.2941,0.1625,0.0,0.0556,1.0,0.0,0.3071,1.0,0.6784,0,0.375
S047,U047,R079,陈皮苹果茶,-0.7766,0.1117,0.1664,0.0,0.0556,1.0,0.0,0.3083,1.0,0.5287,0,0.3043
S048,U048,R001,薄荷柠檬气泡茶,-0.6064,0.1968,0.1965,0.0,0.6111,1.0,0.0,0.4006,0.7,0.716,0,0.355
S048,U048,R002,蜂蜜柠檬茶,-0.2069,0.3966,0.1324,0.0,0.3125,1.0,0.0,0.3366,0.7,0.6815,0,0.3943
S048,U048,R003,葡萄柠檬茉莉花茶,-0.3383,0.3309,0.1224,0.0,0.5625,1.0,0.0,0.3711,0.7,0.7449,0,0.39
S048,U048,R004,青柠桂花蜜乌龙,-0.2763,0.3619,0.1299,0.0,0.5625,1.0,0.0,0.3733,0.7,0.7341,0,0.4013
S048,U048,R005,百香果乳酸绿茶,-0.1499,0.4251,0.2035,0.0,0.6111,1.0,0.0,0.4027,0.7,0.5499,1,0.4775
S048,U048,R006,百香果美式,-0.6198,0.1901,0.1344,0.0,0.625,1.0,0.0,0.3841,0.7,0.5667,0,0.3377
S048,U048,R007,百香果美式（低咖啡因）,-0.4133,0.2934,0.1248,0.0,0.6,1.0,0.0,0.3774,0.7,0.9244,0,0.3887
S048,U048,R008,杨枝甘露,-0.343,0.3285,0.1399,0.0,0.5625,1.0,0.0,0.3763,0.3,0.7619,0,0.3524
S048,U048,R009,鲜橙绿茶,-0.4817,0.2592,0.176,0.0,0.5625,1.0,0.0,0.3872,0.7,0.7074,0,0.3703
S048,U048,R010,橙C美式,-0.6214,0.1893,0.0849,0.0,0.5714,1.0,0.0,0.3612,0.7,0.9234,0,0.345
S048,U048,R011,橙C美式（低咖啡因）,-0.4174,0.2913,0.0794,0.0,0.5556,1.0,0.0,0.3571,0.7,0.711,0,0.3682
S048,U048,R012,鲜橙养乐多,0.1247,0.5624,0.2488,0.0,0.625,1.0,0.0,0.4184,0.7,0.9498,1,0.5526
S048,U048,R013,草莓奶昔,-0.2622,0.3689,0.1437,0.0,0.5714,1.0,0.0,0.3788,0.7,0.5691,0,0.398
S048,U048,R014,蓝莓奶昔,-0.195,0.4025,0.1444,0.0,0.5625,1.0,0.0,0.3777,0.7,0.5333,0,0.4075
S048,U048,R015,桃桃乌龙,-0.2209,0.3895,0.1315,0.0,0.5625,1.0,0.0,0.3738,0.7,0.7151,0,0.4103
S048,U048,R016,芒果奶昔,-0.2649,0.3676,0.143,0.0,0.5625,1.0,0.0,0.3773,0.7,0.6413,0,0.4005
S048,U048,R017,柠迭莓萝气泡水,-0.0345,0.4828,0.2229,0.0,0.625,1.0,0.0,0.4106,0.3,0.8014,1,0.4738
S048,U048,R018,茉莉苹果奶绿,-0.534,0.233,0.1301,0.0,0.5714,1.0,0.0,0.3748,0.7,0.5143,0,0.3459
S048,U048,R019,荔枝白茶,-0.2361,0.3819,0.1315,0.0,0.5625,1.0,0.0,0.3738,0.7,0.8294,0,0.4134
S048,U048,R020,超级吨吨桶,-0.6207,0.1896,0.1953,0.0,0.6111,1.0,0.0,0.4003,0.3,0.8863,0,0.3208
S048,U048,R021,芝士奶盖铁观音,-0.4441,0.2779,0.09,0.0,0.5714,1.0,0.0,0.3627,0.7,0.6453,0,0.3628
S048,U048,R022,抹茶椰青美式,-0.6692,0.1654,0.0766,0.0,0.5714,1.0,0.0,0.3587,1.0,0.838,0,0.3612
S048,U048,R023,草莓抹茶椰,-0.5875,0.2062,0.0879,0.0,0.5714,1.0,0.0,0.3621,0.7,0.9412,0,0.3522
S048,U048,R024,柠檬草薄荷气泡水,-0.1651,0.4175,0.2169,0.0,0.625,1.0,0.0,0.4088,0.7,0.8273,1,0.4914
S048,U048,R025,蝶豆花柠檬气泡水,-0.1546,0.4227,0.2144,0.0,0.625,1.0,0.0,0.4081,0.3,0.7681,1,0.45
S048,U048,R026,泰式奶红,-0.4195,0.2903,0.0754,0.0,0.5,1.0,0.0,0.3476,1.0,0.9111,0,0.4036
S048,U048,R027,泰式奶绿,-0.4358,0.2821,0.0824,0.0,0.5,1.0,0.0,0.3497,1.0,0.8205,0,0.3971
S048,U048,R028,冰橙伯爵鸳鸯茶,-0.6107,0.1946,0.0262,0.0,0.5,1.0,0.0,0.3329,1.0,0.7925,0,0.3576
S048,U048,R029,伯爵红茶奶茶,-0.5479,0.2261,0.0784,0.0,0.25,1.0,0.0,0.311,1.0,0.6581,0,0.352
S048,U048,R030,焙茶豆乳,-0.3565,0.3218,0.0817,0.0,0.25,1.0,0.0,0.312,1.0,0.8315,0,0.3946
S048,U048,R031,抹茶豆乳,-0.504,0.248,0.0204,0.0,0.25,1.0,0.0,0.2936,1.0,0.6744,0,0.3526
S048,U048,R032,抹茶拿铁,-0.6197,0.1901,0.0212,0.0,0.25,1.0,0.0,0.2938,1.0,0.9999,0,0.3488
S048,U048,R033,燕麦奶抹茶拿铁,-0.4983,0.2508,0.02,0.0,0.25,1.0,0.0,0.2935,1.0,0.8436,0,0.3621
S048,U048,R034,椰奶抹茶拿铁,-0.6277,0.1862,0.0317,0.0,0.25,1.0,0.0,0.297,1.0,0.5426,0,0.3259
S048,U048,R035,杏仁奶抹茶拿铁,-0.6177,0.1911,0.02,0.0,0.25,1.0,0.0,0.2935,1.0,0.5147,0,0.3247
S048,U048,R036,港式鸳鸯,-0.621,0.1895,0.0159,0.0,0.25,1.0,0.0,0.2923,1.0,0.5904,0,0.3274
S048,U048,R037,拿铁,-0.6186,0.1907,0.02,0.0,0.25,1.0,0.0,0.2935,1.0,0.8513,0,0.3414
S048,U048,R038,燕麦奶拿铁,-0.5216,0.2392,0.0193,0.0,0.25,1.0,0.0,0.2933,1.0,0.8171,0,0.3566
S048,U048,R039,椰奶拿铁,-0.6145,0.1927,0.0284,0.0,0.25,1.0,0.0,0.296,1.0,0.5424,0,0.3278
S048,U048,R040,杏仁奶拿铁,-0.6209,0.1896,0.0193,0.0,0.25,1.0,0.0,0.2933,1.0,0.5034,0,0.3235
S048,U048,R041,拿铁（低咖啡因）,-0.6192,0.1904,0.0212,0.0,0.25,1.0,0.0,0.2938,1.0,0.679,0,0.3328
S048,U048,R042,燕麦奶拿铁（低咖啡因）,-0.6135,0.1932,0.0212,0.0,0.25,1.0,0.0,0.2938,1.0,0.9882,0,0.3492
S048,U048,R043,椰奶拿铁（低咖啡因）,-0.6244,0.1878,0.03,0.0,0.25,1.0,0.0,0.2965,1.0,0.7913,0,0.3387
S048,U048,R044,杏仁奶拿铁（低咖啡因）,-0.6158,0.1921,0.0212,0.0,0.25,1.0,0.0,0.2938,1.0,0.5904,0,0.329
S048,U048,R045,卡布奇诺,-0.6195,0.1902,0.018,0.0,0.25,1.0,0.0,0.2929,1.0,0.7959,0,0.3382
S048,U048,R046,卡布奇诺（低咖啡因）,-0.6187,0.1906,0.019,0.0,0.25,1.0,0.0,0.2932,1.0,0.5445,0,0.3259
S048,U048,R047,西班牙拿铁,-0.6197,0.1901,0.0167,0.0,0.25,1.0,0.0,0.2925,1.0,0.8759,0,0.342
S048,U048,R048,西班牙拿铁（低咖啡因）,-0.6206,0.1897,0.0172,0.0,0.25,1.0,0.0,0.2927,1.0,0.7515,0,0.3357
S048,U048,R049,摩卡,-0.6215,0.1893,0.0266,0.0,0.25,1.0,0.0,0.2955,1.0,0.6824,0,0.3333
S048,U048,R050,燕麦奶摩卡,-0.6158,0.1921,0.0254,0.0,0.25,1.0,0.0,0.2951,1.0,0.9442,0,0.3472
S048,U048,R051,椰奶摩卡,-0.6239,0.188,0.0262,0.0,0.25,1.0,0.0,0.2954,1.0,0.5939,0,0.3284
S048,U048,R052,杏仁奶摩卡,-0.6242,0.1879,0.0258,0.0,0.25,1.0,0.0,0.2952,1.0,0.9601,0,0.3466
S048,U048,R053,摩卡（低咖啡因）,-0.6233,0.1883,0.0275,0.0,0.25,1.0,0.0,0.2958,1.0,0.7812,0,0.3381
S048,U048,R054,燕麦奶摩卡（低咖啡因）,-0.6201,0.1899,0.027,0.0,0.25,1.0,0.0,0.2956,1.0,0.7047,0,0.3347
S048,U048,R055,椰奶摩卡（低咖啡因）,-0.6252,0.1874,0.0266,0.0,0.25,1.0,0.0,0.2955,1.0,0.8267,0,0.3399
S048,U048,R056,杏仁奶摩卡（低咖啡因）,-0.6202,0.1899,0.027,0.0,0.25,1.0,0.0,0.2956,1.0,0.6974,0,0.3343
S048,U048,R057,dirty,-0.6211,0.1894,0.0177,0.0,0.25,1.0,0.0,0.2928,0.7,0.931,0,0.3146
S048,U048,R058,燕麦奶dirty,-0.6133,0.1933,0.0172,0.0,0.25,1.0,0.0,0.2927,0.7,0.7147,0,0.3051
S048,U048,R059,椰奶dirty,-0.6148,0.1926,0.0258,0.0,0.25,1.0,0.0,0.2952,0.7,0.6371,0,0.3021
S048,U048,R060,杏仁奶dirty,-0.6218,0.1891,0.0172,0.0,0.25,1.0,0.0,0.2927,0.7,0.8364,0,0.3097
S048,U048,R061,dirty（低咖啡因）,-0.6212,0.1894,0.0775,0.0,0.25,1.0,0.0,0.3107,0.7,0.8192,0,0.3171
S048,U048,R062,燕麦奶dirty（低咖啡因）,-0.616,0.192,0.0775,0.0,0.25,1.0,0.0,0.3107,0.7,0.9633,0,0.3252
S048,U048,R063,椰奶dirty（低咖啡因）,-0.6199,0.19,0.0855,0.0,0.25,1.0,0.0,0.3131,0.7,0.7037,0,0.3126
S048,U048,R064,杏仁奶dirty（低咖啡因）,-0.6208,0.1896,0.0775,0.0,0.25,1.0,0.0,0.3107,0.7,0.5471,0,0.3035
S048,U048,R065,热可可,-0.4825,0.2588,0.0567,0.0,0.0,1.0,0.0,0.267,1.0,0.8139,0,0.3514
S048,U048,R066,燕麦奶热可可,-0.3608,0.3196,0.0558,0.0,0.0,1.0,0.0,0.2667,1.0,0.5744,0,0.3606
S048,U048,R067,杏仁奶热可可,-0.3613,0.3194,0.0558,0.0,0.0,1.0,0.0,0.2667,1.0,0.8998,0,0.3768
S048,U048,R068,玫瑰椰椰烤奶,-0.4713,0.2644,0.0758,0.0,0.0,1.0,0.0,0.2727,1.0,0.9905,0,0.3648
S048,U048,R069,玫瑰菊花茶,-0.3559,0.3221,0.0609,0.0,0.0,1.0,0.0,0.2683,1.0,0.7834,0,0.3726
S048,U048,R070,玫瑰陈皮茶,-0.5339,0.233,0.0712,0.0,0.0,1.0,0.0,0.2714,1.0,0.6068,0,0.334
S048,U048,R071,金银花菊花茶,-0.3469,0.3265,0.0619,0.0,0.0,1.0,0.0,0.2686,1.0,0.6385,0,0.3671
S048,U048,R072,菊花柠檬茶,-0.4214,0.2893,0.102,0.0,0.0556,1.0,0.0,0.2889,1.0,0.8028,0,0.3714
S048,U048,R073,薰衣草柠檬茶,-0.4081,0.296,0.1016,0.0,0.0556,1.0,0.0,0.2888,1.0,0.9483,0,0.381
S048,U048,R074,百花茶,-0.4613,0.2694,0.0595,0.0,0.0,1.0,0.0,0.2678,1.0,0.9977,0,0.3647
S048,U048,R075,洛神花玫瑰茶,-0.454,0.273,0.0815,0.0,0.0,1.0,0.0,0.2744,1.0,0.9715,0,0.3676
S048,U048,R076,洛神花苹果茶,-0.6128,0.1936,0.0798,0.0,0.0,1.0,0.0,0.2739,1.0,0.8439,0,0.3332
S048,U048,R077,金银花荷叶茶,-0.4719,0.264,0.0775,0.0,0.0,1.0,0.0,0.2732,1.0,0.666,0,0.3487
S048,U048,R078,百合玫瑰茶,-0.3179,0.3411,0.05,0.0,0.0,1.0,0.0,0.265,1.0,0.6262,0,0.3699
S048,U048,R079,陈皮苹果茶,-0.6327,0.1836,0.0699,0.0,0.0,1.0,0.0,0.271,1.0,0.5359,0,0.313
S049,U049,R001,薄荷柠檬气泡茶,-0.7556,0.1222,0.159,0.0,0.5556,1.0,0.0,0.381,0.7,0.7388,0,0.3212
S049,U049,R002,蜂蜜柠檬茶,-0.4013,0.2993,0.0886,0.0,0.3125,1.0,0.0,0.3235,0.7,0.8702,0,0.3639
S049,U049,R003,葡萄柠檬茉莉花茶,-0.457,0.2715,0.1835,0.0,0.5625,1.0,0.0,0.3894,0.7,0.5557,0,0.368
S049,U049,R004,青柠桂花蜜乌龙,-0.4529,0.2736,0.1749,0.0,0.5625,1.0,0.0,0.3868,0.7,0.9177,0,0.3857
S049,U049,R005,百香果乳酸绿茶,-0.6536,0.1732,0.1507,0.0,0.5556,1.0,0.0,0.3785,0.7,0.9018,0,0.346
S049,U049,R006,百香果美式,-0.7402,0.1299,0.0716,0.0,0.5625,1.0,0.0,0.3559,0.7,0.9602,0,0.3236
S049,U049,R007,百香果美式（低咖啡因）,-0.3582,0.3209,0.1162,0.0,0.55,1.0,0.0,0.3674,0.7,0.5855,0,0.3769
S049,U049,R008,杨枝甘露,0.0579,0.529,0.1899,0.0,0.5625,1.0,0.0,0.3913,0.3,0.7582,1,0.4791
S049,U049,R009,鲜橙绿茶,-0.686,0.157,0.1671,0.0,0.5625,1.0,0.0,0.3845,0.7,0.9016,0,0.3431
S049,U049,R010,橙C美式,-0.7231,0.1384,0.0849,0.0,0.5714,1.0,0.0,0.3612,0.7,0.923,0,0.3271
S049,U049,R011,橙C美式（低咖啡因）,-0.2196,0.3902,0.133,0.0,0.5556,1.0,0.0,0.3732,0.7,0.9455,0,0.4218
S049,U049,R012,鲜橙养乐多,-0.0346,0.4827,0.1358,0.0,0.5625,1.0,0.0,0.3751,0.7,0.9481,0,0.4551
S049,U049,R013,草莓奶昔,0.2253,0.6126,0.1937,0.0,0.5714,1.0,0.0,0.3938,0.7,0.8693,1,0.5551
S049,U049,R014,蓝莓奶昔,0.2755,0.6378,0.1944,0.0,0.5625,1.0,0.0,0.3927,0.7,0.7378,1,0.5568
S049,U049,R015,桃桃乌龙,-0.1595,0.4202,0.1869,0.0,0.5625,1.0,0.0,0.3904,0.7,0.7071,1,0.4781
S049,U049,R016,芒果奶昔,0.2247,0.6124,0.193,0.0,0.5625,1.0,0.0,0.3923,0.7,0.6026,1,0.541
S049,U049,R017,柠迭莓萝气泡水,-0.5863,0.2069,0.1779,0.0,0.5625,1.0,0.0,0.3877,0.3,0.9479,0,0.3243
S049,U049,R018,茉莉苹果奶绿,-0.526,0.237,0.0789,0.0,0.5714,1.0,0.0,0.3594,0.7,0.8957,0,0.3595
S049,U049,R019,荔枝白茶,-0.2642,0.3679,0.1869,0.0,0.5625,1.0,0.0,0.3904,0.7,0.9896,0,0.4239
S049,U049,R020,超级吨吨桶,-0.7574,0.1213,0.1138,0.0,0.5556,1.0,0.0,0.3675,0.3,0.8918,0,0.2824
S049,U049,R021,芝士奶盖铁观音,-0.5407,0.2296,0.0863,0.0,0.5714,1.0,0.0,0.3616,0.7,0.6164,0,0.3439
S049,U049,R022,抹茶椰青美式,-0.65,0.175,0.0944,0.0,0.5714,1.0,0.0,0.364,1.0,0.6857,0,0.3593
S049,U049,R023,草莓抹茶椰,-0.5221,0.239,0.0752,0.0,0.5714,1.0,0.0,0.3583,0.7,0.7411,0,0.3519
S049,U049,R024,柠檬草薄荷气泡水,-0.6558,0.1721,0.176,0.0,0.5625,1.0,0.0,0.3872,0.7,0.7157,0,0.3403
S049,U049,R025,蝶豆花柠檬气泡水,-0.6556,0.1722,0.1735,0.0,0.5625,1.0,0.0,0.3864,0.3,0.95,0,0.3117
S049,U049,R026,泰式奶红,-0.709,0.1455,0.0169,0.0,0.5,1.0,0.0,0.3301,1.0,0.5282,0,0.3259
S049,U049,R027,泰式奶绿,-0.7284,0.1358,0.0243,0.0,0.5,1.0,0.0,0.3323,1.0,0.8902,0,0.3416
S049,U049,R028,冰橙伯爵鸳鸯茶,-0.742,0.129,0.0349,0.0,0.5,1.0,0.0,0.3355,1.0,0.9536,0,0.3438
S049,U049,R029,伯爵红茶奶茶,-0.7763,0.1118,0.019,0.0,0.25,1.0,0.0,0.2932,1.0,0.5481,0,0.2985
S049,U049,R030,焙茶豆乳,-0.6234,0.1883,0.0212,0.0,0.25,1.0,0.0,0.2938,1.0,0.7096,0,0.3336
S049,U049,R031,抹茶豆乳,-0.6574,0.1713,0.0204,0.0,0.25,1.0,0.0,0.2936,1.0,0.511,0,0.3176
S049,U049,R032,抹茶拿铁,-0.7471,0.1264,0.0106,0.0,0.25,1.0,0.0,0.2907,1.0,0.5708,0,0.3036
S049,U049,R033,燕麦奶抹茶拿铁,-0.6719,0.1641,0.02,0.0,0.25,1.0,0.0,0.2935,1.0,0.5754,0,0.3183
S049,U049,R034,椰奶抹茶拿铁,-0.7427,0.1286,0.0106,0.0,0.25,1.0,0.0,0.2907,1.0,0.791,0,0.3154
S049,U049,R035,杏仁奶抹茶拿铁,-0.7411,0.1295,0.02,0.0,0.25,1.0,0.0,0.2935,1.0,0.8272,0,0.3187
S049,U049,R036,港式鸳鸯,-0.7508,0.1246,0.0648,0.0,0.25,1.0,0.0,0.3069,1.0,0.7853,0,0.321
S049,U049,R037,拿铁,-0.7505,0.1247,0.02,0.0,0.25,1.0,0.0,0.2935,1.0,0.6929,0,0.3104
S049,U049,R038,燕麦奶拿铁,-0.6973,0.1514,0.0193,0.0,0.25,1.0,0.0,0.2933,1.0,0.5937,0,0.3146
S049,U049,R039,椰奶拿铁,-0.7445,0.1277,0.019,0.0,0.25,1.0,0.0,0.2932,1.0,0.6878,0,0.311
S049,U049,R040,杏仁奶拿铁,-0.7373,0.1313,0.0193,0.0,0.25,1.0,0.0,0.2933,1.0,0.531,0,0.3045
S049,U049,R041,拿铁（低咖啡因）,-0.7556,0.1222,0.088,0.0,0.25,1.0,0.0,0.3139,1.0,0.512,0,0.3096
S049,U049,R042,燕麦奶拿铁（低咖啡因）,-0.7498,0.1251,0.088,0.0,0.25,1.0,0.0,0.3139,1.0,0.6704,0,0.3186
S049,U049,R043,椰奶拿铁（低咖啡因）,-0.748,0.126,0.0863,0.0,0.25,1.0,0.0,0.3134,1.0,0.9256,0,0.3314
S049,U049,R044,杏仁奶拿铁（低咖啡因）,-0.7441,0.128,0.088,0.0,0.25,1.0,0.0,0.3139,1.0,0.9681,0,0.3344
S049,U049,R045,卡布奇诺,-0.7461,0.127,0.018,0.0,0.25,1.0,0.0,0.2929,1.0,0.7191,0,0.3122
S049,U049,R046,卡布奇诺（低咖啡因）,-0.7428,0.1286,0.0847,0.0,0.25,1.0,0.0,0.3129,1.0,0.6687,0,0.3192
S049,U049,R047,西班牙拿铁,-0.7496,0.1252,0.0659,0.0,0.25,1.0,0.0,0.3073,1.0,0.6312,0,0.3137
S049,U049,R048,西班牙拿铁（低咖啡因）,-0.7478,0.1261,0.082,0.0,0.25,1.0,0.0,0.3121,1.0,0.7344,0,0.3213
S049,U049,R049,摩卡,-0.7531,0.1235,0.0641,0.0,0.25,1.0,0.0,0.3067,1.0,0.973,0,0.3299
S049,U049,R050,燕麦奶摩卡,-0.7395,0.1302,0.0629,0.0,0.25,1.0,0.0,0.3064,1.0,0.7639,0,0.3217
S049,U049,R051,椰奶摩卡,-0.7455,0.1272,0.0175,0.0,0.25,1.0,0.0,0.2927,1.0,0.8489,0,0.3187
S049,U049,R052,杏仁奶摩卡,-0.7438,0.1281,0.0172,0.0,0.25,1.0,0.0,0.2927,1.0,0.7759,0,0.3154
S049,U049,R053,摩卡（低咖啡因）,-0.756,0.122,0.0838,0.0,0.25,1.0,0.0,0.3126,1.0,0.5522,0,0.311
S049,U049,R054,燕麦奶摩卡（低咖啡因）,-0.7526,0.1237,0.0833,0.0,0.25,1.0,0.0,0.3125,1.0,0.5896,0,0.3134
S049,U049,R055,椰奶摩卡（低咖啡因）,-0.7468,0.1266,0.0829,0.0,0.25,1.0,0.0,0.3124,1.0,0.5902,0,0.3144
S049,U049,R056,杏仁奶摩卡（低咖啡因）,-0.7506,0.1247,0.0833,0.0,0.25,1.0,0.0,0.3125,1.0,0.6714,0,0.3178
S049,U049,R057,dirty,-0.7516,0.1242,0.0177,0.0,0.25,1.0,0.0,0.2928,0.7,0.6629,0,0.2784
S049,U049,R058,燕麦奶dirty,-0.7435,0.1283,0.0172,0.0,0.25,1.0,0.0,0.2927,0.7,0.9858,0,0.2959
S049,U049,R059,椰奶dirty,-0.7476,0.1262,0.0172,0.0,0.25,1.0,0.0,0.2927,0.7,0.6997,0,0.2809
S049,U049,R060,杏仁奶dirty,-0.7442,0.1279,0.0172,0.0,0.25,1.0,0.0,0.2927,0.7,0.8744,0,0.2902
S049,U049,R061,dirty（低咖啡因）,-0.7525,0.1238,0.0838,0.0,0.25,1.0,0.0,0.3126,0.7,0.9496,0,0.3015
S049,U049,R062,燕麦奶dirty（低咖啡因）,-0.7488,0.1256,0.0838,0.0,0.25,1.0,0.0,0.3126,0.7,0.533,0,0.2813
S049,U049,R063,椰奶dirty（低咖啡因）,-0.7456,0.1272,0.0829,0.0,0.25,1.0,0.0,0.3124,0.7,0.6899,0,0.2896
S049,U049,R064,杏仁奶dirty（低咖啡因）,-0.7498,0.1251,0.0838,0.0,0.25,1.0,0.0,0.3126,0.7,0.6683,0,0.2879
S049,U049,R065,热可可,-0.656,0.172,0.0567,0.0,0.0,1.0,0.0,0.267,1.0,0.5377,0,0.3072
S049,U049,R066,燕麦奶热可可,-0.5275,0.2362,0.0666,0.0,0.0,1.0,0.0,0.27,1.0,0.6826,0,0.3383
S049,U049,R067,杏仁奶热可可,-0.5354,0.2323,0.0666,0.0,0.0,1.0,0.0,0.27,1.0,0.9989,0,0.3528
S049,U049,R068,玫瑰椰椰烤奶,-0.6252,0.1874,0.0086,0.0,0.0,1.0,0.0,0.2526,1.0,0.6551,0,0.312
S049,U049,R069,玫瑰菊花茶,-0.4564,0.2718,0.0726,0.0,0.0,1.0,0.0,0.2718,1.0,0.9401,0,0.3644
S049,U049,R070,玫瑰陈皮茶,-0.6064,0.1968,0.0712,0.0,0.0,1.0,0.0,0.2714,1.0,0.5059,0,0.3163
S049,U049,R071,金银花菊花茶,-0.4275,0.2863,0.0742,0.0,0.0,1.0,0.0,0.2722,1.0,0.626,0,0.354
S049,U049,R072,菊花柠檬茶,-0.5823,0.2088,0.1111,0.0,0.0556,1.0,0.0,0.2917,1.0,0.516,0,0.3302
S049,U049,R073,薰衣草柠檬茶,-0.604,0.198,0.1105,0.0,0.0556,1.0,0.0,0.2915,1.0,0.8627,0,0.3436
S049,U049,R074,百花茶,-0.5573,0.2214,0.0705,0.0,0.0,1.0,0.0,0.2712,1.0,0.9302,0,0.346
S049,U049,R075,洛神花玫瑰茶,-0.5877,0.2062,0.0705,0.0,0.0,1.0,0.0,0.2712,1.0,0.9838,0,0.3434
S049,U049,R076,洛神花苹果茶,-0.76,0.12,0.0692,0.0,0.0,1.0,0.0,0.2708,1.0,0.545,0,0.2911
S049,U049,R077,金银花荷叶茶,-0.6047,0.1976,0.0675,0.0,0.0,1.0,0.0,0.2702,1.0,0.6729,0,0.3244
S049,U049,R078,百合玫瑰茶,-0.4308,0.2846,0.0625,0.0,0.0,1.0,0.0,0.2687,1.0,0.6812,0,0.3546
S049,U049,R079,陈皮苹果茶,-0.7142,0.1429,0.0699,0.0,0.0,1.0,0.0,0.271,1.0,0.923,0,0.3181
S050,U050,R001,薄荷柠檬气泡茶,-0.788,0.106,0.0077,0.0,0.0,0.75,0.0,0.1898,0.7,0.9649,0,0.0
S050,U050,R002,蜂蜜柠檬茶,-0.6873,0.1563,0.1048,0.0,0.25,1.0,0.0,0.3189,0.7,0.7032,0,0.3034
S050,U050,R003,葡萄柠檬茉莉花茶,-0.6014,0.1993,0.0774,0.0,0.0,1.0,0.0,0.2732,0.7,0.5368,0,0.2895
S050,U050,R004,青柠桂花蜜乌龙,-0.6512,0.1744,0.0849,0.0,0.0,1.0,0.0,0.2755,0.7,0.7806,0,0.294
S050,U050,R005,百香果乳酸绿茶,-0.7037,0.1482,0.0681,0.0,0.0,1.0,0.0,0.2704,0.7,0.9087,0,0.289
S050,U050,R006,百香果美式,-0.7834,0.1083,0.0805,0.0,0.0,0.75,0.0,0.2116,0.7,0.8778,0,0.0
S050,U050,R007,百香果美式（低咖啡因）,-0.4931,0.2534,0.1162,0.0,0.1,0.75,0.0,0.2374,0.7,0.6468,0,0.0
S050,U050,R008,杨枝甘露,-0.6095,0.1953,0.0819,0.0,0.0,1.0,0.0,0.2746,0.3,0.5991,0,0.0
S050,U050,R009,鲜橙绿茶,-0.7978,0.1011,0.0764,0.0,0.0,1.0,0.0,0.2729,0.7,0.5208,0,0.2542
S050,U050,R010,橙C美式,-0.7934,0.1033,0.0849,0.0,0.0,0.75,0.0,0.213,0.7,0.9137,0,0.0
S050,U050,R011,橙C美式（低咖啡因）,-0.484,0.258,0.1244,0.0,0.1111,0.75,0.0,0.2415,0.7,0.8767,0,0.0
S050,U050,R012,鲜橙养乐多,-0.5072,0.2464,0.0679,0.0,0.0,1.0,0.0,0.2704,0.7,0.9229,0,0.3241
S050,U050,R013,草莓奶昔,-0.5345,0.2327,0.0762,0.0,0.0,1.0,0.0,0.2729,0.7,0.5135,0,0.0
S050,U050,R014,蓝莓奶昔,-0.5382,0.2309,0.0766,0.0,0.0,1.0,0.0,0.273,0.7,0.6621,0,0.0
S050,U050,R015,桃桃乌龙,-0.5862,0.2069,0.0865,0.0,0.0,1.0,0.0,0.276,0.7,0.6864,0,0.3009
S050,U050,R016,芒果奶昔,-0.5417,0.2291,0.0758,0.0,0.0,1.0,0.0,0.2727,0.7,0.8161,0,0.0
S050,U050,R017,柠迭莓萝气泡水,-0.6949,0.1525,0.0143,0.0,0.0,0.75,0.0,0.1918,0.3,0.997,0,0.0
S050,U050,R018,茉莉苹果奶绿,-0.6031,0.1984,0.0939,0.0,0.0,1.0,0.0,0.2782,0.7,0.9446,0,0.0
S050,U050,R019,荔枝白茶,-0.5697,0.2151,0.0865,0.0,0.0,1.0,0.0,0.276,0.7,0.649,0,0.302
S050,U050,R020,超级吨吨桶,-0.7822,0.1089,0.1009,0.0,0.0556,1.0,0.0,0.2886,0.3,0.6747,0,0.2317
S050,U050,R021,芝士奶盖铁观音,-0.5727,0.2137,0.0863,0.0,0.0,0.65,0.0,0.1884,0.7,0.7295,0,0.0
S050,U050,R022,抹茶椰青美式,-0.7929,0.1035,0.0677,0.0,0.0,0.75,0.0,0.2078,1.0,0.592,0,0.0
S050,U050,R023,草莓抹茶椰,-0.6957,0.1521,0.0942,0.0,0.0,0.75,0.0,0.2158,0.7,0.6531,0,0.0
S050,U050,R024,柠檬草薄荷气泡水,-0.7146,0.1427,0.0,0.0,0.0,0.75,0.0,0.1875,0.7,0.6245,0,0.0
S050,U050,R025,蝶豆花柠檬气泡水,-0.7055,0.1473,0.0085,0.0,0.0,0.75,0.0,0.19,0.3,0.8181,0,0.0
S050,U050,R026,泰式奶红,-0.6246,0.1877,0.0986,0.0,0.0,1.0,0.0,0.2796,1.0,0.9028,0,0.0
S050,U050,R027,泰式奶绿,-0.6512,0.1744,0.0967,0.0,0.0,1.0,0.0,0.279,1.0,0.6415,0,0.0
S050,U050,R028,冰橙伯爵鸳鸯茶,-0.786,0.107,0.0912,0.0,0.0,0.75,0.0,0.2149,1.0,0.6721,0,0.0
S050,U050,R029,伯爵红茶奶茶,-0.6403,0.1799,0.1569,0.0,0.3056,1.0,0.0,0.3429,1.0,0.8494,0,0.0
S050,U050,R030,焙茶豆乳,-0.4699,0.265,0.174,0.0,0.3056,1.0,0.0,0.348,1.0,0.8852,0,0.3936
S050,U050,R031,抹茶豆乳,-0.5485,0.2258,0.1611,0.0,0.3056,0.75,0.0,0.2817,1.0,0.5253,0,0.0
S050,U050,R032,抹茶拿铁,-0.7913,0.1044,0.1635,0.0,0.3056,0.75,0.0,0.2824,1.0,0.8285,0,0.0
S050,U050,R033,燕麦奶抹茶拿铁,-0.5726,0.2137,0.17,0.0,0.3056,0.75,0.0,0.2843,1.0,0.634,0,0.0
S050,U050,R034,椰奶抹茶拿铁,-0.7811,0.1094,0.1635,0.0,0.3056,0.75,0.0,0.2824,1.0,0.8641,0,0.0
S050,U050,R035,杏仁奶抹茶拿铁,-0.8024,0.0988,0.16,0.0,0.3056,0.75,0.0,0.2813,1.0,0.6663,0,0.0
S050,U050,R036,港式鸳鸯,-0.7881,0.106,0.1296,0.0,0.3056,0.75,0.0,0.2722,1.0,0.7664,0,0.0
S050,U050,R037,拿铁,-0.7892,0.1054,0.16,0.0,0.3056,0.75,0.0,0.2813,1.0,0.6347,0,0.0
S050,U050,R038,燕麦奶拿铁,-0.6078,0.1961,0.1772,0.0,0.3056,0.75,0.0,0.2865,1.0,0.8656,0,0.0
S050,U050,R039,椰奶拿铁,-0.7993,0.1004,0.1664,0.0,0.3056,0.75,0.0,0.2832,1.0,0.9168,0,0.0
S050,U050,R040,杏仁奶拿铁,-0.8017,0.0991,0.1675,0.0,0.3056,0.75,0.0,0.2836,1.0,0.9376,0,0.0
S050,U050,R041,拿铁（低咖啡因）,-0.7877,0.1061,0.1654,0.125,0.3611,0.75,0.0,0.3163,1.0,0.9309,0,0.0
S050,U050,R042,燕麦奶拿铁（低咖啡因）,-0.7949,0.1025,0.1865,0.125,0.3611,0.75,0.0,0.3226,1.0,0.8614,0,0.0
S050,U050,R043,椰奶拿铁（低咖啡因）,-0.7908,0.1046,0.1725,0.1111,0.3611,0.75,0.0,0.3156,1.0,0.6414,0,0.0
S050,U050,R044,杏仁奶拿铁（低咖啡因）,-0.79,0.105,0.176,0.125,0.3611,0.75,0.0,0.3195,1.0,0.9585,0,0.0
S050,U050,R045,卡布奇诺,-0.7903,0.1049,0.1541,0.0,0.3056,0.4,0.0,0.1921,1.0,0.9229,0,0.0
S050,U050,R046,卡布奇诺（低咖啡因）,-0.7886,0.1057,0.1599,0.1111,0.3611,0.4,0.0,0.2244,1.0,0.6547,0,0.0
S050,U050,R047,西班牙拿铁,-0.7919,0.1041,0.1318,0.0,0.3056,0.4,0.0,0.1854,1.0,0.86,0,0.0
S050,U050,R048,西班牙拿铁（低咖啡因）,-0.7914,0.1043,0.2203,0.1111,0.3611,0.75,0.0,0.33,1.0,0.5542,0,0.0
S050,U050,R049,摩卡,-0.7916,0.1042,0.1657,0.0,0.35,0.75,0.0,0.2897,1.0,0.5963,0,0.0
S050,U050,R050,燕麦奶摩卡,-0.8046,0.0977,0.1802,0.0,0.35,0.75,0.0,0.2941,1.0,0.5433,0,0.0
S050,U050,R051,椰奶摩卡,-0.8026,0.0987,0.1961,0.0,0.3611,0.75,0.0,0.3005,1.0,0.7242,0,0.0
S050,U050,R052,杏仁奶摩卡,-0.8016,0.0992,0.1952,0.0,0.3611,0.75,0.0,0.3002,1.0,0.581,0,0.0
S050,U050,R053,摩卡（低咖啡因）,-0.7933,0.1033,0.2238,0.125,0.3611,0.75,0.0,0.3338,1.0,0.7902,0,0.0
S050,U050,R054,燕麦奶摩卡（低咖啡因）,-0.7958,0.1021,0.2409,0.125,0.3611,0.75,0.0,0.3389,1.0,0.6681,0,0.0
S050,U050,R055,椰奶摩卡（低咖啡因）,-0.7979,0.101,0.2308,0.1111,0.3611,0.75,0.0,0.3331,1.0,0.9357,0,0.0
S050,U050,R056,杏仁奶摩卡（低咖啡因）,-0.7996,0.1002,0.2319,0.125,0.3611,0.75,0.0,0.3362,1.0,0.7824,0,0.0
S050,U050,R057,dirty,-0.7907,0.1046,0.1882,0.0,0.3611,0.75,0.0,0.2981,0.7,0.5752,0,0.0
S050,U050,R058,燕麦奶dirty,-0.7957,0.1022,0.2038,0.0,0.3611,0.75,0.0,0.3028,0.7,0.8564,0,0.0
S050,U050,R059,椰奶dirty,-0.798,0.101,0.1952,0.0,0.3611,0.75,0.0,0.3002,0.7,0.5455,0,0.0
S050,U050,R060,杏仁奶dirty,-0.7987,0.1006,0.1952,0.0,0.3611,0.75,0.0,0.3002,0.7,0.7704,0,0.0
S050,U050,R061,dirty（低咖啡因）,-0.7897,0.1051,0.2238,0.1111,0.3611,0.75,0.0,0.331,0.7,0.9442,0,0.0
S050,U050,R062,燕麦奶dirty（低咖啡因）,-0.7967,0.1016,0.2421,0.1111,0.3611,0.75,0.0,0.3365,0.7,0.5137,0,0.0
S050,U050,R063,椰奶dirty（低咖啡因）,-0.7993,0.1004,0.2308,0.1,0.3611,0.75,0.0,0.3309,0.7,0.6775,0,0.0
S050,U050,R064,杏仁奶dirty（低咖啡因）,-0.7944,0.1028,0.2329,0.1111,0.3611,0.75,0.0,0.3338,0.7,0.8047,0,0.0
S050,U050,R065,热可可,-0.0132,0.4934,0.2052,0.2,0.6111,1.0,0.0,0.4432,1.0,0.8346,0,0.0
S050,U050,R066,燕麦奶热可可,0.2107,0.6053,0.2213,0.2,0.6111,1.0,0.0,0.448,1.0,0.7483,1,0.6009
S050,U050,R067,杏仁奶热可可,0.1693,0.5846,0.2105,0.2,0.6111,1.0,0.0,0.4448,1.0,0.7396,1,0.5918
S050,U050,R068,玫瑰椰椰烤奶,-0.1326,0.4337,0.2289,0.125,0.6111,1.0,0.0,0.4353,1.0,0.7807,1,0.5367
S050,U050,R069,玫瑰菊花茶,0.0579,0.5289,0.1827,0.25,0.6111,1.0,0.0,0.4465,1.0,0.7956,1,0.5758
S050,U050,R070,玫瑰陈皮茶,-0.4193,0.2904,0.1798,0.1667,0.6111,1.0,0.0,0.429,1.0,0.8751,0,0.4384
S050,U050,R071,金银花菊花茶,-0.1516,0.4242,0.1736,0.2,0.6111,1.0,0.0,0.4338,1.0,0.9566,0,0.4915
S050,U050,R072,菊花柠檬茶,-0.6796,0.1602,0.1666,0.1429,0.6111,1.0,0.0,0.4202,1.0,0.9264,0,0.3915
S050,U050,R073,薰衣草柠檬茶,-0.6864,0.1568,0.1657,0.125,0.6111,1.0,0.0,0.4164,1.0,0.717,0,0.3781
S050,U050,R074,百花茶,-0.4969,0.2516,0.1785,0.2,0.6111,1.0,0.0,0.4352,1.0,0.9524,0,0.4315
S050,U050,R075,洛神花玫瑰茶,-0.6243,0.1878,0.1785,0.2,0.6111,1.0,0.0,0.4352,1.0,0.7029,0,0.3967
S050,U050,R076,洛神花苹果茶,-0.7695,0.1152,0.176,0.1667,0.6111,1.0,0.0,0.4278,1.0,0.7618,0,0.3709
S050,U050,R077,金银花荷叶茶,-0.6206,0.1897,0.1625,0.2,0.6111,1.0,0.0,0.4304,1.0,0.9373,0,0.4069
S050,U050,R078,百合玫瑰茶,0.1623,0.5811,0.1875,0.25,0.6111,1.0,0.0,0.4479,1.0,0.9749,1,0.6037
S050,U050,R079,陈皮苹果茶,-0.5269,0.2366,0.1772,0.1667,0.6111,1.0,0.0,0.4282,1.0,0.8727,0,0.4191
