input_id,body,mood,scene,flavor_preference,temperature_preference,limits,推荐方向,top1_recipe_id,top1_name,top1_score,top1_reason,top2_recipe_id,top2_name,top2_score,top2_reason,top3_recipe_id,top3_name,top3_score,top3_reason,manual_choice,manual_note
U0001,疲劳、困倦,低落,图书馆/自习室,清爽、茶香、果香,冷饮,低糖、咖啡因敏感慎用,低糖冷饮清爽茶香型,R045,荷叶陈皮,0.7646,匹配你的身体状态：疲劳；匹配你的心情状态：低落；匹配你的感官偏好：果香、清爽；已考虑你的健康约束：低糖、咖啡因敏感慎用,R038,菊花柠檬草,0.7645,匹配你的身体状态：疲劳；匹配你的心情状态：低落；匹配你的感官偏好：果香、清爽；已考虑你的健康约束：低糖、咖啡因敏感慎用,R055,薰衣草蓝莓,0.7645,匹配你的身体状态：疲劳；匹配你的心情状态：低落；匹配你的感官偏好：果香、清爽；已考虑你的健康约束：低糖、咖啡因敏感慎用,,
U0002,困倦、疲劳,低落,家/宿舍,奶香、甜感,热饮,乳糖不耐慎用,乳糖不耐慎用热饮奶香甜感型,R069,焙茶豆奶,0.8336,匹配你的身体状态：困倦、疲劳；匹配你的心情状态：低落；匹配你的感官偏好：奶香；匹配你的冷热偏好：热饮；已考虑你的健康约束：乳糖不耐慎用,R056,陈皮红茶,0.8336,匹配你的身体状态：困倦、疲劳；匹配你的心情状态：低落；匹配你的感官偏好：甜感；匹配你的冷热偏好：热饮；已考虑你的健康约束：乳糖不耐慎用,R039,茉莉花白茶,0.8336,匹配你的身体状态：困倦、疲劳；匹配你的心情状态：低落；匹配你的感官偏好：甜感；匹配你的冷热偏好：热饮；已考虑你的健康约束：乳糖不耐慎用,,
U0003,良好,开心,商场/商业街,清爽、果香、甜感,冷饮,,冷饮清爽果香型,R090,黑巧椰乳,0.7776,匹配你的心情状态：开心；匹配你的场景：商场/商业街；匹配你的感官偏好：果香、清爽、甜感；匹配你的冷热偏好：冷饮,R113,椰奶荔枝,0.7776,匹配你的心情状态：开心；匹配你的场景：商场/商业街；匹配你的感官偏好：果香、清爽、甜感；匹配你的冷热偏好：冷饮,R050,柠檬草橙子,0.8054,匹配你的身体状态：良好；匹配你的心情状态：开心；匹配你的感官偏好：果香、清爽、甜感,,
U0004,困倦,紧张,图书馆/自习室,清爽、花香,常温,咖啡因敏感慎用,咖啡因敏感慎用常温清爽花香型,R045,荷叶陈皮,0.7346,匹配你的心情状态：紧张；匹配你的感官偏好：清爽、花香；已考虑你的健康约束：咖啡因敏感慎用,R038,菊花柠檬草,0.7345,匹配你的心情状态：紧张；匹配你的感官偏好：清爽、花香；已考虑你的健康约束：咖啡因敏感慎用,R055,薰衣草蓝莓,0.7343,匹配你的心情状态：紧张；匹配你的感官偏好：清爽、花香；已考虑你的健康约束：咖啡因敏感慎用,,
U0005,良好,低落,图书馆/自习室,清爽,热饮,低糖、低刺激,低糖热饮清爽型,R045,荷叶陈皮,0.7716,匹配你的心情状态：低落；匹配你的感官偏好：清爽；匹配你的冷热偏好：热饮；已考虑你的健康约束：低糖、低刺激,R038,菊花柠檬草,0.7715,匹配你的心情状态：低落；匹配你的感官偏好：清爽；匹配你的冷热偏好：热饮；已考虑你的健康约束：低糖、低刺激,R055,薰衣草蓝莓,0.7714,匹配你的心情状态：低落；匹配你的感官偏好：清爽；匹配你的冷热偏好：热饮；已考虑你的健康约束：低糖、低刺激,,
U0006,疲劳,烦躁,家/宿舍、图书馆/自习室,清爽、果香,冷饮,低糖、咖啡因敏感慎用,低糖冷饮清爽果香型,R055,薰衣草蓝莓,0.7686,匹配你的身体状态：疲劳；匹配你的场景：家/宿舍；匹配你的感官偏好：果香、清爽；已考虑你的健康约束：低糖、咖啡因敏感慎用,R111,豆奶苹果,0.7686,匹配你的身体状态：疲劳；匹配你的场景：家/宿舍；匹配你的感官偏好：果香、清爽；已考虑你的健康约束：低糖、咖啡因敏感慎用,R116,椰乳百合,0.7686,匹配你的身体状态：疲劳；匹配你的场景：家/宿舍；匹配你的感官偏好：果香、清爽；已考虑你的健康约束：低糖、咖啡因敏感慎用,,
U0007,疲劳、口渴,开心,健身房/运动场,果香、酸感、甜感,冷饮,低糖,低糖冷饮果香酸感型,R083,冷萃咖啡椰子水,0.836,匹配你的身体状态：口渴、疲劳；匹配你的心情状态：开心；匹配你的感官偏好：果香、甜感；匹配你的冷热偏好：冷饮；已考虑你的健康约束：低糖,R089,可可粉豆奶,0.8076,匹配你的身体状态：疲劳；匹配你的心情状态：开心；匹配你的感官偏好：果香、甜感、酸感；匹配你的冷热偏好：冷饮；已考虑你的健康约束：低糖,R109,酸奶草莓,0.8076,匹配你的身体状态：疲劳；匹配你的心情状态：开心；匹配你的感官偏好：果香、甜感、酸感；匹配你的冷热偏好：冷饮；已考虑你的健康约束：低糖,,
U0008,疲劳,低落,家/宿舍,花香,热饮,低糖,低糖热饮花香型,R069,焙茶豆奶,0.8401,匹配你的身体状态：疲劳；匹配你的心情状态：低落；匹配你的感官偏好：花香；匹配你的冷热偏好：热饮；已考虑你的健康约束：低糖,R039,茉莉花白茶,0.8401,匹配你的身体状态：疲劳；匹配你的心情状态：低落；匹配你的感官偏好：花香；匹配你的冷热偏好：热饮；已考虑你的健康约束：低糖,R056,陈皮红茶,0.8401,匹配你的身体状态：疲劳；匹配你的心情状态：低落；匹配你的感官偏好：花香；匹配你的冷热偏好：热饮；已考虑你的健康约束：低糖,,
U0009,疲劳、感觉有点冷,平静,地铁/公交/车站、公园/户外,茶香,热饮,,热饮茶香型,R030,芒果红茶,0.7698,匹配你的身体状态：疲劳；匹配你的心情状态：平静；匹配你的感官偏好：茶香,R061,焙茶鲜奶,0.7726,匹配你的身体状态：疲劳；匹配你的感官偏好：茶香；匹配你的冷热偏好：热饮,R075,红茶淡奶油,0.7726,匹配你的身体状态：疲劳；匹配你的感官偏好：茶香；匹配你的冷热偏好：热饮,,
U0010,良好,开心,商场/商业街,清爽、果香、酸感,常温,低糖、低刺激,低糖常温清爽果香型,R050,柠檬草橙子,0.8402,匹配你的身体状态：良好；匹配你的心情状态：开心；匹配你的感官偏好：果香、清爽、酸感；匹配你的冷热偏好：常温；已考虑你的健康约束：低糖、低刺激,R119,椰子水橙子,0.8402,匹配你的身体状态：良好；匹配你的心情状态：开心；匹配你的感官偏好：果香、清爽、酸感；匹配你的冷热偏好：常温；已考虑你的健康约束：低糖、低刺激,R043,金银花菊花,0.8312,匹配你的身体状态：良好；匹配你的心情状态：开心；匹配你的感官偏好：清爽；匹配你的冷热偏好：常温；已考虑你的健康约束：低糖、低刺激,,
U0011,良好,烦躁,商场/商业街,清爽、果香、酸感,冷饮,,冷饮清爽果香型,R050,柠檬草橙子,0.7711,匹配你的身体状态：良好；匹配你的感官偏好：果香、清爽、酸感,R119,椰子水橙子,0.7711,匹配你的身体状态：良好；匹配你的感官偏好：果香、清爽、酸感,R102,苹果陈皮气泡饮,0.7996,匹配你的身体状态：良好；匹配你的场景：商场/商业街；匹配你的感官偏好：果香、清爽；匹配你的冷热偏好：冷饮,,
U0012,良好,紧张,学校/教学楼,清爽、花香,热饮,低刺激、咖啡因敏感慎用,低刺激热饮清爽花香型,R045,荷叶陈皮,0.7714,匹配你的心情状态：紧张；匹配你的感官偏好：清爽、花香；匹配你的冷热偏好：热饮；已考虑你的健康约束：低刺激、咖啡因敏感慎用,R038,菊花柠檬草,0.7714,匹配你的心情状态：紧张；匹配你的感官偏好：清爽、花香；匹配你的冷热偏好：热饮；已考虑你的健康约束：低刺激、咖啡因敏感慎用,R055,薰衣草蓝莓,0.7713,匹配你的心情状态：紧张；匹配你的感官偏好：清爽、花香；匹配你的冷热偏好：热饮；已考虑你的健康约束：低刺激、咖啡因敏感慎用,,
U0013,疲劳,低落,图书馆/自习室,甜感,热饮,低糖、乳糖不耐慎用,低糖热饮甜感型,R082,咖啡椰乳,0.8393,匹配你的身体状态：疲劳；匹配你的心情状态：低落；匹配你的场景：图书馆/自习室；匹配你的感官偏好：甜感；匹配你的冷热偏好：热饮；已考虑你的健康约束：低糖、乳糖不耐慎用,R069,焙茶豆奶,0.8301,匹配你的身体状态：疲劳；匹配你的心情状态：低落；匹配你的场景：图书馆/自习室；匹配你的冷热偏好：热饮；已考虑你的健康约束：低糖、乳糖不耐慎用,R056,陈皮红茶,0.8393,匹配你的身体状态：疲劳；匹配你的心情状态：低落；匹配你的场景：图书馆/自习室；匹配你的感官偏好：甜感；匹配你的冷热偏好：热饮；已考虑你的健康约束：低糖、乳糖不耐慎用,,
U0014,良好,紧张,商场/商业街,清爽、茶香,冷饮,低糖,低糖冷饮清爽茶香型,R053,百合椰子水,0.7592,匹配你的身体状态：良好；匹配你的感官偏好：清爽；已考虑你的健康约束：低糖,R043,金银花菊花,0.7592,匹配你的身体状态：良好；匹配你的感官偏好：清爽；已考虑你的健康约束：低糖,R050,柠檬草橙子,0.7592,匹配你的身体状态：良好；匹配你的感官偏好：清爽；已考虑你的健康约束：低糖,,
U0015,困倦、疲劳,烦躁,家/宿舍,清爽,热饮,低糖、咖啡因敏感慎用,低糖热饮清爽型,R038,菊花柠檬草,0.7686,匹配你的身体状态：疲劳；匹配你的场景：家/宿舍；匹配你的感官偏好：清爽；匹配你的冷热偏好：热饮；已考虑你的健康约束：低糖、咖啡因敏感慎用,R045,荷叶陈皮,0.7686,匹配你的身体状态：疲劳；匹配你的场景：家/宿舍；匹配你的感官偏好：清爽；匹配你的冷热偏好：热饮；已考虑你的健康约束：低糖、咖啡因敏感慎用,R055,薰衣草蓝莓,0.7686,匹配你的身体状态：疲劳；匹配你的场景：家/宿舍；匹配你的感官偏好：清爽；匹配你的冷热偏好：热饮；已考虑你的健康约束：低糖、咖啡因敏感慎用,,
U0016,疲劳,低落,家/宿舍,清爽、果香、酸感,热饮,低刺激,低刺激热饮清爽果香型,R055,薰衣草蓝莓,0.8394,匹配你的身体状态：疲劳；匹配你的心情状态：低落；匹配你的场景：家/宿舍；匹配你的感官偏好：果香、清爽、酸感；匹配你的冷热偏好：热饮；已考虑你的健康约束：低刺激,R116,椰乳百合,0.8362,匹配你的身体状态：疲劳；匹配你的心情状态：低落；匹配你的场景：家/宿舍；匹配你的感官偏好：果香、清爽；匹配你的冷热偏好：热饮；已考虑你的健康约束：低刺激,R037,玫瑰桂花,0.8332,匹配你的身体状态：疲劳；匹配你的心情状态：低落；匹配你的场景：家/宿舍；匹配你的感官偏好：清爽；匹配你的冷热偏好：热饮；已考虑你的健康约束：低刺激,,
U0017,感觉有点冷,烦躁,图书馆/自习室、公园/户外,清爽,热饮,低刺激,低刺激热饮清爽型,R055,薰衣草蓝莓,0.8072,匹配你的身体状态：感觉有点冷；匹配你的感官偏好：清爽；匹配你的冷热偏好：热饮；已考虑你的健康约束：低刺激,R038,菊花柠檬草,0.8072,匹配你的身体状态：感觉有点冷；匹配你的感官偏好：清爽；匹配你的冷热偏好：热饮；已考虑你的健康约束：低刺激,R045,荷叶陈皮,0.8072,匹配你的身体状态：感觉有点冷；匹配你的感官偏好：清爽；匹配你的冷热偏好：热饮；已考虑你的健康约束：低刺激,,
U0018,良好、疲劳,紧张,家/宿舍,茶香,常温,低糖、咖啡因敏感慎用,低糖常温茶香型,R045,荷叶陈皮,0.7621,匹配你的身体状态：疲劳；匹配你的心情状态：紧张；匹配你的场景：家/宿舍；已考虑你的健康约束：低糖、咖啡因敏感慎用,R038,菊花柠檬草,0.762,匹配你的身体状态：疲劳；匹配你的心情状态：紧张；匹配你的场景：家/宿舍；已考虑你的健康约束：低糖、咖啡因敏感慎用,R061,焙茶鲜奶,0.7173,匹配你的身体状态：疲劳；匹配你的感官偏好：茶香；已考虑你的健康约束：低糖、咖啡因敏感慎用,,
U0019,良好、疲劳,低落,家/宿舍,果香、甜感,常温,,常温果香甜感型,R022,苹果茉莉绿茶,0.7729,匹配你的身体状态：疲劳；匹配你的感官偏好：果香、甜感；匹配你的冷热偏好：常温,R007,蓝莓白茶,0.7729,匹配你的身体状态：疲劳；匹配你的感官偏好：果香、甜感；匹配你的冷热偏好：常温,R016,柠檬铁观音,0.7729,匹配你的身体状态：疲劳；匹配你的感官偏好：果香、甜感；匹配你的冷热偏好：常温,,
U0020,疲劳、感觉有点热,平静,商场/商业街、公园/户外,清爽,冷饮,低糖,低糖冷饮清爽型,R050,柠檬草橙子,0.7352,匹配你的心情状态：平静；匹配你的感官偏好：清爽；已考虑你的健康约束：低糖,R119,椰子水橙子,0.7352,匹配你的心情状态：平静；匹配你的感官偏好：清爽；已考虑你的健康约束：低糖,R048,玫瑰草莓,0.7686,匹配你的身体状态：感觉有点热；匹配你的场景：公园/户外、商场/商业街；匹配你的感官偏好：清爽；匹配你的冷热偏好：冷饮；已考虑你的健康约束：低糖,,
U0021,疲劳,低落,图书馆/自习室,清爽,热饮,,热饮清爽型,R091,低因咖啡椰奶,0.8394,匹配你的身体状态：疲劳；匹配你的心情状态：低落；匹配你的场景：图书馆/自习室；匹配你的感官偏好：清爽；匹配你的冷热偏好：热饮,R062,玄米茶燕麦奶,0.8394,匹配你的身体状态：疲劳；匹配你的心情状态：低落；匹配你的场景：图书馆/自习室；匹配你的感官偏好：清爽；匹配你的冷热偏好：热饮,R076,焙茶奶泡,0.8394,匹配你的身体状态：疲劳；匹配你的心情状态：低落；匹配你的场景：图书馆/自习室；匹配你的感官偏好：清爽；匹配你的冷热偏好：热饮,,
U0022,疲劳,开心,家/宿舍,清爽,常温,低糖、低刺激,低糖常温清爽型,R055,薰衣草蓝莓,0.7693,匹配你的身体状态：疲劳；匹配你的场景：家/宿舍；匹配你的感官偏好：清爽；已考虑你的健康约束：低糖、低刺激,R037,玫瑰桂花,0.8095,匹配你的身体状态：疲劳；匹配你的心情状态：开心；匹配你的场景：家/宿舍；匹配你的感官偏好：清爽；已考虑你的健康约束：低糖、低刺激,R040,薰衣草洋甘菊,0.8095,匹配你的身体状态：疲劳；匹配你的心情状态：开心；匹配你的场景：家/宿舍；匹配你的感官偏好：清爽；已考虑你的健康约束：低糖、低刺激,,
U0023,良好、疲劳,烦躁,家/宿舍,奶香,热饮,乳糖不耐慎用,乳糖不耐慎用热饮奶香型,R069,焙茶豆奶,0.7724,匹配你的身体状态：疲劳；匹配你的感官偏好：奶香；匹配你的冷热偏好：热饮；已考虑你的健康约束：乳糖不耐慎用,R030,芒果红茶,0.7535,匹配你的身体状态：疲劳；匹配你的心情状态：烦躁；已考虑你的健康约束：乳糖不耐慎用,R022,苹果茉莉绿茶,0.7534,匹配你的身体状态：疲劳；匹配你的心情状态：烦躁；已考虑你的健康约束：乳糖不耐慎用,,
U0024,疲劳,平静,图书馆/自习室,清爽,热饮,低糖,低糖热饮清爽型,R020,草莓玄米茶,0.8394,匹配你的身体状态：疲劳；匹配你的心情状态：平静；匹配你的场景：图书馆/自习室；匹配你的感官偏好：清爽；匹配你的冷热偏好：热饮；已考虑你的健康约束：低糖,R014,葡萄焙茶,0.8394,匹配你的身体状态：疲劳；匹配你的心情状态：平静；匹配你的场景：图书馆/自习室；匹配你的感官偏好：清爽；匹配你的冷热偏好：热饮；已考虑你的健康约束：低糖,R028,苹果焙茶,0.8394,匹配你的身体状态：疲劳；匹配你的心情状态：平静；匹配你的场景：图书馆/自习室；匹配你的感官偏好：清爽；匹配你的冷热偏好：热饮；已考虑你的健康约束：低糖,,
U0025,良好,烦躁,地铁/公交/车站,清爽,常温,,常温清爽型,R022,苹果茉莉绿茶,0.7711,匹配你的心情状态：烦躁；匹配你的感官偏好：清爽；匹配你的冷热偏好：常温,R043,金银花菊花,0.8053,匹配你的身体状态：良好；匹配你的场景：地铁/公交/车站；匹配你的感官偏好：清爽；匹配你的冷热偏好：常温,R053,百合椰子水,0.8052,匹配你的身体状态：良好；匹配你的场景：地铁/公交/车站；匹配你的感官偏好：清爽；匹配你的冷热偏好：常温,,
U0026,良好,紧张,商场/商业街,清爽,常温,咖啡因敏感慎用,咖啡因敏感慎用常温清爽型,R043,金银花菊花,0.8071,匹配你的身体状态：良好；匹配你的感官偏好：清爽；匹配你的冷热偏好：常温；已考虑你的健康约束：咖啡因敏感慎用,R053,百合椰子水,0.8071,匹配你的身体状态：良好；匹配你的感官偏好：清爽；匹配你的冷热偏好：常温；已考虑你的健康约束：咖啡因敏感慎用,R038,菊花柠檬草,0.735,匹配你的心情状态：紧张；匹配你的感官偏好：清爽；已考虑你的健康约束：咖啡因敏感慎用,,
U0027,疲劳,平静,图书馆/自习室,果香、酸感、甜感,常温,,常温果香酸感型,R030,芒果红茶,0.8361,匹配你的身体状态：疲劳；匹配你的心情状态：平静；匹配你的场景：图书馆/自习室；匹配你的感官偏好：果香、甜感；匹配你的冷热偏好：常温,R014,葡萄焙茶,0.8059,匹配你的身体状态：疲劳；匹配你的心情状态：平静；匹配你的场景：图书馆/自习室；匹配你的感官偏好：果香、甜感,R028,苹果焙茶,0.8059,匹配你的身体状态：疲劳；匹配你的心情状态：平静；匹配你的场景：图书馆/自习室；匹配你的感官偏好：果香、甜感,,
U0028,良好,紧张,图书馆/自习室,茶香,热饮,低糖、咖啡因敏感慎用,低糖热饮茶香型,R061,焙茶鲜奶,0.7155,匹配你的场景：图书馆/自习室；匹配你的感官偏好：茶香；匹配你的冷热偏好：热饮；已考虑你的健康约束：低糖、咖啡因敏感慎用,R075,红茶淡奶油,0.7154,匹配你的场景：图书馆/自习室；匹配你的感官偏好：茶香；匹配你的冷热偏好：热饮；已考虑你的健康约束：低糖、咖啡因敏感慎用,R045,荷叶陈皮,0.7528,匹配你的心情状态：紧张；匹配你的冷热偏好：热饮；已考虑你的健康约束：低糖、咖啡因敏感慎用,,
U0029,良好,平静,商场/商业街,咖啡香、苦感,热饮,低糖,低糖热饮咖啡香苦感型,R061,焙茶鲜奶,0.7195,匹配你的感官偏好：咖啡香；匹配你的冷热偏好：热饮；已考虑你的健康约束：低糖,R075,红茶淡奶油,0.7195,匹配你的感官偏好：苦感；匹配你的冷热偏好：热饮；已考虑你的健康约束：低糖,R030,芒果红茶,0.7255,匹配你的心情状态：平静；匹配你的感官偏好：苦感；已考虑你的健康约束：低糖,,
U0030,良好、疲劳,低落,家/宿舍,花香,热饮,,热饮花香型,R069,焙茶豆奶,0.8073,匹配你的身体状态：疲劳；匹配你的心情状态：低落；匹配你的感官偏好：花香；匹配你的冷热偏好：热饮,R030,芒果红茶,0.7059,匹配你的身体状态：疲劳,R022,苹果茉莉绿茶,0.7309,匹配你的身体状态：疲劳；匹配你的感官偏好：花香,,
U0031,疲劳,低落,家/宿舍,清爽、果香,冷饮,低糖,低糖冷饮清爽果香型,R083,冷萃咖啡椰子水,0.8073,匹配你的身体状态：疲劳；匹配你的感官偏好：果香、清爽；匹配你的冷热偏好：冷饮；已考虑你的健康约束：低糖,R081,美式咖啡液橙子,0.8073,匹配你的身体状态：疲劳；匹配你的感官偏好：果香、清爽；匹配你的冷热偏好：冷饮；已考虑你的健康约束：低糖,R009,桃子轻发酵乌龙,0.8072,匹配你的身体状态：疲劳；匹配你的感官偏好：果香、清爽；匹配你的冷热偏好：冷饮；已考虑你的健康约束：低糖,,
U0032,困倦、疲劳,平静,家/宿舍,清爽、果香,冷饮,,冷饮清爽果香型,R009,桃子轻发酵乌龙,0.8072,匹配你的身体状态：困倦、疲劳；匹配你的感官偏好：果香、清爽；匹配你的冷热偏好：冷饮,R012,荔枝茉莉绿茶,0.8072,匹配你的身体状态：困倦、疲劳；匹配你的感官偏好：果香、清爽；匹配你的冷热偏好：冷饮,R033,草莓茉莉绿茶,0.8072,匹配你的身体状态：困倦、疲劳；匹配你的感官偏好：果香、清爽；匹配你的冷热偏好：冷饮,,
U0033,困倦,平静,图书馆/自习室,酸感、甜感,冷饮,低糖、咖啡因敏感慎用,低糖冷饮酸感甜感型,R045,荷叶陈皮,0.7267,匹配你的心情状态：平静；匹配你的感官偏好：甜感；已考虑你的健康约束：低糖、咖啡因敏感慎用,R038,菊花柠檬草,0.7266,匹配你的心情状态：平静；匹配你的感官偏好：甜感；已考虑你的健康约束：低糖、咖啡因敏感慎用,R055,薰衣草蓝莓,0.7349,匹配你的心情状态：平静；匹配你的感官偏好：甜感、酸感；已考虑你的健康约束：低糖、咖啡因敏感慎用,,
U0034,疲劳、口渴,平静,健身房/运动场,清爽,冷饮,低糖,低糖冷饮清爽型,R083,冷萃咖啡椰子水,0.8072,匹配你的身体状态：口渴、疲劳；匹配你的感官偏好：清爽；匹配你的冷热偏好：冷饮；已考虑你的健康约束：低糖,R009,桃子轻发酵乌龙,0.773,匹配你的身体状态：疲劳；匹配你的感官偏好：清爽；匹配你的冷热偏好：冷饮；已考虑你的健康约束：低糖,R012,荔枝茉莉绿茶,0.773,匹配你的身体状态：疲劳；匹配你的感官偏好：清爽；匹配你的冷热偏好：冷饮；已考虑你的健康约束：低糖,,
U0035,疲劳,平静,家/宿舍,清爽,热饮,低糖,低糖热饮清爽型,R045,荷叶陈皮,0.8394,匹配你的身体状态：疲劳；匹配你的心情状态：平静；匹配你的场景：家/宿舍；匹配你的感官偏好：清爽；匹配你的冷热偏好：热饮；已考虑你的健康约束：低糖,R038,菊花柠檬草,0.8394,匹配你的身体状态：疲劳；匹配你的心情状态：平静；匹配你的场景：家/宿舍；匹配你的感官偏好：清爽；匹配你的冷热偏好：热饮；已考虑你的健康约束：低糖,R008,苹果玄米茶,0.8072,匹配你的身体状态：疲劳；匹配你的感官偏好：清爽；匹配你的冷热偏好：热饮；已考虑你的健康约束：低糖,,
U0036,疲劳,烦躁,家/宿舍,清爽,热饮,低刺激,低刺激热饮清爽型,R055,薰衣草蓝莓,0.8058,匹配你的身体状态：疲劳；匹配你的场景：家/宿舍；匹配你的感官偏好：清爽；匹配你的冷热偏好：热饮；已考虑你的健康约束：低刺激,R038,菊花柠檬草,0.8058,匹配你的身体状态：疲劳；匹配你的场景：家/宿舍；匹配你的感官偏好：清爽；匹配你的冷热偏好：热饮；已考虑你的健康约束：低刺激,R045,荷叶陈皮,0.8057,匹配你的身体状态：疲劳；匹配你的场景：家/宿舍；匹配你的感官偏好：清爽；匹配你的冷热偏好：热饮；已考虑你的健康约束：低刺激,,
U0037,良好,开心,商场/商业街,果香、花香、甜感,常温,低刺激,低刺激常温果香花香型,R043,金银花菊花,0.836,匹配你的身体状态：良好；匹配你的心情状态：开心；匹配你的感官偏好：甜感、花香；匹配你的冷热偏好：常温；已考虑你的健康约束：低刺激,R050,柠檬草橙子,0.8401,匹配你的身体状态：良好；匹配你的心情状态：开心；匹配你的感官偏好：果香、甜感、花香；匹配你的冷热偏好：常温；已考虑你的健康约束：低刺激,R119,椰子水橙子,0.8401,匹配你的身体状态：良好；匹配你的心情状态：开心；匹配你的感官偏好：果香、甜感、花香；匹配你的冷热偏好：常温；已考虑你的健康约束：低刺激,,
U0038,良好、疲劳,烦躁,家/宿舍,清爽,热饮,乳糖不耐慎用,乳糖不耐慎用热饮清爽型,R038,菊花柠檬草,0.7685,匹配你的身体状态：疲劳；匹配你的场景：家/宿舍；匹配你的感官偏好：清爽；匹配你的冷热偏好：热饮；已考虑你的健康约束：乳糖不耐慎用,R045,荷叶陈皮,0.7685,匹配你的身体状态：疲劳；匹配你的场景：家/宿舍；匹配你的感官偏好：清爽；匹配你的冷热偏好：热饮；已考虑你的健康约束：乳糖不耐慎用,R055,薰衣草蓝莓,0.7685,匹配你的身体状态：疲劳；匹配你的场景：家/宿舍；匹配你的感官偏好：清爽；匹配你的冷热偏好：热饮；已考虑你的健康约束：乳糖不耐慎用,,
U0039,良好,平静,图书馆/自习室,奶香、茶香,冷饮,低糖,低糖冷饮茶香奶香型,R061,焙茶鲜奶,0.6832,匹配你的场景：图书馆/自习室；匹配你的感官偏好：奶香、茶香；已考虑你的健康约束：低糖,R075,红茶淡奶油,0.6832,匹配你的场景：图书馆/自习室；匹配你的感官偏好：奶香、茶香；已考虑你的健康约束：低糖,R030,芒果红茶,0.7308,匹配你的心情状态：平静；匹配你的场景：图书馆/自习室；匹配你的感官偏好：茶香；已考虑你的健康约束：低糖,,
U0040,良好,低落,图书馆/自习室,清爽,热饮,,热饮清爽型,R022,苹果茉莉绿茶,0.6847,匹配你的场景：图书馆/自习室；匹配你的感官偏好：清爽,R039,茉莉花白茶,0.7776,匹配你的心情状态：低落；匹配你的场景：图书馆/自习室；匹配你的感官偏好：清爽；匹配你的冷热偏好：热饮,R014,葡萄焙茶,0.728,匹配你的场景：图书馆/自习室；匹配你的感官偏好：清爽；匹配你的冷热偏好：热饮,,
U0041,困倦,烦躁,图书馆/自习室,茶香,冷饮,低糖、咖啡因敏感慎用,低糖冷饮茶香型,R045,荷叶陈皮,0.6619,已考虑你的健康约束：低糖、咖啡因敏感慎用,R038,菊花柠檬草,0.6616,已考虑你的健康约束：低糖、咖啡因敏感慎用,R061,焙茶鲜奶,0.7576,匹配你的身体状态：困倦；匹配你的场景：图书馆/自习室；匹配你的感官偏好：茶香；已考虑你的健康约束：低糖、咖啡因敏感慎用,,
U0042,疲劳,紧张,学校/教学楼、图书馆/自习室,茶香,常温,低糖、咖啡因敏感慎用,低糖常温茶香型,R061,焙茶鲜奶,0.7569,匹配你的身体状态：疲劳；匹配你的场景：图书馆/自习室、学校/教学楼；匹配你的感官偏好：茶香；已考虑你的健康约束：低糖、咖啡因敏感慎用,R075,红茶淡奶油,0.7569,匹配你的身体状态：疲劳；匹配你的场景：图书馆/自习室、学校/教学楼；匹配你的感官偏好：茶香；已考虑你的健康约束：低糖、咖啡因敏感慎用,R045,荷叶陈皮,0.7866,匹配你的身体状态：疲劳；匹配你的心情状态：紧张；已考虑你的健康约束：低糖、咖啡因敏感慎用,,
U0043,良好,紧张,学校/教学楼、图书馆/自习室,清爽、果香、花香,常温,,常温清爽果香型,R022,苹果茉莉绿茶,0.7774,匹配你的心情状态：紧张；匹配你的场景：图书馆/自习室、学校/教学楼；匹配你的感官偏好：果香、清爽、花香；匹配你的冷热偏好：常温,R030,芒果红茶,0.7727,匹配你的心情状态：紧张；匹配你的场景：图书馆/自习室、学校/教学楼；匹配你的感官偏好：果香、清爽；匹配你的冷热偏好：常温,R039,茉莉花白茶,0.7344,匹配你的心情状态：紧张；匹配你的场景：图书馆/自习室、学校/教学楼；匹配你的感官偏好：清爽、花香,,
U0044,疲劳,低落,家/宿舍、商场/商业街,奶香、花香,热饮,低糖、乳糖不耐慎用,低糖热饮奶香花香型,R039,茉莉花白茶,0.8336,匹配你的身体状态：疲劳；匹配你的心情状态：低落；匹配你的感官偏好：花香；匹配你的冷热偏好：热饮；已考虑你的健康约束：低糖、乳糖不耐慎用,R069,焙茶豆奶,0.8401,匹配你的身体状态：疲劳；匹配你的心情状态：低落；匹配你的感官偏好：奶香、花香；匹配你的冷热偏好：热饮；已考虑你的健康约束：低糖、乳糖不耐慎用,R056,陈皮红茶,0.8335,匹配你的身体状态：疲劳；匹配你的心情状态：低落；匹配你的感官偏好：花香；匹配你的冷热偏好：热饮；已考虑你的健康约束：低糖、乳糖不耐慎用,,
U0045,良好,烦躁,地铁/公交/车站,茶香、花香,热饮,咖啡因敏感慎用,咖啡因敏感慎用热饮茶香花香型,R045,荷叶陈皮,0.7163,匹配你的感官偏好：花香；匹配你的冷热偏好：热饮；已考虑你的健康约束：咖啡因敏感慎用,R038,菊花柠檬草,0.7161,匹配你的感官偏好：花香；匹配你的冷热偏好：热饮；已考虑你的健康约束：咖啡因敏感慎用,R043,金银花菊花,0.7534,匹配你的身体状态：良好；匹配你的场景：地铁/公交/车站；匹配你的感官偏好：花香；已考虑你的健康约束：咖啡因敏感慎用,,
U0046,疲劳,平静,家/宿舍,甜感,常温,低糖、乳糖不耐慎用,低糖常温甜感型,R022,苹果茉莉绿茶,0.8402,匹配你的身体状态：疲劳；匹配你的心情状态：平静；匹配你的感官偏好：甜感；匹配你的冷热偏好：常温；已考虑你的健康约束：低糖、乳糖不耐慎用,R030,芒果红茶,0.8402,匹配你的身体状态：疲劳；匹配你的心情状态：平静；匹配你的感官偏好：甜感；匹配你的冷热偏好：常温；已考虑你的健康约束：低糖、乳糖不耐慎用,R039,茉莉花白茶,0.8053,匹配你的身体状态：疲劳；匹配你的心情状态：平静；匹配你的感官偏好：甜感；已考虑你的健康约束：低糖、乳糖不耐慎用,,
U0047,疲劳,紧张,家/宿舍、图书馆/自习室,清爽、果香、花香,常温,低糖、咖啡因敏感慎用,低糖常温清爽果香型,R038,菊花柠檬草,0.8056,匹配你的身体状态：疲劳；匹配你的心情状态：紧张；匹配你的场景：家/宿舍；匹配你的感官偏好：果香、清爽、花香；已考虑你的健康约束：低糖、咖啡因敏感慎用,R045,荷叶陈皮,0.8056,匹配你的身体状态：疲劳；匹配你的心情状态：紧张；匹配你的场景：家/宿舍；匹配你的感官偏好：果香、清爽、花香；已考虑你的健康约束：低糖、咖啡因敏感慎用,R055,薰衣草蓝莓,0.8055,匹配你的身体状态：疲劳；匹配你的心情状态：紧张；匹配你的场景：家/宿舍；匹配你的感官偏好：果香、清爽、花香；已考虑你的健康约束：低糖、咖啡因敏感慎用,,
U0048,良好,烦躁,图书馆/自习室,清爽、酸感、甜感,热饮,低刺激,低刺激热饮清爽酸感型,R055,薰衣草蓝莓,0.7346,匹配你的感官偏好：清爽、甜感、酸感；匹配你的冷热偏好：热饮；已考虑你的健康约束：低刺激,R038,菊花柠檬草,0.7255,匹配你的感官偏好：清爽、甜感；匹配你的冷热偏好：热饮；已考虑你的健康约束：低刺激,R045,荷叶陈皮,0.7254,匹配你的感官偏好：清爽、甜感；匹配你的冷热偏好：热饮；已考虑你的健康约束：低刺激,,
U0049,疲劳、口渴,开心,家/宿舍、健身房/运动场,清爽、果香,冷饮,低糖,低糖冷饮清爽果香型,R090,黑巧椰乳,0.8386,匹配你的身体状态：口渴、疲劳；匹配你的心情状态：开心；匹配你的场景：家/宿舍；匹配你的感官偏好：果香、清爽；匹配你的冷热偏好：冷饮；已考虑你的健康约束：低糖,R083,冷萃咖啡椰子水,0.8402,匹配你的身体状态：口渴、疲劳；匹配你的心情状态：开心；匹配你的感官偏好：果香、清爽；匹配你的冷热偏好：冷饮；已考虑你的健康约束：低糖,R113,椰奶荔枝,0.8386,匹配你的身体状态：口渴、疲劳；匹配你的心情状态：开心；匹配你的场景：家/宿舍；匹配你的感官偏好：果香、清爽；匹配你的冷热偏好：冷饮；已考虑你的健康约束：低糖,,
U0050,良好、疲劳,低落,家/宿舍,奶香,热饮,乳糖不耐慎用,乳糖不耐慎用热饮奶香型,R069,焙茶豆奶,0.8073,匹配你的身体状态：疲劳；匹配你的心情状态：低落；匹配你的感官偏好：奶香；匹配你的冷热偏好：热饮；已考虑你的健康约束：乳糖不耐慎用,R030,芒果红茶,0.7059,匹配你的身体状态：疲劳；已考虑你的健康约束：乳糖不耐慎用,R056,陈皮红茶,0.7917,匹配你的身体状态：疲劳；匹配你的心情状态：低落；匹配你的冷热偏好：热饮；已考虑你的健康约束：乳糖不耐慎用,,
U0051,困倦、感觉有点冷,紧张,地铁/公交/车站、公园/户外,咖啡香、苦感、清爽,热饮,低糖,低糖热饮清爽咖啡香型,R038,菊花柠檬草,0.7973,匹配你的身体状态：感觉有点冷；匹配你的心情状态：紧张；匹配你的感官偏好：清爽；匹配你的冷热偏好：热饮；已考虑你的健康约束：低糖,R055,薰衣草蓝莓,0.7973,匹配你的身体状态：感觉有点冷；匹配你的心情状态：紧张；匹配你的感官偏好：清爽；匹配你的冷热偏好：热饮；已考虑你的健康约束：低糖,R045,荷叶陈皮,0.8026,匹配你的身体状态：感觉有点冷；匹配你的心情状态：紧张；匹配你的感官偏好：清爽、苦感；匹配你的冷热偏好：热饮；已考虑你的健康约束：低糖,,
U0052,感觉有点冷,平静,公园/户外,花香、清爽,热饮,低刺激,低刺激热饮清爽花香型,R038,菊花柠檬草,0.8401,匹配你的身体状态：感觉有点冷；匹配你的心情状态：平静；匹配你的感官偏好：清爽、花香；匹配你的冷热偏好：热饮；已考虑你的健康约束：低刺激,R045,荷叶陈皮,0.8401,匹配你的身体状态：感觉有点冷；匹配你的心情状态：平静；匹配你的感官偏好：清爽、花香；匹配你的冷热偏好：热饮；已考虑你的健康约束：低刺激,R055,薰衣草蓝莓,0.8401,匹配你的身体状态：感觉有点冷；匹配你的心情状态：平静；匹配你的感官偏好：清爽、花香；匹配你的冷热偏好：热饮；已考虑你的健康约束：低刺激,,
U0053,困倦,烦躁,学校/教学楼、地铁/公交/车站,茶香、清爽,冷饮,咖啡因敏感慎用,咖啡因敏感慎用冷饮清爽茶香型,R045,荷叶陈皮,0.6749,匹配你的感官偏好：清爽；已考虑你的健康约束：咖啡因敏感慎用,R038,菊花柠檬草,0.6749,匹配你的感官偏好：清爽；已考虑你的健康约束：咖啡因敏感慎用,R055,薰衣草蓝莓,0.6749,匹配你的感官偏好：清爽；已考虑你的健康约束：咖啡因敏感慎用,,
U0054,疲劳、感觉有点热,烦躁,图书馆/自习室、公园/户外,清爽、茶香,冷饮,低糖,低糖冷饮清爽茶香型,R083,冷萃咖啡椰子水,0.7583,匹配你的身体状态：疲劳；匹配你的场景：公园/户外、图书馆/自习室；匹配你的感官偏好：清爽；匹配你的冷热偏好：冷饮；已考虑你的健康约束：低糖,R009,桃子轻发酵乌龙,0.7679,匹配你的身体状态：疲劳；匹配你的场景：图书馆/自习室；匹配你的感官偏好：清爽、茶香；匹配你的冷热偏好：冷饮；已考虑你的健康约束：低糖,R012,荔枝茉莉绿茶,0.7679,匹配你的身体状态：疲劳；匹配你的场景：图书馆/自习室；匹配你的感官偏好：清爽、茶香；匹配你的冷热偏好：冷饮；已考虑你的健康约束：低糖,,
U0055,疲劳、口渴,烦躁,健身房/运动场、地铁/公交/车站,酸感、气泡感,冷饮,低糖、咖啡因敏感慎用,低糖冷饮气泡感酸感型,R053,百合椰子水,0.7035,匹配你的身体状态：口渴；匹配你的场景：地铁/公交/车站；已考虑你的健康约束：低糖、咖啡因敏感慎用,R050,柠檬草橙子,0.7148,匹配你的身体状态：口渴；匹配你的场景：地铁/公交/车站；匹配你的感官偏好：酸感；已考虑你的健康约束：低糖、咖啡因敏感慎用,R119,椰子水橙子,0.7148,匹配你的身体状态：口渴；匹配你的场景：地铁/公交/车站；匹配你的感官偏好：酸感；已考虑你的健康约束：低糖、咖啡因敏感慎用,,
U0056,疲劳,烦躁,商场/商业街,奶香、甜感,冷饮,,冷饮奶香甜感型,R009,桃子轻发酵乌龙,0.7955,匹配你的身体状态：疲劳；匹配你的感官偏好：甜感；匹配你的冷热偏好：冷饮,R012,荔枝茉莉绿茶,0.7955,匹配你的身体状态：疲劳；匹配你的感官偏好：甜感；匹配你的冷热偏好：冷饮,R033,草莓茉莉绿茶,0.7955,匹配你的身体状态：疲劳；匹配你的感官偏好：甜感；匹配你的冷热偏好：冷饮,,
U0057,困倦、感觉有点冷,平静,家/宿舍、公园/户外,茶香、清爽,热饮,咖啡因敏感慎用,咖啡因敏感慎用热饮清爽茶香型,R038,菊花柠檬草,0.8006,匹配你的身体状态：感觉有点冷；匹配你的心情状态：平静；匹配你的场景：家/宿舍；匹配你的感官偏好：清爽；匹配你的冷热偏好：热饮；已考虑你的健康约束：咖啡因敏感慎用,R055,薰衣草蓝莓,0.8006,匹配你的身体状态：感觉有点冷；匹配你的心情状态：平静；匹配你的场景：家/宿舍；匹配你的感官偏好：清爽；匹配你的冷热偏好：热饮；已考虑你的健康约束：咖啡因敏感慎用,R045,荷叶陈皮,0.8006,匹配你的身体状态：感觉有点冷；匹配你的心情状态：平静；匹配你的场景：家/宿舍；匹配你的感官偏好：清爽；匹配你的冷热偏好：热饮；已考虑你的健康约束：咖啡因敏感慎用,,
U0058,疲劳、困倦,平静,家/宿舍、学校/教学楼、图书馆/自习室,茶香、清爽,冷饮,低糖、咖啡因敏感慎用,低糖冷饮清爽茶香型,R045,荷叶陈皮,0.7627,匹配你的身体状态：疲劳；匹配你的心情状态：平静；匹配你的场景：家/宿舍；匹配你的感官偏好：清爽；已考虑你的健康约束：低糖、咖啡因敏感慎用,R038,菊花柠檬草,0.7627,匹配你的身体状态：疲劳；匹配你的心情状态：平静；匹配你的场景：家/宿舍；匹配你的感官偏好：清爽；已考虑你的健康约束：低糖、咖啡因敏感慎用,R055,薰衣草蓝莓,0.7626,匹配你的身体状态：疲劳；匹配你的心情状态：平静；匹配你的场景：家/宿舍；匹配你的感官偏好：清爽；已考虑你的健康约束：低糖、咖啡因敏感慎用,,
U0059,良好,开心,商场/商业街,果香、酸感、清爽,热饮,低糖、低刺激,低糖热饮清爽果香型,R050,柠檬草橙子,0.8054,匹配你的身体状态：良好；匹配你的心情状态：开心；匹配你的感官偏好：果香、清爽、酸感；已考虑你的健康约束：低糖、低刺激,R119,椰子水橙子,0.8054,匹配你的身体状态：良好；匹配你的心情状态：开心；匹配你的感官偏好：果香、清爽、酸感；已考虑你的健康约束：低糖、低刺激,R113,椰奶荔枝,0.7347,匹配你的心情状态：开心；匹配你的场景：商场/商业街；匹配你的感官偏好：果香、清爽；已考虑你的健康约束：低糖、低刺激,,
U0060,良好,开心,地铁/公交/车站,花香,热饮,乳糖不耐慎用,乳糖不耐慎用热饮花香型,R022,苹果茉莉绿茶,0.6891,匹配你的感官偏好：花香；已考虑你的健康约束：乳糖不耐慎用,R030,芒果红茶,0.6633,已考虑你的健康约束：乳糖不耐慎用,R039,茉莉花白茶,0.7339,匹配你的感官偏好：花香；匹配你的冷热偏好：热饮；已考虑你的健康约束：乳糖不耐慎用,,
U0061,良好,紧张,学校/教学楼,清爽、果香,热饮,低糖、低刺激,低糖热饮清爽果香型,R038,菊花柠檬草,0.7717,匹配你的心情状态：紧张；匹配你的感官偏好：果香、清爽；匹配你的冷热偏好：热饮；已考虑你的健康约束：低糖、低刺激,R045,荷叶陈皮,0.7717,匹配你的心情状态：紧张；匹配你的感官偏好：果香、清爽；匹配你的冷热偏好：热饮；已考虑你的健康约束：低糖、低刺激,R055,薰衣草蓝莓,0.7716,匹配你的心情状态：紧张；匹配你的感官偏好：果香、清爽；匹配你的冷热偏好：热饮；已考虑你的健康约束：低糖、低刺激,,
U0062,良好,开心,学校/教学楼、图书馆/自习室,茶香、苦感、清爽,冷饮,咖啡因敏感慎用,咖啡因敏感慎用冷饮清爽茶香型,R045,荷叶陈皮,0.6798,匹配你的感官偏好：清爽、苦感；已考虑你的健康约束：咖啡因敏感慎用,R038,菊花柠檬草,0.6701,匹配你的感官偏好：清爽；已考虑你的健康约束：咖啡因敏感慎用,R055,薰衣草蓝莓,0.6701,匹配你的感官偏好：清爽；已考虑你的健康约束：咖啡因敏感慎用,,
U0063,疲劳,低落,家/宿舍,茶香、清爽,热饮,乳糖不耐慎用,乳糖不耐慎用热饮清爽茶香型,R091,低因咖啡椰奶,0.8336,匹配你的身体状态：疲劳；匹配你的心情状态：低落；匹配你的感官偏好：清爽；匹配你的冷热偏好：热饮；已考虑你的健康约束：乳糖不耐慎用,R017,桃子红茶,0.8402,匹配你的身体状态：疲劳；匹配你的心情状态：低落；匹配你的感官偏好：清爽、茶香；匹配你的冷热偏好：热饮；已考虑你的健康约束：乳糖不耐慎用,R036,苹果红茶,0.8402,匹配你的身体状态：疲劳；匹配你的心情状态：低落；匹配你的感官偏好：清爽、茶香；匹配你的冷热偏好：热饮；已考虑你的健康约束：乳糖不耐慎用,,
U0064,困倦,烦躁,地铁/公交/车站,果香、花香、清爽,冷饮,低糖,低糖冷饮清爽果香型,R053,百合椰子水,0.6848,匹配你的场景：地铁/公交/车站；匹配你的感官偏好：果香、清爽、花香；已考虑你的健康约束：低糖,R043,金银花菊花,0.6756,匹配你的场景：地铁/公交/车站；匹配你的感官偏好：清爽、花香；已考虑你的健康约束：低糖,R050,柠檬草橙子,0.6847,匹配你的场景：地铁/公交/车站；匹配你的感官偏好：果香、清爽、花香；已考虑你的健康约束：低糖,,
U0065,困倦、感觉有点热,紧张,地铁/公交/车站、公园/户外,清爽、茶香,冷饮,低糖,低糖冷饮清爽茶香型,R053,百合椰子水,0.6707,匹配你的场景：地铁/公交/车站；匹配你的感官偏好：清爽；已考虑你的健康约束：低糖,R050,柠檬草橙子,0.6707,匹配你的场景：地铁/公交/车站；匹配你的感官偏好：清爽；已考虑你的健康约束：低糖,R119,椰子水橙子,0.6707,匹配你的场景：地铁/公交/车站；匹配你的感官偏好：清爽；已考虑你的健康约束：低糖,,
U0066,良好,紧张,图书馆/自习室,清爽,热饮,低刺激、咖啡因敏感慎用,低刺激热饮清爽型,R045,荷叶陈皮,0.7716,匹配你的心情状态：紧张；匹配你的感官偏好：清爽；匹配你的冷热偏好：热饮；已考虑你的健康约束：低刺激、咖啡因敏感慎用,R038,菊花柠檬草,0.7716,匹配你的心情状态：紧张；匹配你的感官偏好：清爽；匹配你的冷热偏好：热饮；已考虑你的健康约束：低刺激、咖啡因敏感慎用,R055,薰衣草蓝莓,0.7715,匹配你的心情状态：紧张；匹配你的感官偏好：清爽；匹配你的冷热偏好：热饮；已考虑你的健康约束：低刺激、咖啡因敏感慎用,,
U0067,困倦,紧张,学校/教学楼、图书馆/自习室,清爽、果香、酸感,热饮,咖啡因敏感慎用,咖啡因敏感慎用热饮清爽果香型,R038,菊花柠檬草,0.7655,匹配你的心情状态：紧张；匹配你的感官偏好：果香、清爽；匹配你的冷热偏好：热饮；已考虑你的健康约束：咖啡因敏感慎用,R045,荷叶陈皮,0.7655,匹配你的心情状态：紧张；匹配你的感官偏好：果香、清爽；匹配你的冷热偏好：热饮；已考虑你的健康约束：咖啡因敏感慎用,R055,薰衣草蓝莓,0.7716,匹配你的心情状态：紧张；匹配你的感官偏好：果香、清爽、酸感；匹配你的冷热偏好：热饮；已考虑你的健康约束：咖啡因敏感慎用,,
U0068,感觉有点热,平静,商场/商业街、公园/户外,清爽、茶香,冷饮,低糖,低糖冷饮清爽茶香型,R050,柠檬草橙子,0.7268,匹配你的心情状态：平静；匹配你的感官偏好：清爽；已考虑你的健康约束：低糖,R119,椰子水橙子,0.7268,匹配你的心情状态：平静；匹配你的感官偏好：清爽；已考虑你的健康约束：低糖,R102,苹果陈皮气泡饮,0.7966,匹配你的身体状态：感觉有点热；匹配你的场景：公园/户外、商场/商业街；匹配你的感官偏好：清爽；匹配你的冷热偏好：冷饮；已考虑你的健康约束：低糖,,
U0069,疲劳、口渴,开心,健身房/运动场、地铁/公交/车站,清爽、果香,冷饮,咖啡因敏感慎用,咖啡因敏感慎用冷饮清爽果香型,R113,椰奶荔枝,0.8402,匹配你的身体状态：口渴、疲劳；匹配你的心情状态：开心；匹配你的感官偏好：果香、清爽；匹配你的冷热偏好：冷饮；已考虑你的健康约束：咖啡因敏感慎用,R050,柠檬草橙子,0.7708,匹配你的身体状态：口渴；匹配你的心情状态：开心；匹配你的场景：地铁/公交/车站；匹配你的感官偏好：果香、清爽；已考虑你的健康约束：咖啡因敏感慎用,R119,椰子水橙子,0.7708,匹配你的身体状态：口渴；匹配你的心情状态：开心；匹配你的场景：地铁/公交/车站；匹配你的感官偏好：果香、清爽；已考虑你的健康约束：咖啡因敏感慎用,,
U0070,感觉有点热、疲劳,平静,家/宿舍、商场/商业街、公园/户外,奶香、甜感,热饮,低刺激、乳糖不耐慎用,低刺激热饮奶香甜感型,R055,薰衣草蓝莓,0.7993,匹配你的身体状态：疲劳；匹配你的心情状态：平静；匹配你的场景：家/宿舍；匹配你的感官偏好：甜感；匹配你的冷热偏好：热饮；已考虑你的健康约束：低刺激、乳糖不耐慎用,R037,玫瑰桂花,0.7576,匹配你的身体状态：疲劳；匹配你的场景：家/宿舍；匹配你的感官偏好：甜感；匹配你的冷热偏好：热饮；已考虑你的健康约束：低刺激、乳糖不耐慎用,R040,薰衣草洋甘菊,0.7576,匹配你的身体状态：疲劳；匹配你的场景：家/宿舍；匹配你的感官偏好：甜感；匹配你的冷热偏好：热饮；已考虑你的健康约束：低刺激、乳糖不耐慎用,,
U0071,疲劳,低落,家/宿舍,花香、清爽,热饮,低刺激、咖啡因敏感慎用,低刺激热饮清爽花香型,R038,菊花柠檬草,0.8394,匹配你的身体状态：疲劳；匹配你的心情状态：低落；匹配你的场景：家/宿舍；匹配你的感官偏好：清爽、花香；匹配你的冷热偏好：热饮；已考虑你的健康约束：低刺激、咖啡因敏感慎用,R055,薰衣草蓝莓,0.8394,匹配你的身体状态：疲劳；匹配你的心情状态：低落；匹配你的场景：家/宿舍；匹配你的感官偏好：清爽、花香；匹配你的冷热偏好：热饮；已考虑你的健康约束：低刺激、咖啡因敏感慎用,R045,荷叶陈皮,0.8394,匹配你的身体状态：疲劳；匹配你的心情状态：低落；匹配你的场景：家/宿舍；匹配你的感官偏好：清爽、花香；匹配你的冷热偏好：热饮；已考虑你的健康约束：低刺激、咖啡因敏感慎用,,
U0072,困倦、疲劳,开心,家/宿舍、学校/教学楼,茶香、清爽,冷饮,咖啡因敏感慎用,咖啡因敏感慎用冷饮清爽茶香型,R055,薰衣草蓝莓,0.7148,匹配你的身体状态：疲劳；匹配你的场景：家/宿舍；匹配你的感官偏好：清爽；已考虑你的健康约束：咖啡因敏感慎用,R038,菊花柠檬草,0.7148,匹配你的身体状态：疲劳；匹配你的场景：家/宿舍；匹配你的感官偏好：清爽；已考虑你的健康约束：咖啡因敏感慎用,R045,荷叶陈皮,0.7148,匹配你的身体状态：疲劳；匹配你的场景：家/宿舍；匹配你的感官偏好：清爽；已考虑你的健康约束：咖啡因敏感慎用,,
U0073,疲劳,平静,家/宿舍、图书馆/自习室,清爽,冷饮,低糖,低糖冷饮清爽型,R006,草莓红茶,0.8055,匹配你的身体状态：疲劳；匹配你的场景：图书馆/自习室；匹配你的感官偏好：清爽；匹配你的冷热偏好：冷饮；已考虑你的健康约束：低糖,R023,西瓜绿茶,0.8055,匹配你的身体状态：疲劳；匹配你的场景：图书馆/自习室；匹配你的感官偏好：清爽；匹配你的冷热偏好：冷饮；已考虑你的健康约束：低糖,R009,桃子轻发酵乌龙,0.8055,匹配你的身体状态：疲劳；匹配你的场景：图书馆/自习室；匹配你的感官偏好：清爽；匹配你的冷热偏好：冷饮；已考虑你的健康约束：低糖,,
U0074,疲劳,平静,家/宿舍、地铁/公交/车站,清爽、茶香,冷饮,低糖、咖啡因敏感慎用、乳糖不耐慎用,低糖冷饮清爽茶香型,R038,菊花柠檬草,0.7993,匹配你的身体状态：疲劳；匹配你的心情状态：平静；匹配你的场景：家/宿舍；匹配你的感官偏好：清爽；已考虑你的健康约束：低糖、咖啡因敏感慎用、乳糖不耐慎用,R045,荷叶陈皮,0.7993,匹配你的身体状态：疲劳；匹配你的心情状态：平静；匹配你的场景：家/宿舍；匹配你的感官偏好：清爽；已考虑你的健康约束：低糖、咖啡因敏感慎用、乳糖不耐慎用,R055,薰衣草蓝莓,0.7993,匹配你的身体状态：疲劳；匹配你的心情状态：平静；匹配你的场景：家/宿舍；匹配你的感官偏好：清爽；已考虑你的健康约束：低糖、咖啡因敏感慎用、乳糖不耐慎用,,
U0075,疲劳,开心,家/宿舍,清爽,热饮,低刺激,低刺激热饮清爽型,R037,玫瑰桂花,0.8394,匹配你的身体状态：疲劳；匹配你的心情状态：开心；匹配你的场景：家/宿舍；匹配你的感官偏好：清爽；匹配你的冷热偏好：热饮；已考虑你的健康约束：低刺激,R040,薰衣草洋甘菊,0.8394,匹配你的身体状态：疲劳；匹配你的心情状态：开心；匹配你的场景：家/宿舍；匹配你的感官偏好：清爽；匹配你的冷热偏好：热饮；已考虑你的健康约束：低刺激,R046,百合桂花,0.8394,匹配你的身体状态：疲劳；匹配你的心情状态：开心；匹配你的场景：家/宿舍；匹配你的感官偏好：清爽；匹配你的冷热偏好：热饮；已考虑你的健康约束：低刺激,,
U0076,疲劳,紧张,家/宿舍、学校/教学楼、图书馆/自习室,花香、清爽,热饮,咖啡因敏感慎用,咖啡因敏感慎用热饮清爽花香型,R045,荷叶陈皮,0.8388,匹配你的身体状态：疲劳；匹配你的心情状态：紧张；匹配你的场景：家/宿舍；匹配你的感官偏好：清爽、花香；匹配你的冷热偏好：热饮；已考虑你的健康约束：咖啡因敏感慎用,R038,菊花柠檬草,0.8388,匹配你的身体状态：疲劳；匹配你的心情状态：紧张；匹配你的场景：家/宿舍；匹配你的感官偏好：清爽、花香；匹配你的冷热偏好：热饮；已考虑你的健康约束：咖啡因敏感慎用,R055,薰衣草蓝莓,0.8387,匹配你的身体状态：疲劳；匹配你的心情状态：紧张；匹配你的场景：家/宿舍；匹配你的感官偏好：清爽、花香；匹配你的冷热偏好：热饮；已考虑你的健康约束：咖啡因敏感慎用,,
U0077,良好,平静,商场/商业街,清爽,热饮,乳糖不耐慎用,乳糖不耐慎用热饮清爽型,R038,菊花柠檬草,0.7716,匹配你的心情状态：平静；匹配你的感官偏好：清爽；匹配你的冷热偏好：热饮；已考虑你的健康约束：乳糖不耐慎用,R045,荷叶陈皮,0.7716,匹配你的心情状态：平静；匹配你的感官偏好：清爽；匹配你的冷热偏好：热饮；已考虑你的健康约束：乳糖不耐慎用,R055,薰衣草蓝莓,0.7716,匹配你的心情状态：平静；匹配你的感官偏好：清爽；匹配你的冷热偏好：热饮；已考虑你的健康约束：乳糖不耐慎用,,
U0078,疲劳,紧张,家/宿舍、图书馆/自习室,果香、花香、清爽,冷饮,低糖、咖啡因敏感慎用,低糖冷饮清爽果香型,R055,薰衣草蓝莓,0.8056,匹配你的身体状态：疲劳；匹配你的心情状态：紧张；匹配你的场景：家/宿舍；匹配你的感官偏好：果香、清爽、花香；已考虑你的健康约束：低糖、咖啡因敏感慎用,R049,洋甘菊苹果,0.7686,匹配你的身体状态：疲劳；匹配你的场景：家/宿舍；匹配你的感官偏好：果香、清爽、花香；已考虑你的健康约束：低糖、咖啡因敏感慎用,R038,菊花柠檬草,0.8056,匹配你的身体状态：疲劳；匹配你的心情状态：紧张；匹配你的场景：家/宿舍；匹配你的感官偏好：果香、清爽、花香；已考虑你的健康约束：低糖、咖啡因敏感慎用,,
U0079,疲劳、困倦,紧张,地铁/公交/车站、公园/户外,清爽、茶香,热饮,咖啡因敏感慎用,咖啡因敏感慎用热饮清爽茶香型,R045,荷叶陈皮,0.8002,匹配你的身体状态：疲劳；匹配你的心情状态：紧张；匹配你的感官偏好：清爽；匹配你的冷热偏好：热饮；已考虑你的健康约束：咖啡因敏感慎用,R038,菊花柠檬草,0.8002,匹配你的身体状态：疲劳；匹配你的心情状态：紧张；匹配你的感官偏好：清爽；匹配你的冷热偏好：热饮；已考虑你的健康约束：咖啡因敏感慎用,R055,薰衣草蓝莓,0.8001,匹配你的身体状态：疲劳；匹配你的心情状态：紧张；匹配你的感官偏好：清爽；匹配你的冷热偏好：热饮；已考虑你的健康约束：咖啡因敏感慎用,,
U0080,感觉有点冷,紧张,地铁/公交/车站、公园/户外,奶香、清爽,热饮,低刺激、咖啡因敏感慎用,低刺激热饮清爽奶香型,R043,金银花菊花,0.6705,匹配你的场景：地铁/公交/车站；匹配你的感官偏好：清爽；已考虑你的健康约束：低刺激、咖啡因敏感慎用,R055,薰衣草蓝莓,0.8335,匹配你的身体状态：感觉有点冷；匹配你的心情状态：紧张；匹配你的感官偏好：清爽；匹配你的冷热偏好：热饮；已考虑你的健康约束：低刺激、咖啡因敏感慎用,R038,菊花柠檬草,0.8335,匹配你的身体状态：感觉有点冷；匹配你的心情状态：紧张；匹配你的感官偏好：清爽；匹配你的冷热偏好：热饮；已考虑你的健康约束：低刺激、咖啡因敏感慎用,,
U0081,困倦,紧张,学校/教学楼,清爽、果香、酸感,热饮,低糖,低糖热饮清爽果香型,R002,青柠茉莉绿茶,0.7693,匹配你的身体状态：困倦；匹配你的场景：学校/教学楼；匹配你的感官偏好：果香、清爽、酸感；已考虑你的健康约束：低糖,R027,柠檬轻发酵乌龙,0.7693,匹配你的身体状态：困倦；匹配你的场景：学校/教学楼；匹配你的感官偏好：果香、清爽、酸感；已考虑你的健康约束：低糖,R009,桃子轻发酵乌龙,0.761,匹配你的身体状态：困倦；匹配你的场景：学校/教学楼；匹配你的感官偏好：果香、清爽；已考虑你的健康约束：低糖,,
U0082,疲劳、感觉有点热,开心,商场/商业街、公园/户外,清爽、茶香,冷饮,低糖、咖啡因敏感慎用,低糖冷饮清爽茶香型,R113,椰奶荔枝,0.8048,匹配你的身体状态：疲劳；匹配你的心情状态：开心；匹配你的场景：公园/户外、商场/商业街；匹配你的感官偏好：清爽；匹配你的冷热偏好：冷饮；已考虑你的健康约束：低糖、咖啡因敏感慎用,R050,柠檬草橙子,0.7268,匹配你的心情状态：开心；匹配你的感官偏好：清爽；已考虑你的健康约束：低糖、咖啡因敏感慎用,R119,椰子水橙子,0.7268,匹配你的心情状态：开心；匹配你的感官偏好：清爽；已考虑你的健康约束：低糖、咖啡因敏感慎用,,
U0083,疲劳、口渴,烦躁,健身房/运动场、商场/商业街,清爽、果香,冷饮,,冷饮清爽果香型,R090,黑巧椰乳,0.8055,匹配你的身体状态：口渴、疲劳；匹配你的场景：商场/商业街；匹配你的感官偏好：果香、清爽；匹配你的冷热偏好：冷饮,R113,椰奶荔枝,0.8055,匹配你的身体状态：口渴、疲劳；匹配你的场景：商场/商业街；匹配你的感官偏好：果香、清爽；匹配你的冷热偏好：冷饮,R083,冷萃咖啡椰子水,0.8072,匹配你的身体状态：口渴、疲劳；匹配你的感官偏好：果香、清爽；匹配你的冷热偏好：冷饮,,
U0084,良好,平静,商场/商业街、地铁/公交/车站,果香、气泡感,热饮,低刺激、乳糖不耐慎用,低刺激热饮果香气泡感型,R045,荷叶陈皮,0.7628,匹配你的心情状态：平静；匹配你的感官偏好：果香；匹配你的冷热偏好：热饮；已考虑你的健康约束：低刺激、乳糖不耐慎用,R043,金银花菊花,0.7936,匹配你的身体状态：良好；匹配你的心情状态：平静；匹配你的场景：地铁/公交/车站；已考虑你的健康约束：低刺激、乳糖不耐慎用,R038,菊花柠檬草,0.7628,匹配你的心情状态：平静；匹配你的感官偏好：果香；匹配你的冷热偏好：热饮；已考虑你的健康约束：低刺激、乳糖不耐慎用,,
U0085,困倦、感觉有点冷,低落,家/宿舍、公园/户外,花香、清爽,热饮,低刺激、咖啡因敏感慎用,低刺激热饮清爽花香型,R055,薰衣草蓝莓,0.8058,匹配你的身体状态：感觉有点冷；匹配你的心情状态：低落；匹配你的场景：家/宿舍；匹配你的感官偏好：清爽、花香；匹配你的冷热偏好：热饮；已考虑你的健康约束：低刺激、咖啡因敏感慎用,R038,菊花柠檬草,0.8058,匹配你的身体状态：感觉有点冷；匹配你的心情状态：低落；匹配你的场景：家/宿舍；匹配你的感官偏好：清爽、花香；匹配你的冷热偏好：热饮；已考虑你的健康约束：低刺激、咖啡因敏感慎用,R043,金银花菊花,0.6862,匹配你的场景：家/宿舍；匹配你的感官偏好：清爽、花香；已考虑你的健康约束：低刺激、咖啡因敏感慎用,,
U0086,困倦、疲劳,烦躁,家/宿舍、学校/教学楼、图书馆/自习室,茶香、清爽,热饮,低刺激、咖啡因敏感慎用,低刺激热饮清爽茶香型,R045,荷叶陈皮,0.7575,匹配你的身体状态：疲劳；匹配你的场景：家/宿舍；匹配你的感官偏好：清爽；匹配你的冷热偏好：热饮；已考虑你的健康约束：低刺激、咖啡因敏感慎用,R038,菊花柠檬草,0.7574,匹配你的身体状态：疲劳；匹配你的场景：家/宿舍；匹配你的感官偏好：清爽；匹配你的冷热偏好：热饮；已考虑你的健康约束：低刺激、咖啡因敏感慎用,R055,薰衣草蓝莓,0.7573,匹配你的身体状态：疲劳；匹配你的场景：家/宿舍；匹配你的感官偏好：清爽；匹配你的冷热偏好：热饮；已考虑你的健康约束：低刺激、咖啡因敏感慎用,,
U0087,感觉有点热,平静,公园/户外,清爽、茶香,热饮,低糖、低刺激,低糖热饮清爽茶香型,R055,薰衣草蓝莓,0.7631,匹配你的心情状态：平静；匹配你的感官偏好：清爽；匹配你的冷热偏好：热饮；已考虑你的健康约束：低糖、低刺激,R043,金银花菊花,0.7267,匹配你的心情状态：平静；匹配你的感官偏好：清爽；已考虑你的健康约束：低糖、低刺激,R038,菊花柠檬草,0.763,匹配你的心情状态：平静；匹配你的感官偏好：清爽；匹配你的冷热偏好：热饮；已考虑你的健康约束：低糖、低刺激,,
U0088,疲劳,开心,家/宿舍,果香、甜感,热饮,低刺激、咖啡因敏感慎用、乳糖不耐慎用,低刺激热饮果香甜感型,R055,薰衣草蓝莓,0.8058,匹配你的身体状态：疲劳；匹配你的场景：家/宿舍；匹配你的感官偏好：果香、甜感；匹配你的冷热偏好：热饮；已考虑你的健康约束：低刺激、咖啡因敏感慎用、乳糖不耐慎用,R037,玫瑰桂花,0.8347,匹配你的身体状态：疲劳；匹配你的心情状态：开心；匹配你的场景：家/宿舍；匹配你的感官偏好：甜感；匹配你的冷热偏好：热饮；已考虑你的健康约束：低刺激、咖啡因敏感慎用、乳糖不耐慎用,R040,薰衣草洋甘菊,0.8347,匹配你的身体状态：疲劳；匹配你的心情状态：开心；匹配你的场景：家/宿舍；匹配你的感官偏好：甜感；匹配你的冷热偏好：热饮；已考虑你的健康约束：低刺激、咖啡因敏感慎用、乳糖不耐慎用,,
U0089,疲劳,烦躁,商场/商业街,清爽,热饮,低刺激,低刺激热饮清爽型,R055,薰衣草蓝莓,0.8072,匹配你的身体状态：疲劳；匹配你的感官偏好：清爽；匹配你的冷热偏好：热饮；已考虑你的健康约束：低刺激,R116,椰乳百合,0.8058,匹配你的身体状态：疲劳；匹配你的场景：商场/商业街；匹配你的感官偏好：清爽；匹配你的冷热偏好：热饮；已考虑你的健康约束：低刺激,R037,玫瑰桂花,0.8072,匹配你的身体状态：疲劳；匹配你的感官偏好：清爽；匹配你的冷热偏好：热饮；已考虑你的健康约束：低刺激,,
U0090,困倦,烦躁,学校/教学楼、图书馆/自习室,花香、清爽,热饮,咖啡因敏感慎用,咖啡因敏感慎用热饮清爽花香型,R045,荷叶陈皮,0.7345,匹配你的感官偏好：清爽、花香；匹配你的冷热偏好：热饮；已考虑你的健康约束：咖啡因敏感慎用,R038,菊花柠檬草,0.7344,匹配你的感官偏好：清爽、花香；匹配你的冷热偏好：热饮；已考虑你的健康约束：咖啡因敏感慎用,R055,薰衣草蓝莓,0.7343,匹配你的感官偏好：清爽、花香；匹配你的冷热偏好：热饮；已考虑你的健康约束：咖啡因敏感慎用,,
U0091,良好,平静,地铁/公交/车站,花香,热饮,低刺激,低刺激热饮花香型,R061,焙茶鲜奶,0.6978,匹配你的冷热偏好：热饮；已考虑你的健康约束：低刺激,R075,红茶淡奶油,0.6977,匹配你的冷热偏好：热饮；已考虑你的健康约束：低刺激,R030,芒果红茶,0.7094,匹配你的心情状态：平静；已考虑你的健康约束：低刺激,,
U0092,困倦、口渴,紧张,健身房/运动场,清爽、茶香,冷饮,低糖,低糖冷饮清爽茶香型,R083,冷萃咖啡椰子水,0.7954,匹配你的身体状态：口渴、困倦；匹配你的感官偏好：清爽；匹配你的冷热偏好：冷饮；已考虑你的健康约束：低糖,R009,桃子轻发酵乌龙,0.773,匹配你的身体状态：困倦；匹配你的感官偏好：清爽、茶香；匹配你的冷热偏好：冷饮；已考虑你的健康约束：低糖,R012,荔枝茉莉绿茶,0.773,匹配你的身体状态：困倦；匹配你的感官偏好：清爽、茶香；匹配你的冷热偏好：冷饮；已考虑你的健康约束：低糖,,
U0093,疲劳、困倦,紧张,地铁/公交/车站、公园/户外,茶香、苦感,冷饮,低糖,低糖冷饮茶香苦感型,R030,芒果红茶,0.8053,匹配你的身体状态：困倦、疲劳；匹配你的心情状态：紧张；匹配你的感官偏好：苦感、茶香；已考虑你的健康约束：低糖,R022,苹果茉莉绿茶,0.798,匹配你的身体状态：困倦、疲劳；匹配你的心情状态：紧张；匹配你的感官偏好：茶香；已考虑你的健康约束：低糖,R056,陈皮红茶,0.7709,匹配你的身体状态：困倦、疲劳；匹配你的感官偏好：苦感、茶香；已考虑你的健康约束：低糖,,
U0094,良好,平静,图书馆/自习室,茶香、清爽,热饮,低刺激、咖啡因敏感慎用,低刺激热饮清爽茶香型,R045,荷叶陈皮,0.7627,匹配你的心情状态：平静；匹配你的感官偏好：清爽；匹配你的冷热偏好：热饮；已考虑你的健康约束：低刺激、咖啡因敏感慎用,R038,菊花柠檬草,0.7626,匹配你的心情状态：平静；匹配你的感官偏好：清爽；匹配你的冷热偏好：热饮；已考虑你的健康约束：低刺激、咖啡因敏感慎用,R055,薰衣草蓝莓,0.7624,匹配你的心情状态：平静；匹配你的感官偏好：清爽；匹配你的冷热偏好：热饮；已考虑你的健康约束：低刺激、咖啡因敏感慎用,,
U0095,困倦,烦躁,学校/教学楼、地铁/公交/车站,清爽、茶香、苦感,热饮,低糖、咖啡因敏感慎用,低糖热饮清爽茶香型,R045,荷叶陈皮,0.7251,匹配你的感官偏好：清爽、苦感；匹配你的冷热偏好：热饮；已考虑你的健康约束：低糖、咖啡因敏感慎用,R038,菊花柠檬草,0.7155,匹配你的感官偏好：清爽；匹配你的冷热偏好：热饮；已考虑你的健康约束：低糖、咖啡因敏感慎用,R055,薰衣草蓝莓,0.7153,匹配你的感官偏好：清爽；匹配你的冷热偏好：热饮；已考虑你的健康约束：低糖、咖啡因敏感慎用,,
U0096,感觉有点热,开心,地铁/公交/车站、公园/户外,清爽、果香、酸感,冷饮,低糖,低糖冷饮清爽果香型,R102,苹果陈皮气泡饮,0.8362,匹配你的身体状态：感觉有点热；匹配你的心情状态：开心；匹配你的场景：公园/户外、地铁/公交/车站；匹配你的感官偏好：果香、清爽；匹配你的冷热偏好：冷饮；已考虑你的健康约束：低糖,R048,玫瑰草莓,0.8346,匹配你的身体状态：感觉有点热；匹配你的心情状态：开心；匹配你的场景：公园/户外；匹配你的感官偏好：果香、清爽；匹配你的冷热偏好：冷饮；已考虑你的健康约束：低糖,R051,薄荷叶西瓜,0.8346,匹配你的身体状态：感觉有点热；匹配你的心情状态：开心；匹配你的场景：公园/户外；匹配你的感官偏好：果香、清爽；匹配你的冷热偏好：冷饮；已考虑你的健康约束：低糖,,
U0097,疲劳、口渴,烦躁,健身房/运动场、商场/商业街,清爽、果香,冷饮,低糖、咖啡因敏感慎用,低糖冷饮清爽果香型,R113,椰奶荔枝,0.8055,匹配你的身体状态：口渴、疲劳；匹配你的场景：商场/商业街；匹配你的感官偏好：果香、清爽；匹配你的冷热偏好：冷饮；已考虑你的健康约束：低糖、咖啡因敏感慎用,R109,酸奶草莓,0.7679,匹配你的身体状态：疲劳；匹配你的场景：商场/商业街；匹配你的感官偏好：果香、清爽；匹配你的冷热偏好：冷饮；已考虑你的健康约束：低糖、咖啡因敏感慎用,R110,酸奶芒果,0.7679,匹配你的身体状态：疲劳；匹配你的场景：商场/商业街；匹配你的感官偏好：果香、清爽；匹配你的冷热偏好：冷饮；已考虑你的健康约束：低糖、咖啡因敏感慎用,,
U0098,疲劳、感觉有点热,开心,家/宿舍、商场/商业街、公园/户外,奶香、甜感,冷饮,咖啡因敏感慎用、乳糖不耐慎用,咖啡因敏感慎用冷饮奶香甜感型,R113,椰奶荔枝,0.8099,匹配你的身体状态：疲劳；匹配你的心情状态：开心；匹配你的场景：公园/户外、商场/商业街、家/宿舍；匹配你的感官偏好：奶香、甜感；匹配你的冷热偏好：冷饮；已考虑你的健康约束：咖啡因敏感慎用、乳糖不耐慎用,R050,柠檬草橙子,0.7278,匹配你的心情状态：开心；匹配你的场景：家/宿舍；匹配你的感官偏好：甜感；已考虑你的健康约束：咖啡因敏感慎用、乳糖不耐慎用,R119,椰子水橙子,0.7278,匹配你的心情状态：开心；匹配你的场景：家/宿舍；匹配你的感官偏好：甜感；已考虑你的健康约束：咖啡因敏感慎用、乳糖不耐慎用,,
U0099,困倦、疲劳,平静,家/宿舍、图书馆/自习室,花香、清爽,热饮,咖啡因敏感慎用,咖啡因敏感慎用热饮清爽花香型,R045,荷叶陈皮,0.8058,匹配你的身体状态：疲劳；匹配你的心情状态：平静；匹配你的场景：家/宿舍；匹配你的感官偏好：清爽、花香；匹配你的冷热偏好：热饮；已考虑你的健康约束：咖啡因敏感慎用,R038,菊花柠檬草,0.8058,匹配你的身体状态：疲劳；匹配你的心情状态：平静；匹配你的场景：家/宿舍；匹配你的感官偏好：清爽、花香；匹配你的冷热偏好：热饮；已考虑你的健康约束：咖啡因敏感慎用,R055,薰衣草蓝莓,0.8058,匹配你的身体状态：疲劳；匹配你的心情状态：平静；匹配你的场景：家/宿舍；匹配你的感官偏好：清爽、花香；匹配你的冷热偏好：热饮；已考虑你的健康约束：咖啡因敏感慎用,,
U0100,困倦、感觉有点热,烦躁,公园/户外,清爽、茶香,热饮,低糖、低刺激,低糖热饮清爽茶香型,R055,薰衣草蓝莓,0.7207,匹配你的感官偏好：清爽；匹配你的冷热偏好：热饮；已考虑你的健康约束：低糖、低刺激,R043,金银花菊花,0.675,匹配你的感官偏好：清爽；已考虑你的健康约束：低糖、低刺激,R038,菊花柠檬草,0.7206,匹配你的感官偏好：清爽；匹配你的冷热偏好：热饮；已考虑你的健康约束：低糖、低刺激,,
U0101,疲劳,开心,家/宿舍,清爽,热饮,乳糖不耐慎用,乳糖不耐慎用热饮清爽型,R037,玫瑰桂花,0.8394,匹配你的身体状态：疲劳；匹配你的心情状态：开心；匹配你的场景：家/宿舍；匹配你的感官偏好：清爽；匹配你的冷热偏好：热饮；已考虑你的健康约束：乳糖不耐慎用,R040,薰衣草洋甘菊,0.8394,匹配你的身体状态：疲劳；匹配你的心情状态：开心；匹配你的场景：家/宿舍；匹配你的感官偏好：清爽；匹配你的冷热偏好：热饮；已考虑你的健康约束：乳糖不耐慎用,R046,百合桂花,0.8394,匹配你的身体状态：疲劳；匹配你的心情状态：开心；匹配你的场景：家/宿舍；匹配你的感官偏好：清爽；匹配你的冷热偏好：热饮；已考虑你的健康约束：乳糖不耐慎用,,
U0102,良好,烦躁,图书馆/自习室,花香,热饮,低糖、低刺激,低糖热饮花香型,R061,焙茶鲜奶,0.6962,匹配你的场景：图书馆/自习室；匹配你的冷热偏好：热饮；已考虑你的健康约束：低糖、低刺激,R075,红茶淡奶油,0.6962,匹配你的场景：图书馆/自习室；匹配你的冷热偏好：热饮；已考虑你的健康约束：低糖、低刺激,R030,芒果红茶,0.7171,匹配你的心情状态：烦躁；匹配你的场景：图书馆/自习室；已考虑你的健康约束：低糖、低刺激,,
U0103,疲劳,紧张,家/宿舍、图书馆/自习室,清爽、茶香,热饮,低糖、咖啡因敏感慎用,低糖热饮清爽茶香型,R045,荷叶陈皮,0.8325,匹配你的身体状态：疲劳；匹配你的心情状态：紧张；匹配你的场景：家/宿舍；匹配你的感官偏好：清爽；匹配你的冷热偏好：热饮；已考虑你的健康约束：低糖、咖啡因敏感慎用,R038,菊花柠檬草,0.8325,匹配你的身体状态：疲劳；匹配你的心情状态：紧张；匹配你的场景：家/宿舍；匹配你的感官偏好：清爽；匹配你的冷热偏好：热饮；已考虑你的健康约束：低糖、咖啡因敏感慎用,R055,薰衣草蓝莓,0.8325,匹配你的身体状态：疲劳；匹配你的心情状态：紧张；匹配你的场景：家/宿舍；匹配你的感官偏好：清爽；匹配你的冷热偏好：热饮；已考虑你的健康约束：低糖、咖啡因敏感慎用,,
U0104,良好,平静,图书馆/自习室,花香,热饮,低糖,低糖热饮花香型,R061,焙茶鲜奶,0.703,匹配你的场景：图书馆/自习室；匹配你的冷热偏好：热饮；已考虑你的健康约束：低糖,R075,红茶淡奶油,0.703,匹配你的场景：图书馆/自习室；匹配你的冷热偏好：热饮；已考虑你的健康约束：低糖,R030,芒果红茶,0.7233,匹配你的心情状态：平静；匹配你的场景：图书馆/自习室；已考虑你的健康约束：低糖,,
U0105,良好,开心,图书馆/自习室,果香、气泡感,冷饮,咖啡因敏感慎用,咖啡因敏感慎用冷饮果香气泡感型,R053,百合椰子水,0.798,匹配你的身体状态：良好；匹配你的心情状态：开心；匹配你的感官偏好：果香；已考虑你的健康约束：咖啡因敏感慎用,R043,金银花菊花,0.7895,匹配你的身体状态：良好；匹配你的心情状态：开心；已考虑你的健康约束：咖啡因敏感慎用,R038,菊花柠檬草,0.6749,匹配你的感官偏好：果香；已考虑你的健康约束：咖啡因敏感慎用,,
U0106,困倦、感觉有点冷,烦躁,地铁/公交/车站、公园/户外,清爽、果香、酸感,热饮,低糖、咖啡因敏感慎用,低糖热饮清爽果香型,R050,柠檬草橙子,0.6863,匹配你的场景：地铁/公交/车站；匹配你的感官偏好：果香、清爽、酸感；已考虑你的健康约束：低糖、咖啡因敏感慎用,R119,椰子水橙子,0.6863,匹配你的场景：地铁/公交/车站；匹配你的感官偏好：果香、清爽、酸感；已考虑你的健康约束：低糖、咖啡因敏感慎用,R053,百合椰子水,0.6759,匹配你的场景：地铁/公交/车站；匹配你的感官偏好：果香、清爽；已考虑你的健康约束：低糖、咖啡因敏感慎用,,
U0107,良好,平静,学校/教学楼,花香、清爽,热饮,低刺激、咖啡因敏感慎用,低刺激热饮清爽花香型,R045,荷叶陈皮,0.7714,匹配你的心情状态：平静；匹配你的感官偏好：清爽、花香；匹配你的冷热偏好：热饮；已考虑你的健康约束：低刺激、咖啡因敏感慎用,R038,菊花柠檬草,0.7714,匹配你的心情状态：平静；匹配你的感官偏好：清爽、花香；匹配你的冷热偏好：热饮；已考虑你的健康约束：低刺激、咖啡因敏感慎用,R055,薰衣草蓝莓,0.7712,匹配你的心情状态：平静；匹配你的感官偏好：清爽、花香；匹配你的冷热偏好：热饮；已考虑你的健康约束：低刺激、咖啡因敏感慎用,,
U0108,疲劳、困倦,烦躁,学校/教学楼、地铁/公交/车站,清爽、茶香、苦感,热饮,咖啡因敏感慎用,咖啡因敏感慎用热饮清爽茶香型,R045,荷叶陈皮,0.7638,匹配你的身体状态：疲劳；匹配你的感官偏好：清爽、苦感；匹配你的冷热偏好：热饮；已考虑你的健康约束：咖啡因敏感慎用,R038,菊花柠檬草,0.7551,匹配你的身体状态：疲劳；匹配你的感官偏好：清爽；匹配你的冷热偏好：热饮；已考虑你的健康约束：咖啡因敏感慎用,R055,薰衣草蓝莓,0.7549,匹配你的身体状态：疲劳；匹配你的感官偏好：清爽；匹配你的冷热偏好：热饮；已考虑你的健康约束：咖啡因敏感慎用,,
U0109,疲劳、感觉有点热,烦躁,图书馆/自习室、公园/户外,清爽、果香、酸感,冷饮,,冷饮清爽果香型,R083,冷萃咖啡椰子水,0.7618,匹配你的身体状态：疲劳；匹配你的场景：公园/户外、图书馆/自习室；匹配你的感官偏好：果香、清爽；匹配你的冷热偏好：冷饮,R090,黑巧椰乳,0.7603,匹配你的身体状态：疲劳；匹配你的场景：公园/户外；匹配你的感官偏好：果香、清爽；匹配你的冷热偏好：冷饮,R113,椰奶荔枝,0.7603,匹配你的身体状态：疲劳；匹配你的场景：公园/户外；匹配你的感官偏好：果香、清爽；匹配你的冷热偏好：冷饮,,
U0110,疲劳、口渴,平静,健身房/运动场、地铁/公交/车站,清爽、果香,冷饮,低糖,低糖冷饮清爽果香型,R083,冷萃咖啡椰子水,0.8072,匹配你的身体状态：口渴、疲劳；匹配你的感官偏好：果香、清爽；匹配你的冷热偏好：冷饮；已考虑你的健康约束：低糖,R081,美式咖啡液橙子,0.773,匹配你的身体状态：疲劳；匹配你的感官偏好：果香、清爽；匹配你的冷热偏好：冷饮；已考虑你的健康约束：低糖,R009,桃子轻发酵乌龙,0.773,匹配你的身体状态：疲劳；匹配你的感官偏好：果香、清爽；匹配你的冷热偏好：冷饮；已考虑你的健康约束：低糖,,
U0111,疲劳,开心,家/宿舍、商场/商业街,果香、甜感,热饮,咖啡因敏感慎用,咖啡因敏感慎用热饮果香甜感型,R111,豆奶苹果,0.8394,匹配你的身体状态：疲劳；匹配你的心情状态：开心；匹配你的场景：商场/商业街、家/宿舍；匹配你的感官偏好：果香、甜感；匹配你的冷热偏好：热饮；已考虑你的健康约束：咖啡因敏感慎用,R116,椰乳百合,0.8394,匹配你的身体状态：疲劳；匹配你的心情状态：开心；匹配你的场景：商场/商业街、家/宿舍；匹配你的感官偏好：果香、甜感；匹配你的冷热偏好：热饮；已考虑你的健康约束：咖啡因敏感慎用,R112,燕麦奶桃子,0.8394,匹配你的身体状态：疲劳；匹配你的心情状态：开心；匹配你的场景：商场/商业街、家/宿舍；匹配你的感官偏好：果香、甜感；匹配你的冷热偏好：热饮；已考虑你的健康约束：咖啡因敏感慎用,,
U0112,疲劳,低落,家/宿舍,茶香、花香、清爽,热饮,咖啡因敏感慎用,咖啡因敏感慎用热饮清爽茶香型,R045,荷叶陈皮,0.8361,匹配你的身体状态：疲劳；匹配你的心情状态：低落；匹配你的场景：家/宿舍；匹配你的感官偏好：清爽、花香；匹配你的冷热偏好：热饮；已考虑你的健康约束：咖啡因敏感慎用,R038,菊花柠檬草,0.8361,匹配你的身体状态：疲劳；匹配你的心情状态：低落；匹配你的场景：家/宿舍；匹配你的感官偏好：清爽、花香；匹配你的冷热偏好：热饮；已考虑你的健康约束：咖啡因敏感慎用,R055,薰衣草蓝莓,0.8361,匹配你的身体状态：疲劳；匹配你的心情状态：低落；匹配你的场景：家/宿舍；匹配你的感官偏好：清爽、花香；匹配你的冷热偏好：热饮；已考虑你的健康约束：咖啡因敏感慎用,,
U0113,困倦、疲劳,开心,家/宿舍、学校/教学楼,清爽、果香、酸感,冷饮,低糖、咖啡因敏感慎用,低糖冷饮清爽果香型,R111,豆奶苹果,0.7667,匹配你的身体状态：疲劳；匹配你的心情状态：开心；匹配你的场景：家/宿舍；匹配你的感官偏好：果香、清爽；已考虑你的健康约束：低糖、咖啡因敏感慎用,R116,椰乳百合,0.7667,匹配你的身体状态：疲劳；匹配你的心情状态：开心；匹配你的场景：家/宿舍；匹配你的感官偏好：果香、清爽；已考虑你的健康约束：低糖、咖啡因敏感慎用,R112,燕麦奶桃子,0.7667,匹配你的身体状态：疲劳；匹配你的心情状态：开心；匹配你的场景：家/宿舍；匹配你的感官偏好：果香、清爽；已考虑你的健康约束：低糖、咖啡因敏感慎用,,
U0114,疲劳,烦躁,家/宿舍,果香、酸感、清爽,冷饮,低糖,低糖冷饮清爽果香型,R083,冷萃咖啡椰子水,0.7992,匹配你的身体状态：疲劳；匹配你的感官偏好：果香、清爽；匹配你的冷热偏好：冷饮；已考虑你的健康约束：低糖,R081,美式咖啡液橙子,0.8072,匹配你的身体状态：疲劳；匹配你的感官偏好：果香、清爽、酸感；匹配你的冷热偏好：冷饮；已考虑你的健康约束：低糖,R111,豆奶苹果,0.761,匹配你的身体状态：疲劳；匹配你的场景：家/宿舍；匹配你的感官偏好：果香、清爽；已考虑你的健康约束：低糖,,
U0115,良好,平静,商场/商业街,清爽,热饮,低刺激、乳糖不耐慎用,低刺激热饮清爽型,R038,菊花柠檬草,0.7716,匹配你的心情状态：平静；匹配你的感官偏好：清爽；匹配你的冷热偏好：热饮；已考虑你的健康约束：低刺激、乳糖不耐慎用,R045,荷叶陈皮,0.7716,匹配你的心情状态：平静；匹配你的感官偏好：清爽；匹配你的冷热偏好：热饮；已考虑你的健康约束：低刺激、乳糖不耐慎用,R055,薰衣草蓝莓,0.7716,匹配你的心情状态：平静；匹配你的感官偏好：清爽；匹配你的冷热偏好：热饮；已考虑你的健康约束：低刺激、乳糖不耐慎用,,
U0116,疲劳,平静,家/宿舍,清爽,热饮,低糖、低刺激,低糖热饮清爽型,R045,荷叶陈皮,0.8394,匹配你的身体状态：疲劳；匹配你的心情状态：平静；匹配你的场景：家/宿舍；匹配你的感官偏好：清爽；匹配你的冷热偏好：热饮；已考虑你的健康约束：低糖、低刺激,R038,菊花柠檬草,0.8394,匹配你的身体状态：疲劳；匹配你的心情状态：平静；匹配你的场景：家/宿舍；匹配你的感官偏好：清爽；匹配你的冷热偏好：热饮；已考虑你的健康约束：低糖、低刺激,R055,薰衣草蓝莓,0.8393,匹配你的身体状态：疲劳；匹配你的心情状态：平静；匹配你的场景：家/宿舍；匹配你的感官偏好：清爽；匹配你的冷热偏好：热饮；已考虑你的健康约束：低糖、低刺激,,
U0117,困倦,烦躁,地铁/公交/车站,茶香、苦感、清爽,热饮,咖啡因敏感慎用,咖啡因敏感慎用热饮清爽茶香型,R045,荷叶陈皮,0.7253,匹配你的感官偏好：清爽、苦感；匹配你的冷热偏好：热饮；已考虑你的健康约束：咖啡因敏感慎用,R038,菊花柠檬草,0.7156,匹配你的感官偏好：清爽；匹配你的冷热偏好：热饮；已考虑你的健康约束：咖啡因敏感慎用,R055,薰衣草蓝莓,0.7155,匹配你的感官偏好：清爽；匹配你的冷热偏好：热饮；已考虑你的健康约束：咖啡因敏感慎用,,
U0118,疲劳、感觉有点冷,烦躁,公园/户外,清爽,热饮,低糖,低糖热饮清爽型,R055,薰衣草蓝莓,0.8072,匹配你的身体状态：感觉有点冷、疲劳；匹配你的感官偏好：清爽；匹配你的冷热偏好：热饮；已考虑你的健康约束：低糖,R049,洋甘菊苹果,0.8072,匹配你的身体状态：感觉有点冷、疲劳；匹配你的感官偏好：清爽；匹配你的冷热偏好：热饮；已考虑你的健康约束：低糖,R083,冷萃咖啡椰子水,0.7275,匹配你的身体状态：疲劳；匹配你的场景：公园/户外；匹配你的感官偏好：清爽；已考虑你的健康约束：低糖,,
U0119,疲劳、感觉有点热,开心,公园/户外,果香、花香、清爽,冷饮,咖啡因敏感慎用,咖啡因敏感慎用冷饮清爽果香型,R050,柠檬草橙子,0.7352,匹配你的心情状态：开心；匹配你的感官偏好：果香、清爽、花香；已考虑你的健康约束：咖啡因敏感慎用,R119,椰子水橙子,0.7352,匹配你的心情状态：开心；匹配你的感官偏好：果香、清爽、花香；已考虑你的健康约束：咖啡因敏感慎用,R048,玫瑰草莓,0.8099,匹配你的身体状态：感觉有点热；匹配你的心情状态：开心；匹配你的场景：公园/户外；匹配你的感官偏好：果香、清爽、花香；匹配你的冷热偏好：冷饮；已考虑你的健康约束：咖啡因敏感慎用,,
U0120,困倦,开心,地铁/公交/车站,茶香、苦感,冷饮,咖啡因敏感慎用,咖啡因敏感慎用冷饮茶香苦感型,R045,荷叶陈皮,0.6746,匹配你的感官偏好：苦感；已考虑你的健康约束：咖啡因敏感慎用,R038,菊花柠檬草,0.6637,已考虑你的健康约束：咖啡因敏感慎用,R055,薰衣草蓝莓,0.6635,已考虑你的健康约束：咖啡因敏感慎用,,
U0121,良好,紧张,学校/教学楼,茶香、清爽,热饮,低刺激、咖啡因敏感慎用,低刺激热饮清爽茶香型,R045,荷叶陈皮,0.7629,匹配你的心情状态：紧张；匹配你的感官偏好：清爽；匹配你的冷热偏好：热饮；已考虑你的健康约束：低刺激、咖啡因敏感慎用,R038,菊花柠檬草,0.7629,匹配你的心情状态：紧张；匹配你的感官偏好：清爽；匹配你的冷热偏好：热饮；已考虑你的健康约束：低刺激、咖啡因敏感慎用,R055,薰衣草蓝莓,0.7627,匹配你的心情状态：紧张；匹配你的感官偏好：清爽；匹配你的冷热偏好：热饮；已考虑你的健康约束：低刺激、咖啡因敏感慎用,,
U0122,疲劳、困倦,烦躁,图书馆/自习室,咖啡香、苦感,热饮,低糖,低糖热饮咖啡香苦感型,R061,焙茶鲜奶,0.7958,匹配你的身体状态：困倦、疲劳；匹配你的场景：图书馆/自习室；匹配你的感官偏好：咖啡香；匹配你的冷热偏好：热饮；已考虑你的健康约束：低糖,R075,红茶淡奶油,0.7957,匹配你的身体状态：困倦、疲劳；匹配你的场景：图书馆/自习室；匹配你的感官偏好：苦感；匹配你的冷热偏好：热饮；已考虑你的健康约束：低糖,R069,焙茶豆奶,0.7954,匹配你的身体状态：困倦、疲劳；匹配你的场景：图书馆/自习室；匹配你的感官偏好：咖啡香；匹配你的冷热偏好：热饮；已考虑你的健康约束：低糖,,
U0123,疲劳、感觉有点热,平静,公园/户外,清爽、茶香,冷饮,,冷饮清爽茶香型,R083,冷萃咖啡椰子水,0.7583,匹配你的身体状态：疲劳；匹配你的场景：公园/户外；匹配你的感官偏好：清爽；匹配你的冷热偏好：冷饮,R009,桃子轻发酵乌龙,0.773,匹配你的身体状态：疲劳；匹配你的感官偏好：清爽、茶香；匹配你的冷热偏好：冷饮,R012,荔枝茉莉绿茶,0.773,匹配你的身体状态：疲劳；匹配你的感官偏好：清爽、茶香；匹配你的冷热偏好：冷饮,,
U0124,疲劳、口渴,烦躁,健身房/运动场、地铁/公交/车站,酸感、气泡感,冷饮,低糖,低糖冷饮气泡感酸感型,R083,冷萃咖啡椰子水,0.786,匹配你的身体状态：口渴、疲劳；匹配你的冷热偏好：冷饮；已考虑你的健康约束：低糖,R081,美式咖啡液橙子,0.7597,匹配你的身体状态：疲劳；匹配你的感官偏好：酸感；匹配你的冷热偏好：冷饮；已考虑你的健康约束：低糖,R002,青柠茉莉绿茶,0.7597,匹配你的身体状态：疲劳；匹配你的感官偏好：酸感；匹配你的冷热偏好：冷饮；已考虑你的健康约束：低糖,,
U0125,疲劳,开心,家/宿舍、商场/商业街,果香、甜感,冷饮,低糖、乳糖不耐慎用,低糖冷饮果香甜感型,R083,冷萃咖啡椰子水,0.8402,匹配你的身体状态：疲劳；匹配你的心情状态：开心；匹配你的感官偏好：果香、甜感；匹配你的冷热偏好：冷饮；已考虑你的健康约束：低糖、乳糖不耐慎用,R081,美式咖啡液橙子,0.8402,匹配你的身体状态：疲劳；匹配你的心情状态：开心；匹配你的感官偏好：果香、甜感；匹配你的冷热偏好：冷饮；已考虑你的健康约束：低糖、乳糖不耐慎用,R111,豆奶苹果,0.8095,匹配你的身体状态：疲劳；匹配你的心情状态：开心；匹配你的场景：商场/商业街、家/宿舍；匹配你的感官偏好：果香、甜感；已考虑你的健康约束：低糖、乳糖不耐慎用,,
U0126,困倦、疲劳,平静,家/宿舍、图书馆/自习室,花香、清爽,热饮,咖啡因敏感慎用,咖啡因敏感慎用热饮清爽花香型,R045,荷叶陈皮,0.8058,匹配你的身体状态：疲劳；匹配你的心情状态：平静；匹配你的场景：家/宿舍；匹配你的感官偏好：清爽、花香；匹配你的冷热偏好：热饮；已考虑你的健康约束：咖啡因敏感慎用,R038,菊花柠檬草,0.8058,匹配你的身体状态：疲劳；匹配你的心情状态：平静；匹配你的场景：家/宿舍；匹配你的感官偏好：清爽、花香；匹配你的冷热偏好：热饮；已考虑你的健康约束：咖啡因敏感慎用,R055,薰衣草蓝莓,0.8058,匹配你的身体状态：疲劳；匹配你的心情状态：平静；匹配你的场景：家/宿舍；匹配你的感官偏好：清爽、花香；匹配你的冷热偏好：热饮；已考虑你的健康约束：咖啡因敏感慎用,,
U0127,困倦、疲劳,平静,家/宿舍、图书馆/自习室,清爽、花香,热饮,咖啡因敏感慎用,咖啡因敏感慎用热饮清爽花香型,R045,荷叶陈皮,0.8058,匹配你的身体状态：疲劳；匹配你的心情状态：平静；匹配你的场景：家/宿舍；匹配你的感官偏好：清爽、花香；匹配你的冷热偏好：热饮；已考虑你的健康约束：咖啡因敏感慎用,R038,菊花柠檬草,0.8058,匹配你的身体状态：疲劳；匹配你的心情状态：平静；匹配你的场景：家/宿舍；匹配你的感官偏好：清爽、花香；匹配你的冷热偏好：热饮；已考虑你的健康约束：咖啡因敏感慎用,R055,薰衣草蓝莓,0.8058,匹配你的身体状态：疲劳；匹配你的心情状态：平静；匹配你的场景：家/宿舍；匹配你的感官偏好：清爽、花香；匹配你的冷热偏好：热饮；已考虑你的健康约束：咖啡因敏感慎用,,
U0128,疲劳,平静,家/宿舍,清爽,冷饮,低糖、咖啡因敏感慎用,低糖冷饮清爽型,R055,薰衣草蓝莓,0.8095,匹配你的身体状态：疲劳；匹配你的心情状态：平静；匹配你的场景：家/宿舍；匹配你的感官偏好：清爽；已考虑你的健康约束：低糖、咖啡因敏感慎用,R038,菊花柠檬草,0.8095,匹配你的身体状态：疲劳；匹配你的心情状态：平静；匹配你的场景：家/宿舍；匹配你的感官偏好：清爽；已考虑你的健康约束：低糖、咖啡因敏感慎用,R045,荷叶陈皮,0.8095,匹配你的身体状态：疲劳；匹配你的心情状态：平静；匹配你的场景：家/宿舍；匹配你的感官偏好：清爽；已考虑你的健康约束：低糖、咖啡因敏感慎用,,
U0129,感觉有点冷,平静,公园/户外,果香、甜感,热饮,低糖、乳糖不耐慎用,低糖热饮果香甜感型,R045,荷叶陈皮,0.8401,匹配你的身体状态：感觉有点冷；匹配你的心情状态：平静；匹配你的感官偏好：果香、甜感；匹配你的冷热偏好：热饮；已考虑你的健康约束：低糖、乳糖不耐慎用,R038,菊花柠檬草,0.8401,匹配你的身体状态：感觉有点冷；匹配你的心情状态：平静；匹配你的感官偏好：果香、甜感；匹配你的冷热偏好：热饮；已考虑你的健康约束：低糖、乳糖不耐慎用,R055,薰衣草蓝莓,0.8401,匹配你的身体状态：感觉有点冷；匹配你的心情状态：平静；匹配你的感官偏好：果香、甜感；匹配你的冷热偏好：热饮；已考虑你的健康约束：低糖、乳糖不耐慎用,,
U0130,感觉有点热,紧张,公园/户外,花香,热饮,低糖、低刺激,低糖热饮花香型,R045,荷叶陈皮,0.771,匹配你的心情状态：紧张；匹配你的感官偏好：花香；匹配你的冷热偏好：热饮；已考虑你的健康约束：低糖、低刺激,R038,菊花柠檬草,0.771,匹配你的心情状态：紧张；匹配你的感官偏好：花香；匹配你的冷热偏好：热饮；已考虑你的健康约束：低糖、低刺激,R043,金银花菊花,0.6889,匹配你的感官偏好：花香；已考虑你的健康约束：低糖、低刺激,,
U0131,疲劳,烦躁,家/宿舍、地铁/公交/车站,花香、清爽,冷饮,咖啡因敏感慎用,咖啡因敏感慎用冷饮清爽花香型,R053,百合椰子水,0.6848,匹配你的场景：地铁/公交/车站、家/宿舍；匹配你的感官偏好：清爽、花香；已考虑你的健康约束：咖啡因敏感慎用,R043,金银花菊花,0.6847,匹配你的场景：地铁/公交/车站、家/宿舍；匹配你的感官偏好：清爽、花香；已考虑你的健康约束：咖啡因敏感慎用,R049,洋甘菊苹果,0.7686,匹配你的身体状态：疲劳；匹配你的场景：家/宿舍；匹配你的感官偏好：清爽、花香；已考虑你的健康约束：咖啡因敏感慎用,,
U0132,疲劳,平静,家/宿舍,花香,热饮,低糖、咖啡因敏感慎用、乳糖不耐慎用,低糖热饮花香型,R045,荷叶陈皮,0.8389,匹配你的身体状态：疲劳；匹配你的心情状态：平静；匹配你的场景：家/宿舍；匹配你的感官偏好：花香；匹配你的冷热偏好：热饮；已考虑你的健康约束：低糖、咖啡因敏感慎用、乳糖不耐慎用,R038,菊花柠檬草,0.8388,匹配你的身体状态：疲劳；匹配你的心情状态：平静；匹配你的场景：家/宿舍；匹配你的感官偏好：花香；匹配你的冷热偏好：热饮；已考虑你的健康约束：低糖、咖啡因敏感慎用、乳糖不耐慎用,R055,薰衣草蓝莓,0.8387,匹配你的身体状态：疲劳；匹配你的心情状态：平静；匹配你的场景：家/宿舍；匹配你的感官偏好：花香；匹配你的冷热偏好：热饮；已考虑你的健康约束：低糖、咖啡因敏感慎用、乳糖不耐慎用,,
U0133,疲劳,烦躁,图书馆/自习室,清爽、茶香,冷饮,咖啡因敏感慎用,咖啡因敏感慎用冷饮清爽茶香型,R045,荷叶陈皮,0.7592,匹配你的身体状态：疲劳；匹配你的感官偏好：清爽；已考虑你的健康约束：咖啡因敏感慎用,R038,菊花柠檬草,0.7591,匹配你的身体状态：疲劳；匹配你的感官偏好：清爽；已考虑你的健康约束：咖啡因敏感慎用,R055,薰衣草蓝莓,0.7591,匹配你的身体状态：疲劳；匹配你的感官偏好：清爽；已考虑你的健康约束：咖啡因敏感慎用,,
U0134,疲劳、困倦,平静,地铁/公交/车站、公园/户外,清爽、果香、酸感,冷饮,咖啡因敏感慎用,咖啡因敏感慎用冷饮清爽果香型,R055,薰衣草蓝莓,0.7701,匹配你的身体状态：疲劳；匹配你的心情状态：平静；匹配你的感官偏好：果香、清爽、酸感；已考虑你的健康约束：咖啡因敏感慎用,R111,豆奶苹果,0.7231,匹配你的身体状态：疲劳；匹配你的感官偏好：果香、清爽；已考虑你的健康约束：咖啡因敏感慎用,R116,椰乳百合,0.7231,匹配你的身体状态：疲劳；匹配你的感官偏好：果香、清爽；已考虑你的健康约束：咖啡因敏感慎用,,
U0135,感觉有点冷,平静,地铁/公交/车站、公园/户外,茶香、清爽,热饮,低刺激、咖啡因敏感慎用,低刺激热饮清爽茶香型,R038,菊花柠檬草,0.8335,匹配你的身体状态：感觉有点冷；匹配你的心情状态：平静；匹配你的感官偏好：清爽；匹配你的冷热偏好：热饮；已考虑你的健康约束：低刺激、咖啡因敏感慎用,R045,荷叶陈皮,0.8335,匹配你的身体状态：感觉有点冷；匹配你的心情状态：平静；匹配你的感官偏好：清爽；匹配你的冷热偏好：热饮；已考虑你的健康约束：低刺激、咖啡因敏感慎用,R055,薰衣草蓝莓,0.8335,匹配你的身体状态：感觉有点冷；匹配你的心情状态：平静；匹配你的感官偏好：清爽；匹配你的冷热偏好：热饮；已考虑你的健康约束：低刺激、咖啡因敏感慎用,,
U0136,困倦,平静,图书馆/自习室,咖啡香、苦感,冷饮,低糖,低糖冷饮咖啡香苦感型,R061,焙茶鲜奶,0.7562,匹配你的身体状态：困倦；匹配你的场景：图书馆/自习室；匹配你的感官偏好：咖啡香；已考虑你的健康约束：低糖,R075,红茶淡奶油,0.7562,匹配你的身体状态：困倦；匹配你的场景：图书馆/自习室；匹配你的感官偏好：苦感；已考虑你的健康约束：低糖,R030,芒果红茶,0.8035,匹配你的身体状态：困倦；匹配你的心情状态：平静；匹配你的场景：图书馆/自习室；匹配你的感官偏好：苦感；已考虑你的健康约束：低糖,,
U0137,疲劳、感觉有点热,开心,商场/商业街、公园/户外,清爽、茶香,冷饮,低糖、咖啡因敏感慎用,低糖冷饮清爽茶香型,R113,椰奶荔枝,0.8048,匹配你的身体状态：疲劳；匹配你的心情状态：开心；匹配你的场景：公园/户外、商场/商业街；匹配你的感官偏好：清爽；匹配你的冷热偏好：冷饮；已考虑你的健康约束：低糖、咖啡因敏感慎用,R050,柠檬草橙子,0.7268,匹配你的心情状态：开心；匹配你的感官偏好：清爽；已考虑你的健康约束：低糖、咖啡因敏感慎用,R119,椰子水橙子,0.7268,匹配你的心情状态：开心；匹配你的感官偏好：清爽；已考虑你的健康约束：低糖、咖啡因敏感慎用,,
U0138,疲劳、口渴,烦躁,健身房/运动场、商场/商业街,清爽、果香,冷饮,,冷饮清爽果香型,R090,黑巧椰乳,0.8055,匹配你的身体状态：口渴、疲劳；匹配你的场景：商场/商业街；匹配你的感官偏好：果香、清爽；匹配你的冷热偏好：冷饮,R113,椰奶荔枝,0.8055,匹配你的身体状态：口渴、疲劳；匹配你的场景：商场/商业街；匹配你的感官偏好：果香、清爽；匹配你的冷热偏好：冷饮,R083,冷萃咖啡椰子水,0.8072,匹配你的身体状态：口渴、疲劳；匹配你的感官偏好：果香、清爽；匹配你的冷热偏好：冷饮,,
U0139,良好,开心,商场/商业街,奶香、甜感,热饮,低糖、乳糖不耐慎用,低糖热饮奶香甜感型,R038,菊花柠檬草,0.7208,匹配你的感官偏好：甜感；匹配你的冷热偏好：热饮；已考虑你的健康约束：低糖、乳糖不耐慎用,R045,荷叶陈皮,0.7207,匹配你的感官偏好：甜感；匹配你的冷热偏好：热饮；已考虑你的健康约束：低糖、乳糖不耐慎用,R055,薰衣草蓝莓,0.7207,匹配你的感官偏好：甜感；匹配你的冷热偏好：热饮；已考虑你的健康约束：低糖、乳糖不耐慎用,,
U0140,困倦、感觉有点冷,平静,家/宿舍、公园/户外,茶香、清爽,热饮,低刺激、咖啡因敏感慎用,低刺激热饮清爽茶香型,R038,菊花柠檬草,0.8006,匹配你的身体状态：感觉有点冷；匹配你的心情状态：平静；匹配你的场景：家/宿舍；匹配你的感官偏好：清爽；匹配你的冷热偏好：热饮；已考虑你的健康约束：低刺激、咖啡因敏感慎用,R055,薰衣草蓝莓,0.8006,匹配你的身体状态：感觉有点冷；匹配你的心情状态：平静；匹配你的场景：家/宿舍；匹配你的感官偏好：清爽；匹配你的冷热偏好：热饮；已考虑你的健康约束：低刺激、咖啡因敏感慎用,R045,荷叶陈皮,0.8006,匹配你的身体状态：感觉有点冷；匹配你的心情状态：平静；匹配你的场景：家/宿舍；匹配你的感官偏好：清爽；匹配你的冷热偏好：热饮；已考虑你的健康约束：低刺激、咖啡因敏感慎用,,
U0141,困倦、疲劳,平静,家/宿舍、学校/教学楼,清爽、花香,冷饮,咖啡因敏感慎用,咖啡因敏感慎用冷饮清爽花香型,R038,菊花柠檬草,0.7708,匹配你的身体状态：疲劳；匹配你的心情状态：平静；匹配你的场景：家/宿舍；匹配你的感官偏好：清爽、花香；已考虑你的健康约束：咖啡因敏感慎用,R045,荷叶陈皮,0.7708,匹配你的身体状态：疲劳；匹配你的心情状态：平静；匹配你的场景：家/宿舍；匹配你的感官偏好：清爽、花香；已考虑你的健康约束：咖啡因敏感慎用,R055,薰衣草蓝莓,0.7708,匹配你的身体状态：疲劳；匹配你的心情状态：平静；匹配你的场景：家/宿舍；匹配你的感官偏好：清爽、花香；已考虑你的健康约束：咖啡因敏感慎用,,
U0142,疲劳,平静,图书馆/自习室,清爽,冷饮,低糖,低糖冷饮清爽型,R065,茉莉绿茶椰乳,0.8058,匹配你的身体状态：疲劳；匹配你的场景：图书馆/自习室；匹配你的感官偏好：清爽；匹配你的冷热偏好：冷饮；已考虑你的健康约束：低糖,R071,茉莉绿茶低脂牛奶,0.8058,匹配你的身体状态：疲劳；匹配你的场景：图书馆/自习室；匹配你的感官偏好：清爽；匹配你的冷热偏好：冷饮；已考虑你的健康约束：低糖,R017,桃子红茶,0.7693,匹配你的身体状态：疲劳；匹配你的场景：图书馆/自习室；匹配你的感官偏好：清爽；已考虑你的健康约束：低糖,,
U0143,良好,平静,图书馆/自习室,清爽、茶香,热饮,低刺激、乳糖不耐慎用,低刺激热饮清爽茶香型,R045,荷叶陈皮,0.7627,匹配你的心情状态：平静；匹配你的感官偏好：清爽；匹配你的冷热偏好：热饮；已考虑你的健康约束：低刺激、乳糖不耐慎用,R038,菊花柠檬草,0.7626,匹配你的心情状态：平静；匹配你的感官偏好：清爽；匹配你的冷热偏好：热饮；已考虑你的健康约束：低刺激、乳糖不耐慎用,R055,薰衣草蓝莓,0.7624,匹配你的心情状态：平静；匹配你的感官偏好：清爽；匹配你的冷热偏好：热饮；已考虑你的健康约束：低刺激、乳糖不耐慎用,,
U0144,疲劳,平静,家/宿舍,茶香、清爽,热饮,低刺激,低刺激热饮清爽茶香型,R045,荷叶陈皮,0.8347,匹配你的身体状态：疲劳；匹配你的心情状态：平静；匹配你的场景：家/宿舍；匹配你的感官偏好：清爽；匹配你的冷热偏好：热饮；已考虑你的健康约束：低刺激,R038,菊花柠檬草,0.8346,匹配你的身体状态：疲劳；匹配你的心情状态：平静；匹配你的场景：家/宿舍；匹配你的感官偏好：清爽；匹配你的冷热偏好：热饮；已考虑你的健康约束：低刺激,R055,薰衣草蓝莓,0.8346,匹配你的身体状态：疲劳；匹配你的心情状态：平静；匹配你的场景：家/宿舍；匹配你的感官偏好：清爽；匹配你的冷热偏好：热饮；已考虑你的健康约束：低刺激,,
U0145,疲劳,开心,学校/教学楼,茶香、苦感、清爽,热饮,咖啡因敏感慎用,咖啡因敏感慎用热饮清爽茶香型,R045,荷叶陈皮,0.7991,匹配你的身体状态：疲劳；匹配你的感官偏好：清爽、苦感；匹配你的冷热偏好：热饮；已考虑你的健康约束：咖啡因敏感慎用,R038,菊花柠檬草,0.7919,匹配你的身体状态：疲劳；匹配你的感官偏好：清爽；匹配你的冷热偏好：热饮；已考虑你的健康约束：咖啡因敏感慎用,R055,薰衣草蓝莓,0.7918,匹配你的身体状态：疲劳；匹配你的感官偏好：清爽；匹配你的冷热偏好：热饮；已考虑你的健康约束：咖啡因敏感慎用,,
U0146,疲劳,平静,家/宿舍,清爽,热饮,低刺激、乳糖不耐慎用,低刺激热饮清爽型,R045,荷叶陈皮,0.8394,匹配你的身体状态：疲劳；匹配你的心情状态：平静；匹配你的场景：家/宿舍；匹配你的感官偏好：清爽；匹配你的冷热偏好：热饮；已考虑你的健康约束：低刺激、乳糖不耐慎用,R038,菊花柠檬草,0.8394,匹配你的身体状态：疲劳；匹配你的心情状态：平静；匹配你的场景：家/宿舍；匹配你的感官偏好：清爽；匹配你的冷热偏好：热饮；已考虑你的健康约束：低刺激、乳糖不耐慎用,R055,薰衣草蓝莓,0.8393,匹配你的身体状态：疲劳；匹配你的心情状态：平静；匹配你的场景：家/宿舍；匹配你的感官偏好：清爽；匹配你的冷热偏好：热饮；已考虑你的健康约束：低刺激、乳糖不耐慎用,,
U0147,困倦、口渴,烦躁,家/宿舍、健身房/运动场,清爽、茶香,冷饮,咖啡因敏感慎用,咖啡因敏感慎用冷饮清爽茶香型,R053,百合椰子水,0.7148,匹配你的身体状态：口渴；匹配你的场景：家/宿舍；匹配你的感官偏好：清爽；已考虑你的健康约束：咖啡因敏感慎用,R055,薰衣草蓝莓,0.6706,匹配你的场景：家/宿舍；匹配你的感官偏好：清爽；已考虑你的健康约束：咖啡因敏感慎用,R043,金银花菊花,0.7148,匹配你的身体状态：口渴；匹配你的场景：家/宿舍；匹配你的感官偏好：清爽；已考虑你的健康约束：咖啡因敏感慎用,,
U0148,疲劳、困倦,烦躁,地铁/公交/车站、公园/户外,清爽、果香、酸感,冷饮,咖啡因敏感慎用,咖啡因敏感慎用冷饮清爽果香型,R113,椰奶荔枝,0.7603,匹配你的身体状态：疲劳；匹配你的场景：公园/户外；匹配你的感官偏好：果香、清爽；匹配你的冷热偏好：冷饮；已考虑你的健康约束：咖啡因敏感慎用,R109,酸奶草莓,0.773,匹配你的身体状态：疲劳；匹配你的感官偏好：果香、清爽、酸感；匹配你的冷热偏好：冷饮；已考虑你的健康约束：咖啡因敏感慎用,R110,酸奶芒果,0.773,匹配你的身体状态：疲劳；匹配你的感官偏好：果香、清爽、酸感；匹配你的冷热偏好：冷饮；已考虑你的健康约束：咖啡因敏感慎用,,
U0149,疲劳、感觉有点冷,低落,地铁/公交/车站、公园/户外,奶香、清爽,热饮,低刺激,低刺激热饮清爽奶香型,R038,菊花柠檬草,0.8336,匹配你的身体状态：感觉有点冷、疲劳；匹配你的心情状态：低落；匹配你的感官偏好：清爽；匹配你的冷热偏好：热饮；已考虑你的健康约束：低刺激,R055,薰衣草蓝莓,0.8336,匹配你的身体状态：感觉有点冷、疲劳；匹配你的心情状态：低落；匹配你的感官偏好：清爽；匹配你的冷热偏好：热饮；已考虑你的健康约束：低刺激,R045,荷叶陈皮,0.8336,匹配你的身体状态：感觉有点冷、疲劳；匹配你的心情状态：低落；匹配你的感官偏好：清爽；匹配你的冷热偏好：热饮；已考虑你的健康约束：低刺激,,
U0150,疲劳、感觉有点热,平静,地铁/公交/车站、公园/户外,清爽、茶香,冷饮,低糖,低糖冷饮清爽茶香型,R083,冷萃咖啡椰子水,0.7566,匹配你的身体状态：疲劳；匹配你的场景：公园/户外；匹配你的感官偏好：清爽；匹配你的冷热偏好：冷饮；已考虑你的健康约束：低糖,R053,百合椰子水,0.7286,匹配你的心情状态：平静；匹配你的场景：地铁/公交/车站；匹配你的感官偏好：清爽；已考虑你的健康约束：低糖,R043,金银花菊花,0.7286,匹配你的心情状态：平静；匹配你的场景：地铁/公交/车站；匹配你的感官偏好：清爽；已考虑你的健康约束：低糖,,
U0151,疲劳、口渴,烦躁,健身房/运动场,清爽、茶香,冷饮,低糖,低糖冷饮清爽茶香型,R002,青柠茉莉绿茶,0.773,匹配你的身体状态：疲劳；匹配你的感官偏好：清爽、茶香；匹配你的冷热偏好：冷饮；已考虑你的健康约束：低糖,R027,柠檬轻发酵乌龙,0.773,匹配你的身体状态：疲劳；匹配你的感官偏好：清爽、茶香；匹配你的冷热偏好：冷饮；已考虑你的健康约束：低糖,R009,桃子轻发酵乌龙,0.773,匹配你的身体状态：疲劳；匹配你的感官偏好：清爽、茶香；匹配你的冷热偏好：冷饮；已考虑你的健康约束：低糖,,
U0152,感觉有点冷、疲劳,平静,家/宿舍、商场/商业街、公园/户外,清爽,热饮,低糖,低糖热饮清爽型,R049,洋甘菊苹果,0.8061,匹配你的身体状态：感觉有点冷、疲劳；匹配你的场景：家/宿舍；匹配你的感官偏好：清爽；匹配你的冷热偏好：热饮；已考虑你的健康约束：低糖,R055,薰衣草蓝莓,0.8388,匹配你的身体状态：感觉有点冷、疲劳；匹配你的心情状态：平静；匹配你的场景：家/宿舍；匹配你的感官偏好：清爽；匹配你的冷热偏好：热饮；已考虑你的健康约束：低糖,R083,冷萃咖啡椰子水,0.7289,匹配你的身体状态：疲劳；匹配你的场景：公园/户外；匹配你的感官偏好：清爽；已考虑你的健康约束：低糖,,
U0153,疲劳,平静,家/宿舍,奶香、甜感,热饮,低刺激、咖啡因敏感慎用,低刺激热饮奶香甜感型,R045,荷叶陈皮,0.8346,匹配你的身体状态：疲劳；匹配你的心情状态：平静；匹配你的场景：家/宿舍；匹配你的感官偏好：甜感；匹配你的冷热偏好：热饮；已考虑你的健康约束：低刺激、咖啡因敏感慎用,R038,菊花柠檬草,0.8345,匹配你的身体状态：疲劳；匹配你的心情状态：平静；匹配你的场景：家/宿舍；匹配你的感官偏好：甜感；匹配你的冷热偏好：热饮；已考虑你的健康约束：低刺激、咖啡因敏感慎用,R055,薰衣草蓝莓,0.8344,匹配你的身体状态：疲劳；匹配你的心情状态：平静；匹配你的场景：家/宿舍；匹配你的感官偏好：甜感；匹配你的冷热偏好：热饮；已考虑你的健康约束：低刺激、咖啡因敏感慎用,,
U0154,疲劳、困倦,烦躁,家/宿舍、图书馆/自习室,茶香、清爽,冷饮,低糖、咖啡因敏感慎用,低糖冷饮清爽茶香型,R045,荷叶陈皮,0.7148,匹配你的身体状态：疲劳；匹配你的场景：家/宿舍；匹配你的感官偏好：清爽；已考虑你的健康约束：低糖、咖啡因敏感慎用,R038,菊花柠檬草,0.7148,匹配你的身体状态：疲劳；匹配你的场景：家/宿舍；匹配你的感官偏好：清爽；已考虑你的健康约束：低糖、咖啡因敏感慎用,R055,薰衣草蓝莓,0.7147,匹配你的身体状态：疲劳；匹配你的场景：家/宿舍；匹配你的感官偏好：清爽；已考虑你的健康约束：低糖、咖啡因敏感慎用,,
U0155,疲劳,平静,家/宿舍,清爽、茶香,热饮,低糖、低刺激,低糖热饮清爽茶香型,R045,荷叶陈皮,0.8347,匹配你的身体状态：疲劳；匹配你的心情状态：平静；匹配你的场景：家/宿舍；匹配你的感官偏好：清爽；匹配你的冷热偏好：热饮；已考虑你的健康约束：低糖、低刺激,R038,菊花柠檬草,0.8346,匹配你的身体状态：疲劳；匹配你的心情状态：平静；匹配你的场景：家/宿舍；匹配你的感官偏好：清爽；匹配你的冷热偏好：热饮；已考虑你的健康约束：低糖、低刺激,R055,薰衣草蓝莓,0.8346,匹配你的身体状态：疲劳；匹配你的心情状态：平静；匹配你的场景：家/宿舍；匹配你的感官偏好：清爽；匹配你的冷热偏好：热饮；已考虑你的健康约束：低糖、低刺激,,
U0156,疲劳,平静,家/宿舍、地铁/公交/车站,清爽,热饮,低刺激、咖啡因敏感慎用、乳糖不耐慎用,低刺激热饮清爽型,R038,菊花柠檬草,0.8386,匹配你的身体状态：疲劳；匹配你的心情状态：平静；匹配你的场景：家/宿舍；匹配你的感官偏好：清爽；匹配你的冷热偏好：热饮；已考虑你的健康约束：低刺激、咖啡因敏感慎用、乳糖不耐慎用,R045,荷叶陈皮,0.8386,匹配你的身体状态：疲劳；匹配你的心情状态：平静；匹配你的场景：家/宿舍；匹配你的感官偏好：清爽；匹配你的冷热偏好：热饮；已考虑你的健康约束：低刺激、咖啡因敏感慎用、乳糖不耐慎用,R055,薰衣草蓝莓,0.8385,匹配你的身体状态：疲劳；匹配你的心情状态：平静；匹配你的场景：家/宿舍；匹配你的感官偏好：清爽；匹配你的冷热偏好：热饮；已考虑你的健康约束：低刺激、咖啡因敏感慎用、乳糖不耐慎用,,
U0157,良好,开心,图书馆/自习室,清爽,热饮,低糖、低刺激,低糖热饮清爽型,R045,荷叶陈皮,0.7346,匹配你的感官偏好：清爽；匹配你的冷热偏好：热饮；已考虑你的健康约束：低糖、低刺激,R038,菊花柠檬草,0.7346,匹配你的感官偏好：清爽；匹配你的冷热偏好：热饮；已考虑你的健康约束：低糖、低刺激,R055,薰衣草蓝莓,0.7346,匹配你的感官偏好：清爽；匹配你的冷热偏好：热饮；已考虑你的健康约束：低糖、低刺激,,
U0158,困倦,紧张,学校/教学楼、图书馆/自习室,花香、清爽,热饮,咖啡因敏感慎用,咖啡因敏感慎用热饮清爽花香型,R045,荷叶陈皮,0.7715,匹配你的心情状态：紧张；匹配你的感官偏好：清爽、花香；匹配你的冷热偏好：热饮；已考虑你的健康约束：咖啡因敏感慎用,R038,菊花柠檬草,0.7715,匹配你的心情状态：紧张；匹配你的感官偏好：清爽、花香；匹配你的冷热偏好：热饮；已考虑你的健康约束：咖啡因敏感慎用,R055,薰衣草蓝莓,0.7714,匹配你的心情状态：紧张；匹配你的感官偏好：清爽、花香；匹配你的冷热偏好：热饮；已考虑你的健康约束：咖啡因敏感慎用,,
U0159,疲劳,低落,家/宿舍,奶香、甜感,热饮,低刺激、咖啡因敏感慎用,低刺激热饮奶香甜感型,R045,荷叶陈皮,0.8346,匹配你的身体状态：疲劳；匹配你的心情状态：低落；匹配你的场景：家/宿舍；匹配你的感官偏好：甜感；匹配你的冷热偏好：热饮；已考虑你的健康约束：低刺激、咖啡因敏感慎用,R038,菊花柠檬草,0.8346,匹配你的身体状态：疲劳；匹配你的心情状态：低落；匹配你的场景：家/宿舍；匹配你的感官偏好：甜感；匹配你的冷热偏好：热饮；已考虑你的健康约束：低刺激、咖啡因敏感慎用,R055,薰衣草蓝莓,0.8345,匹配你的身体状态：疲劳；匹配你的心情状态：低落；匹配你的场景：家/宿舍；匹配你的感官偏好：甜感；匹配你的冷热偏好：热饮；已考虑你的健康约束：低刺激、咖啡因敏感慎用,,
U0160,良好,烦躁,图书馆/自习室,清爽、茶香,冷饮,咖啡因敏感慎用,咖啡因敏感慎用冷饮清爽茶香型,R045,荷叶陈皮,0.6748,匹配你的感官偏好：清爽；已考虑你的健康约束：咖啡因敏感慎用,R038,菊花柠檬草,0.6748,匹配你的感官偏好：清爽；已考虑你的健康约束：咖啡因敏感慎用,R043,金银花菊花,0.7589,匹配你的身体状态：良好；匹配你的感官偏好：清爽；已考虑你的健康约束：咖啡因敏感慎用,,
U0161,困倦、感觉有点冷,烦躁,地铁/公交/车站、公园/户外,清爽、果香、酸感,热饮,低糖、咖啡因敏感慎用,低糖热饮清爽果香型,R050,柠檬草橙子,0.6863,匹配你的场景：地铁/公交/车站；匹配你的感官偏好：果香、清爽、酸感；已考虑你的健康约束：低糖、咖啡因敏感慎用,R119,椰子水橙子,0.6863,匹配你的场景：地铁/公交/车站；匹配你的感官偏好：果香、清爽、酸感；已考虑你的健康约束：低糖、咖啡因敏感慎用,R053,百合椰子水,0.6759,匹配你的场景：地铁/公交/车站；匹配你的感官偏好：果香、清爽；已考虑你的健康约束：低糖、咖啡因敏感慎用,,
U0162,疲劳,平静,学校/教学楼,花香、清爽,热饮,低刺激,低刺激热饮清爽花香型,R045,荷叶陈皮,0.8402,匹配你的身体状态：疲劳；匹配你的心情状态：平静；匹配你的感官偏好：清爽、花香；匹配你的冷热偏好：热饮；已考虑你的健康约束：低刺激,R038,菊花柠檬草,0.8402,匹配你的身体状态：疲劳；匹配你的心情状态：平静；匹配你的感官偏好：清爽、花香；匹配你的冷热偏好：热饮；已考虑你的健康约束：低刺激,R055,薰衣草蓝莓,0.8401,匹配你的身体状态：疲劳；匹配你的心情状态：平静；匹配你的感官偏好：清爽、花香；匹配你的冷热偏好：热饮；已考虑你的健康约束：低刺激,,
U0163,疲劳、困倦,烦躁,图书馆/自习室,清爽、果香、酸感,热饮,咖啡因敏感慎用,咖啡因敏感慎用热饮清爽果香型,R045,荷叶陈皮,0.764,匹配你的身体状态：疲劳；匹配你的感官偏好：果香、清爽；匹配你的冷热偏好：热饮；已考虑你的健康约束：咖啡因敏感慎用,R038,菊花柠檬草,0.764,匹配你的身体状态：疲劳；匹配你的感官偏好：果香、清爽；匹配你的冷热偏好：热饮；已考虑你的健康约束：咖啡因敏感慎用,R055,薰衣草蓝莓,0.7729,匹配你的身体状态：疲劳；匹配你的感官偏好：果香、清爽、酸感；匹配你的冷热偏好：热饮；已考虑你的健康约束：咖啡因敏感慎用,,
U0164,感觉有点热,开心,图书馆/自习室、公园/户外,果香、气泡感,冷饮,低糖,低糖冷饮果香气泡感型,R050,柠檬草橙子,0.7268,匹配你的心情状态：开心；匹配你的感官偏好：果香；已考虑你的健康约束：低糖,R119,椰子水橙子,0.7268,匹配你的心情状态：开心；匹配你的感官偏好：果香；已考虑你的健康约束：低糖,R053,百合椰子水,0.7268,匹配你的心情状态：开心；匹配你的感官偏好：果香；已考虑你的健康约束：低糖,,
U0165,疲劳、口渴,平静,健身房/运动场,清爽、果香,冷饮,低糖、咖啡因敏感慎用,低糖冷饮清爽果香型,R055,薰衣草蓝莓,0.7701,匹配你的身体状态：疲劳；匹配你的心情状态：平静；匹配你的感官偏好：果香、清爽；已考虑你的健康约束：低糖、咖啡因敏感慎用,R049,洋甘菊苹果,0.771,匹配你的身体状态：口渴、疲劳；匹配你的感官偏好：果香、清爽；已考虑你的健康约束：低糖、咖啡因敏感慎用,R111,豆奶苹果,0.7313,匹配你的身体状态：疲劳；匹配你的感官偏好：果香、清爽；已考虑你的健康约束：低糖、咖啡因敏感慎用,,
U0166,疲劳、感觉有点热,平静,商场/商业街、公园/户外,果香、甜感,冷饮,乳糖不耐慎用,乳糖不耐慎用冷饮果香甜感型,R083,冷萃咖啡椰子水,0.7679,匹配你的身体状态：疲劳；匹配你的场景：公园/户外；匹配你的感官偏好：果香、甜感；匹配你的冷热偏好：冷饮；已考虑你的健康约束：乳糖不耐慎用,R050,柠檬草橙子,0.7352,匹配你的心情状态：平静；匹配你的感官偏好：果香、甜感；已考虑你的健康约束：乳糖不耐慎用,R119,椰子水橙子,0.7352,匹配你的心情状态：平静；匹配你的感官偏好：果香、甜感；已考虑你的健康约束：乳糖不耐慎用,,
U0167,疲劳、感觉有点冷,低落,家/宿舍、公园/户外,花香、清爽,热饮,低刺激、咖啡因敏感慎用,低刺激热饮清爽花香型,R055,薰衣草蓝莓,0.8385,匹配你的身体状态：感觉有点冷、疲劳；匹配你的心情状态：低落；匹配你的场景：家/宿舍；匹配你的感官偏好：清爽、花香；匹配你的冷热偏好：热饮；已考虑你的健康约束：低刺激、咖啡因敏感慎用,R037,玫瑰桂花,0.8385,匹配你的身体状态：感觉有点冷、疲劳；匹配你的心情状态：低落；匹配你的场景：家/宿舍；匹配你的感官偏好：清爽、花香；匹配你的冷热偏好：热饮；已考虑你的健康约束：低刺激、咖啡因敏感慎用,R040,薰衣草洋甘菊,0.8385,匹配你的身体状态：感觉有点冷、疲劳；匹配你的心情状态：低落；匹配你的场景：家/宿舍；匹配你的感官偏好：清爽、花香；匹配你的冷热偏好：热饮；已考虑你的健康约束：低刺激、咖啡因敏感慎用,,
U0168,困倦、疲劳,紧张,家/宿舍、学校/教学楼,清爽、果香、酸感,热饮,咖啡因敏感慎用,咖啡因敏感慎用热饮清爽果香型,R055,薰衣草蓝莓,0.8059,匹配你的身体状态：疲劳；匹配你的心情状态：紧张；匹配你的场景：家/宿舍；匹配你的感官偏好：果香、清爽、酸感；匹配你的冷热偏好：热饮；已考虑你的健康约束：咖啡因敏感慎用,R112,燕麦奶桃子,0.7603,匹配你的身体状态：疲劳；匹配你的场景：家/宿舍；匹配你的感官偏好：果香、清爽；匹配你的冷热偏好：热饮；已考虑你的健康约束：咖啡因敏感慎用,R111,豆奶苹果,0.7603,匹配你的身体状态：疲劳；匹配你的场景：家/宿舍；匹配你的感官偏好：果香、清爽；匹配你的冷热偏好：热饮；已考虑你的健康约束：咖啡因敏感慎用,,
U0169,疲劳,烦躁,家/宿舍,果香、酸感、清爽,热饮,低糖、低刺激,低糖热饮清爽果香型,R116,椰乳百合,0.7997,匹配你的身体状态：疲劳；匹配你的场景：家/宿舍；匹配你的感官偏好：果香、清爽；匹配你的冷热偏好：热饮；已考虑你的健康约束：低糖、低刺激,R055,薰衣草蓝莓,0.8058,匹配你的身体状态：疲劳；匹配你的场景：家/宿舍；匹配你的感官偏好：果香、清爽、酸感；匹配你的冷热偏好：热饮；已考虑你的健康约束：低糖、低刺激,R037,玫瑰桂花,0.7935,匹配你的身体状态：疲劳；匹配你的场景：家/宿舍；匹配你的感官偏好：清爽；匹配你的冷热偏好：热饮；已考虑你的健康约束：低糖、低刺激,,
U0170,疲劳,平静,家/宿舍、商场/商业街,清爽、茶香,热饮,咖啡因敏感慎用、乳糖不耐慎用,咖啡因敏感慎用热饮清爽茶香型,R038,菊花柠檬草,0.8326,匹配你的身体状态：疲劳；匹配你的心情状态：平静；匹配你的场景：家/宿舍；匹配你的感官偏好：清爽；匹配你的冷热偏好：热饮；已考虑你的健康约束：咖啡因敏感慎用、乳糖不耐慎用,R055,薰衣草蓝莓,0.8326,匹配你的身体状态：疲劳；匹配你的心情状态：平静；匹配你的场景：家/宿舍；匹配你的感官偏好：清爽；匹配你的冷热偏好：热饮；已考虑你的健康约束：咖啡因敏感慎用、乳糖不耐慎用,R045,荷叶陈皮,0.8326,匹配你的身体状态：疲劳；匹配你的心情状态：平静；匹配你的场景：家/宿舍；匹配你的感官偏好：清爽；匹配你的冷热偏好：热饮；已考虑你的健康约束：咖啡因敏感慎用、乳糖不耐慎用,,
U0171,感觉有点热,紧张,公园/户外,茶香、清爽,热饮,低糖、低刺激,低糖热饮清爽茶香型,R055,薰衣草蓝莓,0.763,匹配你的心情状态：紧张；匹配你的感官偏好：清爽；匹配你的冷热偏好：热饮；已考虑你的健康约束：低糖、低刺激,R043,金银花菊花,0.675,匹配你的感官偏好：清爽；已考虑你的健康约束：低糖、低刺激,R050,柠檬草橙子,0.675,匹配你的感官偏好：清爽；已考虑你的健康约束：低糖、低刺激,,
U0172,困倦,紧张,学校/教学楼、图书馆/自习室,花香、清爽,热饮,咖啡因敏感慎用,咖啡因敏感慎用热饮清爽花香型,R045,荷叶陈皮,0.7715,匹配你的心情状态：紧张；匹配你的感官偏好：清爽、花香；匹配你的冷热偏好：热饮；已考虑你的健康约束：咖啡因敏感慎用,R038,菊花柠檬草,0.7715,匹配你的心情状态：紧张；匹配你的感官偏好：清爽、花香；匹配你的冷热偏好：热饮；已考虑你的健康约束：咖啡因敏感慎用,R055,薰衣草蓝莓,0.7714,匹配你的心情状态：紧张；匹配你的感官偏好：清爽、花香；匹配你的冷热偏好：热饮；已考虑你的健康约束：咖啡因敏感慎用,,
U0173,感觉有点冷,平静,公园/户外,奶香、甜感,热饮,咖啡因敏感慎用、乳糖不耐慎用,咖啡因敏感慎用热饮奶香甜感型,R045,荷叶陈皮,0.8334,匹配你的身体状态：感觉有点冷；匹配你的心情状态：平静；匹配你的感官偏好：甜感；匹配你的冷热偏好：热饮；已考虑你的健康约束：咖啡因敏感慎用、乳糖不耐慎用,R038,菊花柠檬草,0.8333,匹配你的身体状态：感觉有点冷；匹配你的心情状态：平静；匹配你的感官偏好：甜感；匹配你的冷热偏好：热饮；已考虑你的健康约束：咖啡因敏感慎用、乳糖不耐慎用,R055,薰衣草蓝莓,0.8332,匹配你的身体状态：感觉有点冷；匹配你的心情状态：平静；匹配你的感官偏好：甜感；匹配你的冷热偏好：热饮；已考虑你的健康约束：咖啡因敏感慎用、乳糖不耐慎用,,
U0174,疲劳、口渴,烦躁,家/宿舍、健身房/运动场,清爽、果香、酸感,冷饮,低糖、咖啡因敏感慎用,低糖冷饮清爽果香型,R113,椰奶荔枝,0.7991,匹配你的身体状态：口渴、疲劳；匹配你的场景：家/宿舍；匹配你的感官偏好：果香、清爽；匹配你的冷热偏好：冷饮；已考虑你的健康约束：低糖、咖啡因敏感慎用,R109,酸奶草莓,0.7679,匹配你的身体状态：疲劳；匹配你的场景：家/宿舍；匹配你的感官偏好：果香、清爽、酸感；匹配你的冷热偏好：冷饮；已考虑你的健康约束：低糖、咖啡因敏感慎用,R110,酸奶芒果,0.7679,匹配你的身体状态：疲劳；匹配你的场景：家/宿舍；匹配你的感官偏好：果香、清爽、酸感；匹配你的冷热偏好：冷饮；已考虑你的健康约束：低糖、咖啡因敏感慎用,,
U0175,困倦、感觉有点热,开心,地铁/公交/车站、公园/户外,茶香、苦感,冷饮,低糖、咖啡因敏感慎用,低糖冷饮茶香苦感型,R053,百合椰子水,0.7208,匹配你的心情状态：开心；匹配你的场景：地铁/公交/车站；已考虑你的健康约束：低糖、咖啡因敏感慎用,R043,金银花菊花,0.7208,匹配你的心情状态：开心；匹配你的场景：地铁/公交/车站；已考虑你的健康约束：低糖、咖啡因敏感慎用,R038,菊花柠檬草,0.6642,已考虑你的健康约束：低糖、咖啡因敏感慎用,,
U0176,困倦,紧张,学校/教学楼,奶香、花香,热饮,低刺激,低刺激热饮奶香花香型,R061,焙茶鲜奶,0.7905,匹配你的身体状态：困倦；匹配你的场景：学校/教学楼；匹配你的感官偏好：奶香；匹配你的冷热偏好：热饮；已考虑你的健康约束：低刺激,R075,红茶淡奶油,0.7905,匹配你的身体状态：困倦；匹配你的场景：学校/教学楼；匹配你的感官偏好：奶香；匹配你的冷热偏好：热饮；已考虑你的健康约束：低刺激,R069,焙茶豆奶,0.8006,匹配你的身体状态：困倦；匹配你的场景：学校/教学楼；匹配你的感官偏好：奶香、花香；匹配你的冷热偏好：热饮；已考虑你的健康约束：低刺激,,
U0177,疲劳、口渴,烦躁,健身房/运动场、商场/商业街,清爽、果香,冷饮,低糖、咖啡因敏感慎用,低糖冷饮清爽果香型,R113,椰奶荔枝,0.8055,匹配你的身体状态：口渴、疲劳；匹配你的场景：商场/商业街；匹配你的感官偏好：果香、清爽；匹配你的冷热偏好：冷饮；已考虑你的健康约束：低糖、咖啡因敏感慎用,R109,酸奶草莓,0.7679,匹配你的身体状态：疲劳；匹配你的场景：商场/商业街；匹配你的感官偏好：果香、清爽；匹配你的冷热偏好：冷饮；已考虑你的健康约束：低糖、咖啡因敏感慎用,R110,酸奶芒果,0.7679,匹配你的身体状态：疲劳；匹配你的场景：商场/商业街；匹配你的感官偏好：果香、清爽；匹配你的冷热偏好：冷饮；已考虑你的健康约束：低糖、咖啡因敏感慎用,,
U0178,疲劳,开心,地铁/公交/车站,茶香、苦感、清爽,热饮,低糖、咖啡因敏感慎用,低糖热饮清爽茶香型,R045,荷叶陈皮,0.7991,匹配你的身体状态：疲劳；匹配你的感官偏好：清爽、苦感；匹配你的冷热偏好：热饮；已考虑你的健康约束：低糖、咖啡因敏感慎用,R038,菊花柠檬草,0.7919,匹配你的身体状态：疲劳；匹配你的感官偏好：清爽；匹配你的冷热偏好：热饮；已考虑你的健康约束：低糖、咖啡因敏感慎用,R055,薰衣草蓝莓,0.7919,匹配你的身体状态：疲劳；匹配你的感官偏好：清爽；匹配你的冷热偏好：热饮；已考虑你的健康约束：低糖、咖啡因敏感慎用,,
U0179,良好,开心,学校/教学楼,清爽、果香、酸感,热饮,咖啡因敏感慎用,咖啡因敏感慎用热饮清爽果香型,R049,洋甘菊苹果,0.7655,匹配你的心情状态：开心；匹配你的感官偏好：果香、清爽；匹配你的冷热偏好：热饮；已考虑你的健康约束：咖啡因敏感慎用,R111,豆奶苹果,0.7655,匹配你的心情状态：开心；匹配你的感官偏好：果香、清爽；匹配你的冷热偏好：热饮；已考虑你的健康约束：咖啡因敏感慎用,R116,椰乳百合,0.7655,匹配你的心情状态：开心；匹配你的感官偏好：果香、清爽；匹配你的冷热偏好：热饮；已考虑你的健康约束：咖啡因敏感慎用,,
U0180,困倦、疲劳,烦躁,家/宿舍、学校/教学楼,茶香、清爽,热饮,低糖、咖啡因敏感慎用,低糖热饮清爽茶香型,R045,荷叶陈皮,0.7565,匹配你的身体状态：疲劳；匹配你的场景：家/宿舍；匹配你的感官偏好：清爽；匹配你的冷热偏好：热饮；已考虑你的健康约束：低糖、咖啡因敏感慎用,R038,菊花柠檬草,0.7565,匹配你的身体状态：疲劳；匹配你的场景：家/宿舍；匹配你的感官偏好：清爽；匹配你的冷热偏好：热饮；已考虑你的健康约束：低糖、咖啡因敏感慎用,R055,薰衣草蓝莓,0.7564,匹配你的身体状态：疲劳；匹配你的场景：家/宿舍；匹配你的感官偏好：清爽；匹配你的冷热偏好：热饮；已考虑你的健康约束：低糖、咖啡因敏感慎用,,
U0181,良好,低落,商场/商业街,果香、甜感,热饮,低糖、低刺激、乳糖不耐慎用,低糖热饮果香甜感型,R045,荷叶陈皮,0.7717,匹配你的心情状态：低落；匹配你的感官偏好：果香、甜感；匹配你的冷热偏好：热饮；已考虑你的健康约束：低糖、低刺激、乳糖不耐慎用,R038,菊花柠檬草,0.7716,匹配你的心情状态：低落；匹配你的感官偏好：果香、甜感；匹配你的冷热偏好：热饮；已考虑你的健康约束：低糖、低刺激、乳糖不耐慎用,R055,薰衣草蓝莓,0.7716,匹配你的心情状态：低落；匹配你的感官偏好：果香、甜感；匹配你的冷热偏好：热饮；已考虑你的健康约束：低糖、低刺激、乳糖不耐慎用,,
U0182,疲劳,平静,家/宿舍,花香、清爽,热饮,低糖、低刺激,低糖热饮清爽花香型,R045,荷叶陈皮,0.8394,匹配你的身体状态：疲劳；匹配你的心情状态：平静；匹配你的场景：家/宿舍；匹配你的感官偏好：清爽、花香；匹配你的冷热偏好：热饮；已考虑你的健康约束：低糖、低刺激,R038,菊花柠檬草,0.8394,匹配你的身体状态：疲劳；匹配你的心情状态：平静；匹配你的场景：家/宿舍；匹配你的感官偏好：清爽、花香；匹配你的冷热偏好：热饮；已考虑你的健康约束：低糖、低刺激,R055,薰衣草蓝莓,0.8393,匹配你的身体状态：疲劳；匹配你的心情状态：平静；匹配你的场景：家/宿舍；匹配你的感官偏好：清爽、花香；匹配你的冷热偏好：热饮；已考虑你的健康约束：低糖、低刺激,,
U0183,疲劳,紧张,图书馆/自习室,茶香、清爽,热饮,低刺激,低刺激热饮清爽茶香型,R045,荷叶陈皮,0.8335,匹配你的身体状态：疲劳；匹配你的心情状态：紧张；匹配你的感官偏好：清爽；匹配你的冷热偏好：热饮；已考虑你的健康约束：低刺激,R038,菊花柠檬草,0.8335,匹配你的身体状态：疲劳；匹配你的心情状态：紧张；匹配你的感官偏好：清爽；匹配你的冷热偏好：热饮；已考虑你的健康约束：低刺激,R055,薰衣草蓝莓,0.8334,匹配你的身体状态：疲劳；匹配你的心情状态：紧张；匹配你的感官偏好：清爽；匹配你的冷热偏好：热饮；已考虑你的健康约束：低刺激,,
U0184,感觉有点冷,低落,地铁/公交/车站、公园/户外,奶香、花香,热饮,低刺激,低刺激热饮奶香花香型,R045,荷叶陈皮,0.8323,匹配你的身体状态：感觉有点冷；匹配你的心情状态：低落；匹配你的感官偏好：花香；匹配你的冷热偏好：热饮；已考虑你的健康约束：低刺激,R038,菊花柠檬草,0.8322,匹配你的身体状态：感觉有点冷；匹配你的心情状态：低落；匹配你的感官偏好：花香；匹配你的冷热偏好：热饮；已考虑你的健康约束：低刺激,R069,焙茶豆奶,0.7647,匹配你的心情状态：低落；匹配你的感官偏好：奶香、花香；匹配你的冷热偏好：热饮；已考虑你的健康约束：低刺激,,
U0185,疲劳、感觉有点冷,烦躁,家/宿舍、商场/商业街、公园/户外,奶香、甜感,热饮,低糖、咖啡因敏感慎用,低糖热饮奶香甜感型,R055,薰衣草蓝莓,0.796,匹配你的身体状态：感觉有点冷、疲劳；匹配你的场景：家/宿舍；匹配你的感官偏好：甜感；匹配你的冷热偏好：热饮；已考虑你的健康约束：低糖、咖啡因敏感慎用,R038,菊花柠檬草,0.796,匹配你的身体状态：感觉有点冷、疲劳；匹配你的场景：家/宿舍；匹配你的感官偏好：甜感；匹配你的冷热偏好：热饮；已考虑你的健康约束：低糖、咖啡因敏感慎用,R045,荷叶陈皮,0.796,匹配你的身体状态：感觉有点冷、疲劳；匹配你的场景：家/宿舍；匹配你的感官偏好：甜感；匹配你的冷热偏好：热饮；已考虑你的健康约束：低糖、咖啡因敏感慎用,,
U0186,疲劳,平静,家/宿舍、商场/商业街,清爽,热饮,低糖、乳糖不耐慎用,低糖热饮清爽型,R055,薰衣草蓝莓,0.8386,匹配你的身体状态：疲劳；匹配你的心情状态：平静；匹配你的场景：家/宿舍；匹配你的感官偏好：清爽；匹配你的冷热偏好：热饮；已考虑你的健康约束：低糖、乳糖不耐慎用,R009,桃子轻发酵乌龙,0.771,匹配你的身体状态：疲劳；匹配你的感官偏好：清爽；已考虑你的健康约束：低糖、乳糖不耐慎用,R012,荔枝茉莉绿茶,0.771,匹配你的身体状态：疲劳；匹配你的感官偏好：清爽；已考虑你的健康约束：低糖、乳糖不耐慎用,,
U0187,疲劳,烦躁,家/宿舍、学校/教学楼,花香、清爽,冷饮,低糖、咖啡因敏感慎用,低糖冷饮清爽花香型,R055,薰衣草蓝莓,0.7686,匹配你的身体状态：疲劳；匹配你的场景：家/宿舍；匹配你的感官偏好：清爽、花香；已考虑你的健康约束：低糖、咖啡因敏感慎用,R038,菊花柠檬草,0.7686,匹配你的身体状态：疲劳；匹配你的场景：家/宿舍；匹配你的感官偏好：清爽、花香；已考虑你的健康约束：低糖、咖啡因敏感慎用,R049,洋甘菊苹果,0.7686,匹配你的身体状态：疲劳；匹配你的场景：家/宿舍；匹配你的感官偏好：清爽、花香；已考虑你的健康约束：低糖、咖啡因敏感慎用,,
U0188,疲劳,紧张,学校/教学楼、地铁/公交/车站,清爽、果香、酸感,冷饮,低糖,低糖冷饮清爽果香型,R083,冷萃咖啡椰子水,0.7991,匹配你的身体状态：疲劳；匹配你的场景：学校/教学楼；匹配你的感官偏好：果香、清爽；匹配你的冷热偏好：冷饮；已考虑你的健康约束：低糖,R081,美式咖啡液橙子,0.8055,匹配你的身体状态：疲劳；匹配你的场景：学校/教学楼；匹配你的感官偏好：果香、清爽、酸感；匹配你的冷热偏好：冷饮；已考虑你的健康约束：低糖,R009,桃子轻发酵乌龙,0.7991,匹配你的身体状态：疲劳；匹配你的场景：学校/教学楼；匹配你的感官偏好：果香、清爽；匹配你的冷热偏好：冷饮；已考虑你的健康约束：低糖,,
U0189,困倦、疲劳,平静,家/宿舍、学校/教学楼,花香、清爽,热饮,低刺激、咖啡因敏感慎用,低刺激热饮清爽花香型,R045,荷叶陈皮,0.8058,匹配你的身体状态：疲劳；匹配你的心情状态：平静；匹配你的场景：家/宿舍；匹配你的感官偏好：清爽、花香；匹配你的冷热偏好：热饮；已考虑你的健康约束：低刺激、咖啡因敏感慎用,R038,菊花柠檬草,0.8058,匹配你的身体状态：疲劳；匹配你的心情状态：平静；匹配你的场景：家/宿舍；匹配你的感官偏好：清爽、花香；匹配你的冷热偏好：热饮；已考虑你的健康约束：低刺激、咖啡因敏感慎用,R055,薰衣草蓝莓,0.8058,匹配你的身体状态：疲劳；匹配你的心情状态：平静；匹配你的场景：家/宿舍；匹配你的感官偏好：清爽、花香；匹配你的冷热偏好：热饮；已考虑你的健康约束：低刺激、咖啡因敏感慎用,,
U0190,疲劳、口渴,烦躁,健身房/运动场、商场/商业街,清爽、茶香,冷饮,低糖,低糖冷饮清爽茶香型,R083,冷萃咖啡椰子水,0.7955,匹配你的身体状态：口渴、疲劳；匹配你的感官偏好：清爽；匹配你的冷热偏好：冷饮；已考虑你的健康约束：低糖,R081,美式咖啡液橙子,0.7597,匹配你的身体状态：疲劳；匹配你的感官偏好：清爽；匹配你的冷热偏好：冷饮；已考虑你的健康约束：低糖,R090,黑巧椰乳,0.7959,匹配你的身体状态：口渴、疲劳；匹配你的场景：商场/商业街；匹配你的感官偏好：清爽；匹配你的冷热偏好：冷饮；已考虑你的健康约束：低糖,,
U0191,困倦、疲劳,紧张,家/宿舍、图书馆/自习室,清爽、果香、酸感,热饮,咖啡因敏感慎用,咖啡因敏感慎用热饮清爽果香型,R055,薰衣草蓝莓,0.8059,匹配你的身体状态：疲劳；匹配你的心情状态：紧张；匹配你的场景：家/宿舍；匹配你的感官偏好：果香、清爽、酸感；匹配你的冷热偏好：热饮；已考虑你的健康约束：咖啡因敏感慎用,R112,燕麦奶桃子,0.7603,匹配你的身体状态：疲劳；匹配你的场景：家/宿舍；匹配你的感官偏好：果香、清爽；匹配你的冷热偏好：热饮；已考虑你的健康约束：咖啡因敏感慎用,R038,菊花柠檬草,0.8022,匹配你的身体状态：疲劳；匹配你的心情状态：紧张；匹配你的场景：家/宿舍；匹配你的感官偏好：果香、清爽；匹配你的冷热偏好：热饮；已考虑你的健康约束：咖啡因敏感慎用,,
U0192,疲劳,烦躁,家/宿舍、商场/商业街,花香、清爽,热饮,低糖、低刺激、咖啡因敏感慎用,低糖热饮清爽花香型,R055,薰衣草蓝莓,0.8055,匹配你的身体状态：疲劳；匹配你的场景：家/宿舍；匹配你的感官偏好：清爽、花香；匹配你的冷热偏好：热饮；已考虑你的健康约束：低糖、低刺激、咖啡因敏感慎用,R037,玫瑰桂花,0.8055,匹配你的身体状态：疲劳；匹配你的场景：家/宿舍；匹配你的感官偏好：清爽、花香；匹配你的冷热偏好：热饮；已考虑你的健康约束：低糖、低刺激、咖啡因敏感慎用,R040,薰衣草洋甘菊,0.8055,匹配你的身体状态：疲劳；匹配你的场景：家/宿舍；匹配你的感官偏好：清爽、花香；匹配你的冷热偏好：热饮；已考虑你的健康约束：低糖、低刺激、咖啡因敏感慎用,,
U0193,困倦、疲劳,紧张,家/宿舍、学校/教学楼、图书馆/自习室,清爽、果香、酸感,冷饮,咖啡因敏感慎用,咖啡因敏感慎用冷饮清爽果香型,R055,薰衣草蓝莓,0.7701,匹配你的身体状态：疲劳；匹配你的心情状态：紧张；匹配你的场景：家/宿舍；匹配你的感官偏好：果香、清爽、酸感；已考虑你的健康约束：咖啡因敏感慎用,R112,燕麦奶桃子,0.7197,匹配你的身体状态：疲劳；匹配你的场景：家/宿舍；匹配你的感官偏好：果香、清爽；已考虑你的健康约束：咖啡因敏感慎用,R111,豆奶苹果,0.7197,匹配你的身体状态：疲劳；匹配你的场景：家/宿舍；匹配你的感官偏好：果香、清爽；已考虑你的健康约束：咖啡因敏感慎用,,
U0194,疲劳,烦躁,图书馆/自习室,果香、酸感、清爽,冷饮,低糖,低糖冷饮清爽果香型,R081,美式咖啡液橙子,0.8058,匹配你的身体状态：疲劳；匹配你的场景：图书馆/自习室；匹配你的感官偏好：果香、清爽、酸感；匹配你的冷热偏好：冷饮；已考虑你的健康约束：低糖,R001,柠檬白茶,0.8058,匹配你的身体状态：疲劳；匹配你的场景：图书馆/自习室；匹配你的感官偏好：果香、清爽、酸感；匹配你的冷热偏好：冷饮；已考虑你的健康约束：低糖,R003,百香果乌龙茶,0.8058,匹配你的身体状态：疲劳；匹配你的场景：图书馆/自习室；匹配你的感官偏好：果香、清爽、酸感；匹配你的冷热偏好：冷饮；已考虑你的健康约束：低糖,,
U0195,疲劳、感觉有点冷,紧张,家/宿舍、商场/商业街、公园/户外,果香、甜感,热饮,咖啡因敏感慎用,咖啡因敏感慎用热饮果香甜感型,R049,洋甘菊苹果,0.8061,匹配你的身体状态：感觉有点冷、疲劳；匹配你的场景：家/宿舍；匹配你的感官偏好：果香、甜感；匹配你的冷热偏好：热饮；已考虑你的健康约束：咖啡因敏感慎用,R111,豆奶苹果,0.805,匹配你的身体状态：感觉有点冷、疲劳；匹配你的场景：商场/商业街、家/宿舍；匹配你的感官偏好：果香、甜感；匹配你的冷热偏好：热饮；已考虑你的健康约束：咖啡因敏感慎用,R116,椰乳百合,0.805,匹配你的身体状态：感觉有点冷、疲劳；匹配你的场景：商场/商业街、家/宿舍；匹配你的感官偏好：果香、甜感；匹配你的冷热偏好：热饮；已考虑你的健康约束：咖啡因敏感慎用,,
U0196,感觉有点热,烦躁,地铁/公交/车站、公园/户外,果香、气泡感,冷饮,低糖,低糖冷饮果香气泡感型,R053,百合椰子水,0.6706,匹配你的场景：地铁/公交/车站；匹配你的感官偏好：果香；已考虑你的健康约束：低糖,R050,柠檬草橙子,0.6706,匹配你的场景：地铁/公交/车站；匹配你的感官偏好：果香；已考虑你的健康约束：低糖,R119,椰子水橙子,0.6706,匹配你的场景：地铁/公交/车站；匹配你的感官偏好：果香；已考虑你的健康约束：低糖,,
U0197,困倦,紧张,图书馆/自习室,清爽、茶香、苦感,冷饮,低糖、咖啡因敏感慎用,低糖冷饮清爽茶香型,R045,荷叶陈皮,0.7293,匹配你的心情状态：紧张；匹配你的感官偏好：清爽、苦感；已考虑你的健康约束：低糖、咖啡因敏感慎用,R038,菊花柠檬草,0.7241,匹配你的心情状态：紧张；匹配你的感官偏好：清爽；已考虑你的健康约束：低糖、咖啡因敏感慎用,R055,薰衣草蓝莓,0.724,匹配你的心情状态：紧张；匹配你的感官偏好：清爽；已考虑你的健康约束：低糖、咖啡因敏感慎用,,
U0198,疲劳,紧张,家/宿舍,清爽,热饮,低糖、低刺激,低糖热饮清爽型,R055,薰衣草蓝莓,0.8394,匹配你的身体状态：疲劳；匹配你的心情状态：紧张；匹配你的场景：家/宿舍；匹配你的感官偏好：清爽；匹配你的冷热偏好：热饮；已考虑你的健康约束：低糖、低刺激,R038,菊花柠檬草,0.8394,匹配你的身体状态：疲劳；匹配你的心情状态：紧张；匹配你的场景：家/宿舍；匹配你的感官偏好：清爽；匹配你的冷热偏好：热饮；已考虑你的健康约束：低糖、低刺激,R037,玫瑰桂花,0.8058,匹配你的身体状态：疲劳；匹配你的场景：家/宿舍；匹配你的感官偏好：清爽；匹配你的冷热偏好：热饮；已考虑你的健康约束：低糖、低刺激,,
U0199,困倦、疲劳,平静,家/宿舍,清爽,热饮,低糖、咖啡因敏感慎用,低糖热饮清爽型,R045,荷叶陈皮,0.8099,匹配你的身体状态：疲劳；匹配你的心情状态：平静；匹配你的场景：家/宿舍；匹配你的感官偏好：清爽；匹配你的冷热偏好：热饮；已考虑你的健康约束：低糖、咖啡因敏感慎用,R038,菊花柠檬草,0.8099,匹配你的身体状态：疲劳；匹配你的心情状态：平静；匹配你的场景：家/宿舍；匹配你的感官偏好：清爽；匹配你的冷热偏好：热饮；已考虑你的健康约束：低糖、咖啡因敏感慎用,R055,薰衣草蓝莓,0.8099,匹配你的身体状态：疲劳；匹配你的心情状态：平静；匹配你的场景：家/宿舍；匹配你的感官偏好：清爽；匹配你的冷热偏好：热饮；已考虑你的健康约束：低糖、咖啡因敏感慎用,,
U0200,疲劳、口渴,烦躁,家/宿舍、健身房/运动场,清爽、茶香,热饮,低糖、咖啡因敏感慎用,低糖热饮清爽茶香型,R055,薰衣草蓝莓,0.7566,匹配你的身体状态：疲劳；匹配你的场景：家/宿舍；匹配你的感官偏好：清爽；匹配你的冷热偏好：热饮；已考虑你的健康约束：低糖、咖啡因敏感慎用,R038,菊花柠檬草,0.7566,匹配你的身体状态：疲劳；匹配你的场景：家/宿舍；匹配你的感官偏好：清爽；匹配你的冷热偏好：热饮；已考虑你的健康约束：低糖、咖啡因敏感慎用,R045,荷叶陈皮,0.7566,匹配你的身体状态：疲劳；匹配你的场景：家/宿舍；匹配你的感官偏好：清爽；匹配你的冷热偏好：热饮；已考虑你的健康约束：低糖、咖啡因敏感慎用,,
U0201,困倦、感觉有点冷,紧张,地铁/公交/车站、公园/户外,茶香、苦感,热饮,,热饮茶香苦感型,R061,焙茶鲜奶,0.759,匹配你的身体状态：困倦；匹配你的感官偏好：茶香；匹配你的冷热偏好：热饮,R075,红茶淡奶油,0.7723,匹配你的身体状态：困倦；匹配你的感官偏好：苦感、茶香；匹配你的冷热偏好：热饮,R030,芒果红茶,0.7694,匹配你的身体状态：困倦；匹配你的心情状态：紧张；匹配你的感官偏好：苦感、茶香,,
U0202,困倦、感觉有点热,烦躁,地铁/公交/车站、公园/户外,果香、酸感、清爽,冷饮,,冷饮清爽果香型,R102,苹果陈皮气泡饮,0.7618,匹配你的身体状态：感觉有点热；匹配你的场景：公园/户外、地铁/公交/车站；匹配你的感官偏好：果香、清爽；匹配你的冷热偏好：冷饮,R050,柠檬草橙子,0.6864,匹配你的场景：地铁/公交/车站；匹配你的感官偏好：果香、清爽、酸感,R119,椰子水橙子,0.6864,匹配你的场景：地铁/公交/车站；匹配你的感官偏好：果香、清爽、酸感,,
U0203,困倦,平静,学校/教学楼、图书馆/自习室,咖啡香、苦感,热饮,,热饮咖啡香苦感型,R061,焙茶鲜奶,0.7953,匹配你的身体状态：困倦；匹配你的场景：图书馆/自习室、学校/教学楼；匹配你的感官偏好：咖啡香；匹配你的冷热偏好：热饮,R075,红茶淡奶油,0.7952,匹配你的身体状态：困倦；匹配你的场景：图书馆/自习室、学校/教学楼；匹配你的感官偏好：苦感；匹配你的冷热偏好：热饮,R069,焙茶豆奶,0.7948,匹配你的身体状态：困倦；匹配你的场景：图书馆/自习室、学校/教学楼；匹配你的感官偏好：咖啡香；匹配你的冷热偏好：热饮,,
U0204,疲劳,开心,商场/商业街、地铁/公交/车站,奶香、甜感,热饮,,热饮奶香甜感型,R038,菊花柠檬草,0.7955,匹配你的身体状态：疲劳；匹配你的感官偏好：甜感；匹配你的冷热偏好：热饮,R055,薰衣草蓝莓,0.7955,匹配你的身体状态：疲劳；匹配你的感官偏好：甜感；匹配你的冷热偏好：热饮,R009,桃子轻发酵乌龙,0.7981,匹配你的身体状态：疲劳；匹配你的心情状态：开心；匹配你的感官偏好：甜感,,
U0205,疲劳、感觉有点热,烦躁,健身房/运动场、公园/户外,果香、酸感、气泡感,冷饮,,冷饮果香气泡感型,R083,冷萃咖啡椰子水,0.7529,匹配你的身体状态：疲劳；匹配你的场景：公园/户外；匹配你的感官偏好：果香；匹配你的冷热偏好：冷饮,R090,黑巧椰乳,0.7529,匹配你的身体状态：疲劳；匹配你的场景：公园/户外；匹配你的感官偏好：果香；匹配你的冷热偏好：冷饮,R113,椰奶荔枝,0.7529,匹配你的身体状态：疲劳；匹配你的场景：公园/户外；匹配你的感官偏好：果香；匹配你的冷热偏好：冷饮,,
U0206,困倦、感觉有点冷,紧张,学校/教学楼、公园/户外,茶香、花香、清爽,热饮,,热饮清爽茶香型,R045,荷叶陈皮,0.8026,匹配你的身体状态：感觉有点冷；匹配你的心情状态：紧张；匹配你的感官偏好：清爽、花香；匹配你的冷热偏好：热饮,R022,苹果茉莉绿茶,0.7707,匹配你的身体状态：困倦；匹配你的心情状态：紧张；匹配你的场景：学校/教学楼；匹配你的感官偏好：清爽、花香、茶香,R038,菊花柠檬草,0.8026,匹配你的身体状态：感觉有点冷；匹配你的心情状态：紧张；匹配你的感官偏好：清爽、花香；匹配你的冷热偏好：热饮,,
U0207,疲劳,开心,商场/商业街,奶香、咖啡香、苦感,热饮,,热饮奶香咖啡香型,R069,焙茶豆奶,0.836,匹配你的身体状态：疲劳；匹配你的心情状态：开心；匹配你的感官偏好：咖啡香、奶香；匹配你的冷热偏好：热饮,R056,陈皮红茶,0.8312,匹配你的身体状态：疲劳；匹配你的心情状态：开心；匹配你的感官偏好：苦感；匹配你的冷热偏好：热饮,R082,咖啡椰乳,0.8401,匹配你的身体状态：疲劳；匹配你的心情状态：开心；匹配你的感官偏好：咖啡香、奶香、苦感；匹配你的冷热偏好：热饮,,
U0208,困倦,平静,图书馆/自习室,清爽、茶香,热饮,,热饮清爽茶香型,R030,芒果红茶,0.8095,匹配你的身体状态：困倦；匹配你的心情状态：平静；匹配你的场景：图书馆/自习室；匹配你的感官偏好：清爽、茶香,R069,焙茶豆奶,0.8057,匹配你的身体状态：困倦；匹配你的场景：图书馆/自习室；匹配你的感官偏好：清爽、茶香；匹配你的冷热偏好：热饮,R056,陈皮红茶,0.7966,匹配你的身体状态：困倦；匹配你的场景：图书馆/自习室；匹配你的感官偏好：茶香；匹配你的冷热偏好：热饮,,
U0209,困倦,平静,地铁/公交/车站,咖啡香、酸感、苦感,冷饮,,冷饮咖啡香酸感型,R030,芒果红茶,0.795,匹配你的身体状态：困倦；匹配你的心情状态：平静；匹配你的感官偏好：苦感,R022,苹果茉莉绿茶,0.7893,匹配你的身体状态：困倦；匹配你的心情状态：平静,R056,陈皮红茶,0.755,匹配你的身体状态：困倦；匹配你的感官偏好：苦感,,
U0210,疲劳、口渴,烦躁,健身房/运动场,果香、清爽,冷饮,,冷饮清爽果香型,R083,冷萃咖啡椰子水,0.8072,匹配你的身体状态：口渴、疲劳；匹配你的感官偏好：果香、清爽；匹配你的冷热偏好：冷饮,R081,美式咖啡液橙子,0.773,匹配你的身体状态：疲劳；匹配你的感官偏好：果香、清爽；匹配你的冷热偏好：冷饮,R049,洋甘菊苹果,0.771,匹配你的身体状态：口渴、疲劳；匹配你的感官偏好：果香、清爽,,
U0211,疲劳,紧张,图书馆/自习室,茶香、苦感、清爽,热饮,,热饮清爽茶香型,R030,芒果红茶,0.8094,匹配你的身体状态：疲劳；匹配你的心情状态：紧张；匹配你的场景：图书馆/自习室；匹配你的感官偏好：清爽、苦感、茶香,R069,焙茶豆奶,0.7996,匹配你的身体状态：疲劳；匹配你的场景：图书馆/自习室；匹配你的感官偏好：清爽、茶香；匹配你的冷热偏好：热饮,R056,陈皮红茶,0.7996,匹配你的身体状态：疲劳；匹配你的场景：图书馆/自习室；匹配你的感官偏好：苦感、茶香；匹配你的冷热偏好：热饮,,
U0212,困倦,烦躁,学校/教学楼、图书馆/自习室,清爽、果香、酸感,冷饮,,冷饮清爽果香型,R002,青柠茉莉绿茶,0.8058,匹配你的身体状态：困倦；匹配你的场景：图书馆/自习室、学校/教学楼；匹配你的感官偏好：果香、清爽、酸感；匹配你的冷热偏好：冷饮,R027,柠檬轻发酵乌龙,0.8058,匹配你的身体状态：困倦；匹配你的场景：图书馆/自习室、学校/教学楼；匹配你的感官偏好：果香、清爽、酸感；匹配你的冷热偏好：冷饮,R009,桃子轻发酵乌龙,0.7996,匹配你的身体状态：困倦；匹配你的场景：图书馆/自习室、学校/教学楼；匹配你的感官偏好：果香、清爽；匹配你的冷热偏好：冷饮,,
U0213,困倦,平静,学校/教学楼,咖啡香、苦感,冷饮,,冷饮咖啡香苦感型,R061,焙茶鲜奶,0.7563,匹配你的身体状态：困倦；匹配你的场景：学校/教学楼；匹配你的感官偏好：咖啡香,R075,红茶淡奶油,0.7563,匹配你的身体状态：困倦；匹配你的场景：学校/教学楼；匹配你的感官偏好：苦感,R030,芒果红茶,0.8036,匹配你的身体状态：困倦；匹配你的心情状态：平静；匹配你的场景：学校/教学楼；匹配你的感官偏好：苦感,,
U0214,疲劳、感觉有点冷,低落,公园/户外,奶香、甜感,热饮,,热饮奶香甜感型,R039,茉莉花白茶,0.8001,匹配你的身体状态：疲劳；匹配你的心情状态：低落；匹配你的感官偏好：甜感；匹配你的冷热偏好：热饮,R015,陈皮普洱茶,0.8001,匹配你的身体状态：疲劳；匹配你的心情状态：低落；匹配你的感官偏好：甜感；匹配你的冷热偏好：热饮,R031,陈皮玄米茶,0.8001,匹配你的身体状态：疲劳；匹配你的心情状态：低落；匹配你的感官偏好：甜感；匹配你的冷热偏好：热饮,,
U0215,疲劳、感觉有点热,烦躁,地铁/公交/车站、公园/户外,清爽、果香、气泡感,冷饮,,冷饮清爽果香型,R050,柠檬草橙子,0.676,匹配你的场景：地铁/公交/车站；匹配你的感官偏好：果香、清爽,R119,椰子水橙子,0.676,匹配你的场景：地铁/公交/车站；匹配你的感官偏好：果香、清爽,R102,苹果陈皮气泡饮,0.7617,匹配你的身体状态：感觉有点热；匹配你的场景：公园/户外、地铁/公交/车站；匹配你的感官偏好：果香、清爽；匹配你的冷热偏好：冷饮,,
U0216,困倦,开心,商场/商业街,奶香、咖啡香、甜感,冷饮,,冷饮奶香咖啡香型,R002,青柠茉莉绿茶,0.8263,匹配你的身体状态：困倦；匹配你的心情状态：开心；匹配你的冷热偏好：冷饮,R027,柠檬轻发酵乌龙,0.8263,匹配你的身体状态：困倦；匹配你的心情状态：开心；匹配你的冷热偏好：冷饮,R009,桃子轻发酵乌龙,0.8312,匹配你的身体状态：困倦；匹配你的心情状态：开心；匹配你的感官偏好：甜感；匹配你的冷热偏好：冷饮,,
U0217,困倦,平静,图书馆/自习室,茶香、清爽,热饮,,热饮清爽茶香型,R030,芒果红茶,0.8095,匹配你的身体状态：困倦；匹配你的心情状态：平静；匹配你的场景：图书馆/自习室；匹配你的感官偏好：清爽、茶香,R069,焙茶豆奶,0.8057,匹配你的身体状态：困倦；匹配你的场景：图书馆/自习室；匹配你的感官偏好：清爽、茶香；匹配你的冷热偏好：热饮,R056,陈皮红茶,0.7966,匹配你的身体状态：困倦；匹配你的场景：图书馆/自习室；匹配你的感官偏好：茶香；匹配你的冷热偏好：热饮,,
U0218,疲劳、感觉有点冷,平静,学校/教学楼、公园/户外,花香,热饮,,热饮花香型,R022,苹果茉莉绿茶,0.7705,匹配你的身体状态：疲劳；匹配你的心情状态：平静；匹配你的场景：学校/教学楼；匹配你的感官偏好：花香,R030,芒果红茶,0.7585,匹配你的身体状态：疲劳；匹配你的心情状态：平静；匹配你的场景：学校/教学楼,R039,茉莉花白茶,0.8056,匹配你的身体状态：疲劳；匹配你的心情状态：平静；匹配你的场景：学校/教学楼；匹配你的感官偏好：花香；匹配你的冷热偏好：热饮,,
U0219,疲劳,烦躁,商场/商业街、地铁/公交/车站,果香、气泡感,冷饮,,冷饮果香气泡感型,R083,冷萃咖啡椰子水,0.7955,匹配你的身体状态：疲劳；匹配你的感官偏好：果香；匹配你的冷热偏好：冷饮,R009,桃子轻发酵乌龙,0.7954,匹配你的身体状态：疲劳；匹配你的感官偏好：果香；匹配你的冷热偏好：冷饮,R012,荔枝茉莉绿茶,0.7954,匹配你的身体状态：疲劳；匹配你的感官偏好：果香；匹配你的冷热偏好：冷饮,,
U0220,困倦、感觉有点热,平静,公园/户外,茶香、酸感、清爽,冷饮,,冷饮清爽茶香型,R083,冷萃咖啡椰子水,0.7549,匹配你的身体状态：困倦；匹配你的场景：公园/户外；匹配你的感官偏好：清爽；匹配你的冷热偏好：冷饮,R050,柠檬草橙子,0.7295,匹配你的心情状态：平静；匹配你的感官偏好：清爽、酸感,R119,椰子水橙子,0.7295,匹配你的心情状态：平静；匹配你的感官偏好：清爽、酸感,,
U0221,疲劳、感觉有点冷,平静,家/宿舍、公园/户外,花香、清爽,热饮,,热饮清爽花香型,R038,菊花柠檬草,0.8385,匹配你的身体状态：感觉有点冷、疲劳；匹配你的心情状态：平静；匹配你的场景：家/宿舍；匹配你的感官偏好：清爽、花香；匹配你的冷热偏好：热饮,R055,薰衣草蓝莓,0.8385,匹配你的身体状态：感觉有点冷、疲劳；匹配你的心情状态：平静；匹配你的场景：家/宿舍；匹配你的感官偏好：清爽、花香；匹配你的冷热偏好：热饮,R045,荷叶陈皮,0.8385,匹配你的身体状态：感觉有点冷、疲劳；匹配你的心情状态：平静；匹配你的场景：家/宿舍；匹配你的感官偏好：清爽、花香；匹配你的冷热偏好：热饮,,
U0222,疲劳,开心,家/宿舍、商场/商业街,奶香、甜感,热饮,,热饮奶香甜感型,R087,可可粉牛奶,0.8394,匹配你的身体状态：疲劳；匹配你的心情状态：开心；匹配你的场景：商场/商业街、家/宿舍；匹配你的感官偏好：奶香、甜感；匹配你的冷热偏好：热饮,R088,黑巧燕麦奶,0.8394,匹配你的身体状态：疲劳；匹配你的心情状态：开心；匹配你的场景：商场/商业街、家/宿舍；匹配你的感官偏好：奶香、甜感；匹配你的冷热偏好：热饮,R114,杏仁奶可可粉,0.8394,匹配你的身体状态：疲劳；匹配你的心情状态：开心；匹配你的场景：商场/商业街、家/宿舍；匹配你的感官偏好：奶香、甜感；匹配你的冷热偏好：热饮,,
U0223,困倦、疲劳,紧张,家/宿舍、图书馆/自习室,茶香、清爽,热饮,,热饮清爽茶香型,R039,茉莉花白茶,0.8386,匹配你的身体状态：困倦、疲劳；匹配你的心情状态：紧张；匹配你的场景：图书馆/自习室；匹配你的感官偏好：清爽、茶香；匹配你的冷热偏好：热饮,R014,葡萄焙茶,0.8386,匹配你的身体状态：困倦、疲劳；匹配你的心情状态：紧张；匹配你的场景：图书馆/自习室；匹配你的感官偏好：清爽、茶香；匹配你的冷热偏好：热饮,R028,苹果焙茶,0.8386,匹配你的身体状态：困倦、疲劳；匹配你的心情状态：紧张；匹配你的场景：图书馆/自习室；匹配你的感官偏好：清爽、茶香；匹配你的冷热偏好：热饮,,
U0224,困倦、感觉有点冷,低落,家/宿舍、学校/教学楼、公园/户外,花香、甜感,热饮,,热饮花香甜感型,R045,荷叶陈皮,0.8061,匹配你的身体状态：感觉有点冷；匹配你的心情状态：低落；匹配你的场景：家/宿舍；匹配你的感官偏好：甜感、花香；匹配你的冷热偏好：热饮,R038,菊花柠檬草,0.8061,匹配你的身体状态：感觉有点冷；匹配你的心情状态：低落；匹配你的场景：家/宿舍；匹配你的感官偏好：甜感、花香；匹配你的冷热偏好：热饮,R015,陈皮普洱茶,0.8061,匹配你的身体状态：困倦；匹配你的心情状态：低落；匹配你的场景：学校/教学楼；匹配你的感官偏好：甜感、花香；匹配你的冷热偏好：热饮,,
U0225,疲劳、感觉有点冷,烦躁,家/宿舍、商场/商业街、公园/户外,奶香,热饮,,热饮奶香型,R045,荷叶陈皮,0.7851,匹配你的身体状态：感觉有点冷、疲劳；匹配你的场景：家/宿舍；匹配你的冷热偏好：热饮,R038,菊花柠檬草,0.7851,匹配你的身体状态：感觉有点冷、疲劳；匹配你的场景：家/宿舍；匹配你的冷热偏好：热饮,R065,茉莉绿茶椰乳,0.7313,匹配你的身体状态：疲劳；匹配你的感官偏好：奶香,,
U0226,疲劳、口渴,烦躁,家/宿舍、健身房/运动场,清爽、果香,热饮,,热饮清爽果香型,R083,冷萃咖啡椰子水,0.7711,匹配你的身体状态：口渴、疲劳；匹配你的感官偏好：果香、清爽,R049,洋甘菊苹果,0.8055,匹配你的身体状态：口渴、疲劳；匹配你的场景：家/宿舍；匹配你的感官偏好：果香、清爽；匹配你的冷热偏好：热饮,R055,薰衣草蓝莓,0.7679,匹配你的身体状态：疲劳；匹配你的场景：家/宿舍；匹配你的感官偏好：果香、清爽；匹配你的冷热偏好：热饮,,
U0227,疲劳、感觉有点冷,平静,家/宿舍、地铁/公交/车站、公园/户外,花香、清爽,热饮,,热饮清爽花香型,R038,菊花柠檬草,0.8388,匹配你的身体状态：感觉有点冷、疲劳；匹配你的心情状态：平静；匹配你的场景：家/宿舍；匹配你的感官偏好：清爽、花香；匹配你的冷热偏好：热饮,R055,薰衣草蓝莓,0.8388,匹配你的身体状态：感觉有点冷、疲劳；匹配你的心情状态：平静；匹配你的场景：家/宿舍；匹配你的感官偏好：清爽、花香；匹配你的冷热偏好：热饮,R045,荷叶陈皮,0.8387,匹配你的身体状态：感觉有点冷、疲劳；匹配你的心情状态：平静；匹配你的场景：家/宿舍；匹配你的感官偏好：清爽、花香；匹配你的冷热偏好：热饮,,
U0228,困倦、疲劳,烦躁,家/宿舍、学校/教学楼、图书馆/自习室,茶香、花香、清爽,热饮,,热饮清爽茶香型,R022,苹果茉莉绿茶,0.8067,匹配你的身体状态：困倦、疲劳；匹配你的心情状态：烦躁；匹配你的场景：图书馆/自习室、学校/教学楼；匹配你的感官偏好：清爽、花香、茶香,R039,茉莉花白茶,0.805,匹配你的身体状态：困倦、疲劳；匹配你的场景：图书馆/自习室、学校/教学楼；匹配你的感官偏好：清爽、花香、茶香；匹配你的冷热偏好：热饮,R030,芒果红茶,0.8027,匹配你的身体状态：困倦、疲劳；匹配你的心情状态：烦躁；匹配你的场景：图书馆/自习室、学校/教学楼；匹配你的感官偏好：清爽、茶香,,
U0229,困倦、感觉有点冷,开心,家/宿舍、公园/户外,甜感,热饮,,热饮甜感型,R055,薰衣草蓝莓,0.7679,匹配你的身体状态：感觉有点冷；匹配你的场景：家/宿舍；匹配你的感官偏好：甜感；匹配你的冷热偏好：热饮,R049,洋甘菊苹果,0.8059,匹配你的身体状态：感觉有点冷；匹配你的心情状态：开心；匹配你的场景：家/宿舍；匹配你的感官偏好：甜感；匹配你的冷热偏好：热饮,R037,玫瑰桂花,0.8058,匹配你的身体状态：感觉有点冷；匹配你的心情状态：开心；匹配你的场景：家/宿舍；匹配你的感官偏好：甜感；匹配你的冷热偏好：热饮,,
U0230,疲劳,平静,家/宿舍、商场/商业街,果香、甜感,热饮,,热饮果香甜感型,R038,菊花柠檬草,0.8386,匹配你的身体状态：疲劳；匹配你的心情状态：平静；匹配你的场景：家/宿舍；匹配你的感官偏好：果香、甜感；匹配你的冷热偏好：热饮,R055,薰衣草蓝莓,0.8386,匹配你的身体状态：疲劳；匹配你的心情状态：平静；匹配你的场景：家/宿舍；匹配你的感官偏好：果香、甜感；匹配你的冷热偏好：热饮,R045,荷叶陈皮,0.8386,匹配你的身体状态：疲劳；匹配你的心情状态：平静；匹配你的场景：家/宿舍；匹配你的感官偏好：果香、甜感；匹配你的冷热偏好：热饮,,
U0231,疲劳、感觉有点热,烦躁,健身房/运动场、公园/户外,清爽、果香、酸感,冷饮,,冷饮清爽果香型,R113,椰奶荔枝,0.7603,匹配你的身体状态：疲劳；匹配你的场景：公园/户外；匹配你的感官偏好：果香、清爽；匹配你的冷热偏好：冷饮,R090,黑巧椰乳,0.7603,匹配你的身体状态：疲劳；匹配你的场景：公园/户外；匹配你的感官偏好：果香、清爽；匹配你的冷热偏好：冷饮,R089,可可粉豆奶,0.773,匹配你的身体状态：疲劳；匹配你的感官偏好：果香、清爽、酸感；匹配你的冷热偏好：冷饮,,
U0232,疲劳、口渴,开心,健身房/运动场、商场/商业街,果香、气泡感,冷饮,,冷饮果香气泡感型,R083,冷萃咖啡椰子水,0.8336,匹配你的身体状态：口渴、疲劳；匹配你的心情状态：开心；匹配你的感官偏好：果香；匹配你的冷热偏好：冷饮,R090,黑巧椰乳,0.8326,匹配你的身体状态：口渴、疲劳；匹配你的心情状态：开心；匹配你的场景：商场/商业街；匹配你的感官偏好：果香；匹配你的冷热偏好：冷饮,R113,椰奶荔枝,0.8326,匹配你的身体状态：口渴、疲劳；匹配你的心情状态：开心；匹配你的场景：商场/商业街；匹配你的感官偏好：果香；匹配你的冷热偏好：冷饮,,
U0233,疲劳、感觉有点冷,平静,健身房/运动场、公园/户外,茶香、清爽,热饮,,热饮清爽茶香型,R038,菊花柠檬草,0.8336,匹配你的身体状态：感觉有点冷、疲劳；匹配你的心情状态：平静；匹配你的感官偏好：清爽；匹配你的冷热偏好：热饮,R055,薰衣草蓝莓,0.8336,匹配你的身体状态：感觉有点冷、疲劳；匹配你的心情状态：平静；匹配你的感官偏好：清爽；匹配你的冷热偏好：热饮,R009,桃子轻发酵乌龙,0.7314,匹配你的身体状态：疲劳；匹配你的感官偏好：清爽、茶香,,
U0234,疲劳、口渴,烦躁,健身房/运动场、地铁/公交/车站,清爽,冷饮,,冷饮清爽型,R083,冷萃咖啡椰子水,0.8072,匹配你的身体状态：口渴、疲劳；匹配你的感官偏好：清爽；匹配你的冷热偏好：冷饮,R050,柠檬草橙子,0.7284,匹配你的身体状态：口渴；匹配你的场景：地铁/公交/车站；匹配你的感官偏好：清爽,R119,椰子水橙子,0.7284,匹配你的身体状态：口渴；匹配你的场景：地铁/公交/车站；匹配你的感官偏好：清爽,,
U0235,疲劳、感觉有点热,平静,健身房/运动场、公园/户外,清爽、咖啡香、酸感,冷饮,,冷饮清爽咖啡香型,R113,椰奶荔枝,0.7529,匹配你的身体状态：疲劳；匹配你的场景：公园/户外；匹配你的感官偏好：清爽；匹配你的冷热偏好：冷饮,R090,黑巧椰乳,0.7529,匹配你的身体状态：疲劳；匹配你的场景：公园/户外；匹配你的感官偏好：清爽；匹配你的冷热偏好：冷饮,R048,玫瑰草莓,0.7549,匹配你的身体状态：感觉有点热；匹配你的场景：健身房/运动场、公园/户外；匹配你的感官偏好：清爽；匹配你的冷热偏好：冷饮,,
U0236,疲劳、感觉有点冷,开心,健身房/运动场、公园/户外,奶香,热饮,,热饮奶香型,R045,荷叶陈皮,0.786,匹配你的身体状态：感觉有点冷、疲劳；匹配你的冷热偏好：热饮,R038,菊花柠檬草,0.786,匹配你的身体状态：感觉有点冷、疲劳；匹配你的冷热偏好：热饮,R008,苹果玄米茶,0.7921,匹配你的身体状态：疲劳；匹配你的心情状态：开心；匹配你的冷热偏好：热饮,,
U0237,疲劳、口渴,烦躁,健身房/运动场、商场/商业街,果香、酸感、气泡感,冷饮,,冷饮果香气泡感型,R083,冷萃咖啡椰子水,0.792,匹配你的身体状态：口渴、疲劳；匹配你的感官偏好：果香；匹配你的冷热偏好：冷饮,R090,黑巧椰乳,0.7927,匹配你的身体状态：口渴、疲劳；匹配你的场景：商场/商业街；匹配你的感官偏好：果香；匹配你的冷热偏好：冷饮,R113,椰奶荔枝,0.7927,匹配你的身体状态：口渴、疲劳；匹配你的场景：商场/商业街；匹配你的感官偏好：果香；匹配你的冷热偏好：冷饮,,
U0238,疲劳、口渴,平静,图书馆/自习室、健身房/运动场,茶香、清爽,热饮,,热饮清爽茶香型,R020,草莓玄米茶,0.8059,匹配你的身体状态：疲劳；匹配你的心情状态：平静；匹配你的场景：图书馆/自习室；匹配你的感官偏好：清爽、茶香；匹配你的冷热偏好：热饮,R015,陈皮普洱茶,0.8059,匹配你的身体状态：疲劳；匹配你的心情状态：平静；匹配你的场景：图书馆/自习室；匹配你的感官偏好：清爽、茶香；匹配你的冷热偏好：热饮,R031,陈皮玄米茶,0.8059,匹配你的身体状态：疲劳；匹配你的心情状态：平静；匹配你的场景：图书馆/自习室；匹配你的感官偏好：清爽、茶香；匹配你的冷热偏好：热饮,,
U0239,疲劳、口渴,开心,健身房/运动场、地铁/公交/车站,果香、甜感、清爽,冷饮,,冷饮清爽果香型,R090,黑巧椰乳,0.8402,匹配你的身体状态：口渴、疲劳；匹配你的心情状态：开心；匹配你的感官偏好：果香、清爽、甜感；匹配你的冷热偏好：冷饮,R113,椰奶荔枝,0.8402,匹配你的身体状态：口渴、疲劳；匹配你的心情状态：开心；匹配你的感官偏好：果香、清爽、甜感；匹配你的冷热偏好：冷饮,R089,可可粉豆奶,0.8076,匹配你的身体状态：疲劳；匹配你的心情状态：开心；匹配你的感官偏好：果香、清爽、甜感；匹配你的冷热偏好：冷饮,,
U0240,疲劳、困倦,平静,学校/教学楼、健身房/运动场,清爽、茶香、苦感,冷饮,,冷饮清爽茶香型,R020,草莓玄米茶,0.8013,匹配你的身体状态：困倦、疲劳；匹配你的心情状态：平静；匹配你的场景：学校/教学楼；匹配你的感官偏好：清爽、茶香,R007,蓝莓白茶,0.8013,匹配你的身体状态：困倦、疲劳；匹配你的心情状态：平静；匹配你的场景：学校/教学楼；匹配你的感官偏好：清爽、茶香,R016,柠檬铁观音,0.8013,匹配你的身体状态：困倦、疲劳；匹配你的心情状态：平静；匹配你的场景：学校/教学楼；匹配你的感官偏好：清爽、茶香,,
U0241,疲劳、感觉有点热,开心,商场/商业街、公园/户外,果香、甜感、气泡感,冷饮,,冷饮果香气泡感型,R090,黑巧椰乳,0.8065,匹配你的身体状态：疲劳；匹配你的心情状态：开心；匹配你的场景：公园/户外、商场/商业街；匹配你的感官偏好：果香、甜感；匹配你的冷热偏好：冷饮,R113,椰奶荔枝,0.8065,匹配你的身体状态：疲劳；匹配你的心情状态：开心；匹配你的场景：公园/户外、商场/商业街；匹配你的感官偏好：果香、甜感；匹配你的冷热偏好：冷饮,R107,椰子水西瓜,0.8065,匹配你的身体状态：感觉有点热；匹配你的心情状态：开心；匹配你的场景：公园/户外、商场/商业街；匹配你的感官偏好：果香、甜感；匹配你的冷热偏好：冷饮,,
U0242,疲劳、感觉有点冷,平静,商场/商业街、公园/户外,奶香、甜感,热饮,,热饮奶香甜感型,R045,荷叶陈皮,0.8336,匹配你的身体状态：感觉有点冷、疲劳；匹配你的心情状态：平静；匹配你的感官偏好：甜感；匹配你的冷热偏好：热饮,R038,菊花柠檬草,0.8336,匹配你的身体状态：感觉有点冷、疲劳；匹配你的心情状态：平静；匹配你的感官偏好：甜感；匹配你的冷热偏好：热饮,R015,陈皮普洱茶,0.8001,匹配你的身体状态：疲劳；匹配你的心情状态：平静；匹配你的感官偏好：甜感；匹配你的冷热偏好：热饮,,
U0243,困倦,平静,商场/商业街、地铁/公交/车站,咖啡香、苦感,热饮,,热饮咖啡香苦感型,R061,焙茶鲜奶,0.795,匹配你的身体状态：困倦；匹配你的感官偏好：咖啡香；匹配你的冷热偏好：热饮,R075,红茶淡奶油,0.7949,匹配你的身体状态：困倦；匹配你的感官偏好：苦感；匹配你的冷热偏好：热饮,R030,芒果红茶,0.7976,匹配你的身体状态：困倦；匹配你的心情状态：平静；匹配你的感官偏好：苦感,,
U0244,疲劳、口渴,烦躁,健身房/运动场、商场/商业街,果香、酸感、气泡感,冷饮,,冷饮果香气泡感型,R083,冷萃咖啡椰子水,0.792,匹配你的身体状态：口渴、疲劳；匹配你的感官偏好：果香；匹配你的冷热偏好：冷饮,R090,黑巧椰乳,0.7927,匹配你的身体状态：口渴、疲劳；匹配你的场景：商场/商业街；匹配你的感官偏好：果香；匹配你的冷热偏好：冷饮,R113,椰奶荔枝,0.7927,匹配你的身体状态：口渴、疲劳；匹配你的场景：商场/商业街；匹配你的感官偏好：果香；匹配你的冷热偏好：冷饮,,
U0245,疲劳,开心,图书馆/自习室、商场/商业街,果香、花香、清爽,冷饮,,冷饮清爽果香型,R083,冷萃咖啡椰子水,0.8346,匹配你的身体状态：疲劳；匹配你的心情状态：开心；匹配你的场景：图书馆/自习室；匹配你的感官偏好：果香、清爽；匹配你的冷热偏好：冷饮,R049,洋甘菊苹果,0.8053,匹配你的身体状态：疲劳；匹配你的心情状态：开心；匹配你的感官偏好：果香、清爽、花香,R081,美式咖啡液橙子,0.8346,匹配你的身体状态：疲劳；匹配你的心情状态：开心；匹配你的场景：图书馆/自习室；匹配你的感官偏好：果香、清爽；匹配你的冷热偏好：冷饮,,
U0246,困倦,紧张,学校/教学楼、图书馆/自习室,咖啡香、苦感,热饮,,热饮咖啡香苦感型,R061,焙茶鲜奶,0.7954,匹配你的身体状态：困倦；匹配你的场景：图书馆/自习室、学校/教学楼；匹配你的感官偏好：咖啡香；匹配你的冷热偏好：热饮,R075,红茶淡奶油,0.7953,匹配你的身体状态：困倦；匹配你的场景：图书馆/自习室、学校/教学楼；匹配你的感官偏好：苦感；匹配你的冷热偏好：热饮,R069,焙茶豆奶,0.7949,匹配你的身体状态：困倦；匹配你的场景：图书馆/自习室、学校/教学楼；匹配你的感官偏好：咖啡香；匹配你的冷热偏好：热饮,,
U0247,困倦、感觉有点冷,平静,学校/教学楼、公园/户外,茶香、花香,热饮,,热饮茶香花香型,R061,焙茶鲜奶,0.7558,匹配你的身体状态：困倦；匹配你的场景：学校/教学楼；匹配你的感官偏好：茶香；匹配你的冷热偏好：热饮,R075,红茶淡奶油,0.7558,匹配你的身体状态：困倦；匹配你的场景：学校/教学楼；匹配你的感官偏好：茶香；匹配你的冷热偏好：热饮,R030,芒果红茶,0.7638,匹配你的身体状态：困倦；匹配你的心情状态：平静；匹配你的场景：学校/教学楼；匹配你的感官偏好：茶香,,
U0248,疲劳、感觉有点热,烦躁,学校/教学楼、公园/户外,清爽、果香、酸感,冷饮,,冷饮清爽果香型,R083,冷萃咖啡椰子水,0.7618,匹配你的身体状态：疲劳；匹配你的场景：公园/户外、学校/教学楼；匹配你的感官偏好：果香、清爽；匹配你的冷热偏好：冷饮,R090,黑巧椰乳,0.7603,匹配你的身体状态：疲劳；匹配你的场景：公园/户外；匹配你的感官偏好：果香、清爽；匹配你的冷热偏好：冷饮,R113,椰奶荔枝,0.7603,匹配你的身体状态：疲劳；匹配你的场景：公园/户外；匹配你的感官偏好：果香、清爽；匹配你的冷热偏好：冷饮,,
U0249,困倦,平静,学校/教学楼、地铁/公交/车站,茶香、苦感、清爽,冷饮,,冷饮清爽茶香型,R022,苹果茉莉绿茶,0.8013,匹配你的身体状态：困倦；匹配你的心情状态：平静；匹配你的场景：学校/教学楼；匹配你的感官偏好：清爽、茶香,R014,葡萄焙茶,0.8013,匹配你的身体状态：困倦；匹配你的心情状态：平静；匹配你的场景：学校/教学楼；匹配你的感官偏好：清爽、茶香,R028,苹果焙茶,0.8013,匹配你的身体状态：困倦；匹配你的心情状态：平静；匹配你的场景：学校/教学楼；匹配你的感官偏好：清爽、茶香,,
U0250,疲劳,开心,学校/教学楼、商场/商业街,奶香、咖啡香、苦感,热饮,,热饮奶香咖啡香型,R069,焙茶豆奶,0.8346,匹配你的身体状态：疲劳；匹配你的心情状态：开心；匹配你的场景：学校/教学楼；匹配你的感官偏好：咖啡香、奶香；匹配你的冷热偏好：热饮,R082,咖啡椰乳,0.8385,匹配你的身体状态：疲劳；匹配你的心情状态：开心；匹配你的场景：学校/教学楼；匹配你的感官偏好：咖啡香、奶香、苦感；匹配你的冷热偏好：热饮,R056,陈皮红茶,0.8305,匹配你的身体状态：疲劳；匹配你的心情状态：开心；匹配你的场景：学校/教学楼；匹配你的感官偏好：苦感；匹配你的冷热偏好：热饮,,
U0251,困倦,平静,地铁/公交/车站,清爽,热饮,咖啡因敏感慎用,咖啡因敏感慎用热饮清爽型,R045,荷叶陈皮,0.7717,匹配你的心情状态：平静；匹配你的感官偏好：清爽；匹配你的冷热偏好：热饮；已考虑你的健康约束：咖啡因敏感慎用,R038,菊花柠檬草,0.7716,匹配你的心情状态：平静；匹配你的感官偏好：清爽；匹配你的冷热偏好：热饮；已考虑你的健康约束：咖啡因敏感慎用,R055,薰衣草蓝莓,0.7716,匹配你的心情状态：平静；匹配你的感官偏好：清爽；匹配你的冷热偏好：热饮；已考虑你的健康约束：咖啡因敏感慎用,,
U0252,困倦,紧张,图书馆/自习室,清爽,热饮,咖啡因敏感慎用,咖啡因敏感慎用热饮清爽型,R045,荷叶陈皮,0.7716,匹配你的心情状态：紧张；匹配你的感官偏好：清爽；匹配你的冷热偏好：热饮；已考虑你的健康约束：咖啡因敏感慎用,R038,菊花柠檬草,0.7716,匹配你的心情状态：紧张；匹配你的感官偏好：清爽；匹配你的冷热偏好：热饮；已考虑你的健康约束：咖啡因敏感慎用,R055,薰衣草蓝莓,0.7715,匹配你的心情状态：紧张；匹配你的感官偏好：清爽；匹配你的冷热偏好：热饮；已考虑你的健康约束：咖啡因敏感慎用,,
U0253,感觉有点冷,平静,公园/户外,清爽,热饮,低刺激,低刺激热饮清爽型,R055,薰衣草蓝莓,0.8402,匹配你的身体状态：感觉有点冷；匹配你的心情状态：平静；匹配你的感官偏好：清爽；匹配你的冷热偏好：热饮；已考虑你的健康约束：低刺激,R038,菊花柠檬草,0.8401,匹配你的身体状态：感觉有点冷；匹配你的心情状态：平静；匹配你的感官偏好：清爽；匹配你的冷热偏好：热饮；已考虑你的健康约束：低刺激,R045,荷叶陈皮,0.8401,匹配你的身体状态：感觉有点冷；匹配你的心情状态：平静；匹配你的感官偏好：清爽；匹配你的冷热偏好：热饮；已考虑你的健康约束：低刺激,,
U0254,困倦,紧张,学校/教学楼,清爽,冷饮,低糖,低糖冷饮清爽型,R002,青柠茉莉绿茶,0.8058,匹配你的身体状态：困倦；匹配你的场景：学校/教学楼；匹配你的感官偏好：清爽；匹配你的冷热偏好：冷饮；已考虑你的健康约束：低糖,R027,柠檬轻发酵乌龙,0.8058,匹配你的身体状态：困倦；匹配你的场景：学校/教学楼；匹配你的感官偏好：清爽；匹配你的冷热偏好：冷饮；已考虑你的健康约束：低糖,R009,桃子轻发酵乌龙,0.8058,匹配你的身体状态：困倦；匹配你的场景：学校/教学楼；匹配你的感官偏好：清爽；匹配你的冷热偏好：冷饮；已考虑你的健康约束：低糖,,
U0255,疲劳、感觉有点热,烦躁,公园/户外,清爽,冷饮,低糖,低糖冷饮清爽型,R050,柠檬草橙子,0.6898,匹配你的感官偏好：清爽；已考虑你的健康约束：低糖,R119,椰子水橙子,0.6898,匹配你的感官偏好：清爽；已考虑你的健康约束：低糖,R083,冷萃咖啡椰子水,0.7686,匹配你的身体状态：疲劳；匹配你的场景：公园/户外；匹配你的感官偏好：清爽；匹配你的冷热偏好：冷饮；已考虑你的健康约束：低糖,,
U0256,疲劳,平静,图书馆/自习室,清爽,热饮,咖啡因敏感慎用,咖啡因敏感慎用热饮清爽型,R045,荷叶陈皮,0.8401,匹配你的身体状态：疲劳；匹配你的心情状态：平静；匹配你的感官偏好：清爽；匹配你的冷热偏好：热饮；已考虑你的健康约束：咖啡因敏感慎用,R038,菊花柠檬草,0.8401,匹配你的身体状态：疲劳；匹配你的心情状态：平静；匹配你的感官偏好：清爽；匹配你的冷热偏好：热饮；已考虑你的健康约束：咖啡因敏感慎用,R055,薰衣草蓝莓,0.8401,匹配你的身体状态：疲劳；匹配你的心情状态：平静；匹配你的感官偏好：清爽；匹配你的冷热偏好：热饮；已考虑你的健康约束：咖啡因敏感慎用,,
U0257,困倦,烦躁,学校/教学楼,清爽,冷饮,低糖,低糖冷饮清爽型,R002,青柠茉莉绿茶,0.8058,匹配你的身体状态：困倦；匹配你的场景：学校/教学楼；匹配你的感官偏好：清爽；匹配你的冷热偏好：冷饮；已考虑你的健康约束：低糖,R027,柠檬轻发酵乌龙,0.8058,匹配你的身体状态：困倦；匹配你的场景：学校/教学楼；匹配你的感官偏好：清爽；匹配你的冷热偏好：冷饮；已考虑你的健康约束：低糖,R009,桃子轻发酵乌龙,0.8058,匹配你的身体状态：困倦；匹配你的场景：学校/教学楼；匹配你的感官偏好：清爽；匹配你的冷热偏好：冷饮；已考虑你的健康约束：低糖,,
U0258,疲劳、感觉有点冷,低落,公园/户外,清爽,热饮,,热饮清爽型,R055,薰衣草蓝莓,0.8402,匹配你的身体状态：感觉有点冷、疲劳；匹配你的心情状态：低落；匹配你的感官偏好：清爽；匹配你的冷热偏好：热饮,R037,玫瑰桂花,0.8402,匹配你的身体状态：感觉有点冷、疲劳；匹配你的心情状态：低落；匹配你的感官偏好：清爽；匹配你的冷热偏好：热饮,R040,薰衣草洋甘菊,0.8402,匹配你的身体状态：感觉有点冷、疲劳；匹配你的心情状态：低落；匹配你的感官偏好：清爽；匹配你的冷热偏好：热饮,,
U0259,困倦,烦躁,地铁/公交/车站,清爽,冷饮,低糖,低糖冷饮清爽型,R083,冷萃咖啡椰子水,0.8072,匹配你的身体状态：困倦；匹配你的感官偏好：清爽；匹配你的冷热偏好：冷饮；已考虑你的健康约束：低糖,R053,百合椰子水,0.6848,匹配你的场景：地铁/公交/车站；匹配你的感官偏好：清爽；已考虑你的健康约束：低糖,R002,青柠茉莉绿茶,0.8072,匹配你的身体状态：困倦；匹配你的感官偏好：清爽；匹配你的冷热偏好：冷饮；已考虑你的健康约束：低糖,,
U0260,疲劳,开心,商场/商业街,清爽,热饮,乳糖不耐慎用,乳糖不耐慎用热饮清爽型,R049,洋甘菊苹果,0.8402,匹配你的身体状态：疲劳；匹配你的心情状态：开心；匹配你的感官偏好：清爽；匹配你的冷热偏好：热饮；已考虑你的健康约束：乳糖不耐慎用,R111,豆奶苹果,0.8394,匹配你的身体状态：疲劳；匹配你的心情状态：开心；匹配你的场景：商场/商业街；匹配你的感官偏好：清爽；匹配你的冷热偏好：热饮；已考虑你的健康约束：乳糖不耐慎用,R116,椰乳百合,0.8394,匹配你的身体状态：疲劳；匹配你的心情状态：开心；匹配你的场景：商场/商业街；匹配你的感官偏好：清爽；匹配你的冷热偏好：热饮；已考虑你的健康约束：乳糖不耐慎用,,
U0261,疲劳、感觉有点冷,平静,公园/户外,清爽,热饮,咖啡因敏感慎用,咖啡因敏感慎用热饮清爽型,R055,薰衣草蓝莓,0.8402,匹配你的身体状态：感觉有点冷、疲劳；匹配你的心情状态：平静；匹配你的感官偏好：清爽；匹配你的冷热偏好：热饮；已考虑你的健康约束：咖啡因敏感慎用,R038,菊花柠檬草,0.8402,匹配你的身体状态：感觉有点冷、疲劳；匹配你的心情状态：平静；匹配你的感官偏好：清爽；匹配你的冷热偏好：热饮；已考虑你的健康约束：咖啡因敏感慎用,R045,荷叶陈皮,0.8402,匹配你的身体状态：感觉有点冷、疲劳；匹配你的心情状态：平静；匹配你的感官偏好：清爽；匹配你的冷热偏好：热饮；已考虑你的健康约束：咖啡因敏感慎用,,
U0262,困倦,紧张,图书馆/自习室,清爽,热饮,咖啡因敏感慎用,咖啡因敏感慎用热饮清爽型,R045,荷叶陈皮,0.7716,匹配你的心情状态：紧张；匹配你的感官偏好：清爽；匹配你的冷热偏好：热饮；已考虑你的健康约束：咖啡因敏感慎用,R038,菊花柠檬草,0.7716,匹配你的心情状态：紧张；匹配你的感官偏好：清爽；匹配你的冷热偏好：热饮；已考虑你的健康约束：咖啡因敏感慎用,R055,薰衣草蓝莓,0.7715,匹配你的心情状态：紧张；匹配你的感官偏好：清爽；匹配你的冷热偏好：热饮；已考虑你的健康约束：咖啡因敏感慎用,,
U0263,良好,烦躁,地铁/公交/车站,清爽,热饮,低刺激,低刺激热饮清爽型,R043,金银花菊花,0.7692,匹配你的身体状态：良好；匹配你的场景：地铁/公交/车站；匹配你的感官偏好：清爽；已考虑你的健康约束：低刺激,R045,荷叶陈皮,0.7345,匹配你的感官偏好：清爽；匹配你的冷热偏好：热饮；已考虑你的健康约束：低刺激,R038,菊花柠檬草,0.7345,匹配你的感官偏好：清爽；匹配你的冷热偏好：热饮；已考虑你的健康约束：低刺激,,
U0264,良好,平静,商场/商业街,清爽,热饮,乳糖不耐慎用,乳糖不耐慎用热饮清爽型,R038,菊花柠檬草,0.7716,匹配你的心情状态：平静；匹配你的感官偏好：清爽；匹配你的冷热偏好：热饮；已考虑你的健康约束：乳糖不耐慎用,R045,荷叶陈皮,0.7716,匹配你的心情状态：平静；匹配你的感官偏好：清爽；匹配你的冷热偏好：热饮；已考虑你的健康约束：乳糖不耐慎用,R055,薰衣草蓝莓,0.7716,匹配你的心情状态：平静；匹配你的感官偏好：清爽；匹配你的冷热偏好：热饮；已考虑你的健康约束：乳糖不耐慎用,,
U0265,困倦,紧张,学校/教学楼,清爽,热饮,咖啡因敏感慎用,咖啡因敏感慎用热饮清爽型,R045,荷叶陈皮,0.7716,匹配你的心情状态：紧张；匹配你的感官偏好：清爽；匹配你的冷热偏好：热饮；已考虑你的健康约束：咖啡因敏感慎用,R038,菊花柠檬草,0.7716,匹配你的心情状态：紧张；匹配你的感官偏好：清爽；匹配你的冷热偏好：热饮；已考虑你的健康约束：咖啡因敏感慎用,R055,薰衣草蓝莓,0.7716,匹配你的心情状态：紧张；匹配你的感官偏好：清爽；匹配你的冷热偏好：热饮；已考虑你的健康约束：咖啡因敏感慎用,,
U0266,疲劳、感觉有点热,烦躁,公园/户外,清爽,冷饮,,冷饮清爽型,R050,柠檬草橙子,0.6898,匹配你的感官偏好：清爽,R119,椰子水橙子,0.6898,匹配你的感官偏好：清爽,R083,冷萃咖啡椰子水,0.7686,匹配你的身体状态：疲劳；匹配你的场景：公园/户外；匹配你的感官偏好：清爽；匹配你的冷热偏好：冷饮,,
U0267,疲劳,烦躁,地铁/公交/车站,清爽,冷饮,低糖,低糖冷饮清爽型,R083,冷萃咖啡椰子水,0.8072,匹配你的身体状态：疲劳；匹配你的感官偏好：清爽；匹配你的冷热偏好：冷饮；已考虑你的健康约束：低糖,R009,桃子轻发酵乌龙,0.8072,匹配你的身体状态：疲劳；匹配你的感官偏好：清爽；匹配你的冷热偏好：冷饮；已考虑你的健康约束：低糖,R012,荔枝茉莉绿茶,0.8072,匹配你的身体状态：疲劳；匹配你的感官偏好：清爽；匹配你的冷热偏好：冷饮；已考虑你的健康约束：低糖,,
U0268,疲劳、感觉有点冷,平静,公园/户外,清爽,热饮,,热饮清爽型,R055,薰衣草蓝莓,0.8402,匹配你的身体状态：感觉有点冷、疲劳；匹配你的心情状态：平静；匹配你的感官偏好：清爽；匹配你的冷热偏好：热饮,R038,菊花柠檬草,0.8402,匹配你的身体状态：感觉有点冷、疲劳；匹配你的心情状态：平静；匹配你的感官偏好：清爽；匹配你的冷热偏好：热饮,R045,荷叶陈皮,0.8402,匹配你的身体状态：感觉有点冷、疲劳；匹配你的心情状态：平静；匹配你的感官偏好：清爽；匹配你的冷热偏好：热饮,,
U0269,疲劳,开心,商场/商业街,清爽,冷饮,低糖,低糖冷饮清爽型,R083,冷萃咖啡椰子水,0.8402,匹配你的身体状态：疲劳；匹配你的心情状态：开心；匹配你的感官偏好：清爽；匹配你的冷热偏好：冷饮；已考虑你的健康约束：低糖,R090,黑巧椰乳,0.8394,匹配你的身体状态：疲劳；匹配你的心情状态：开心；匹配你的场景：商场/商业街；匹配你的感官偏好：清爽；匹配你的冷热偏好：冷饮；已考虑你的健康约束：低糖,R113,椰奶荔枝,0.8394,匹配你的身体状态：疲劳；匹配你的心情状态：开心；匹配你的场景：商场/商业街；匹配你的感官偏好：清爽；匹配你的冷热偏好：冷饮；已考虑你的健康约束：低糖,,
U0270,疲劳,平静,图书馆/自习室,清爽,热饮,低刺激,低刺激热饮清爽型,R045,荷叶陈皮,0.8401,匹配你的身体状态：疲劳；匹配你的心情状态：平静；匹配你的感官偏好：清爽；匹配你的冷热偏好：热饮；已考虑你的健康约束：低刺激,R038,菊花柠檬草,0.8401,匹配你的身体状态：疲劳；匹配你的心情状态：平静；匹配你的感官偏好：清爽；匹配你的冷热偏好：热饮；已考虑你的健康约束：低刺激,R055,薰衣草蓝莓,0.8401,匹配你的身体状态：疲劳；匹配你的心情状态：平静；匹配你的感官偏好：清爽；匹配你的冷热偏好：热饮；已考虑你的健康约束：低刺激,,
U0271,困倦,烦躁,家/宿舍,清爽,冷饮,低糖,低糖冷饮清爽型,R083,冷萃咖啡椰子水,0.8072,匹配你的身体状态：困倦；匹配你的感官偏好：清爽；匹配你的冷热偏好：冷饮；已考虑你的健康约束：低糖,R009,桃子轻发酵乌龙,0.8072,匹配你的身体状态：困倦；匹配你的感官偏好：清爽；匹配你的冷热偏好：冷饮；已考虑你的健康约束：低糖,R012,荔枝茉莉绿茶,0.8072,匹配你的身体状态：困倦；匹配你的感官偏好：清爽；匹配你的冷热偏好：冷饮；已考虑你的健康约束：低糖,,
U0272,疲劳、感觉有点冷,平静,公园/户外,清爽,热饮,,热饮清爽型,R055,薰衣草蓝莓,0.8402,匹配你的身体状态：感觉有点冷、疲劳；匹配你的心情状态：平静；匹配你的感官偏好：清爽；匹配你的冷热偏好：热饮,R038,菊花柠檬草,0.8402,匹配你的身体状态：感觉有点冷、疲劳；匹配你的心情状态：平静；匹配你的感官偏好：清爽；匹配你的冷热偏好：热饮,R045,荷叶陈皮,0.8402,匹配你的身体状态：感觉有点冷、疲劳；匹配你的心情状态：平静；匹配你的感官偏好：清爽；匹配你的冷热偏好：热饮,,
U0273,疲劳、感觉有点热,烦躁,公园/户外,清爽,冷饮,,冷饮清爽型,R050,柠檬草橙子,0.6898,匹配你的感官偏好：清爽,R119,椰子水橙子,0.6898,匹配你的感官偏好：清爽,R083,冷萃咖啡椰子水,0.7686,匹配你的身体状态：疲劳；匹配你的场景：公园/户外；匹配你的感官偏好：清爽；匹配你的冷热偏好：冷饮,,
U0274,困倦,紧张,学校/教学楼,清爽,热饮,咖啡因敏感慎用,咖啡因敏感慎用热饮清爽型,R045,荷叶陈皮,0.7716,匹配你的心情状态：紧张；匹配你的感官偏好：清爽；匹配你的冷热偏好：热饮；已考虑你的健康约束：咖啡因敏感慎用,R038,菊花柠檬草,0.7716,匹配你的心情状态：紧张；匹配你的感官偏好：清爽；匹配你的冷热偏好：热饮；已考虑你的健康约束：咖啡因敏感慎用,R055,薰衣草蓝莓,0.7716,匹配你的心情状态：紧张；匹配你的感官偏好：清爽；匹配你的冷热偏好：热饮；已考虑你的健康约束：咖啡因敏感慎用,,
U0275,良好,平静,商场/商业街,清爽,冷饮,咖啡因敏感慎用,咖啡因敏感慎用冷饮清爽型,R053,百合椰子水,0.8053,匹配你的身体状态：良好；匹配你的心情状态：平静；匹配你的感官偏好：清爽；已考虑你的健康约束：咖啡因敏感慎用,R043,金银花菊花,0.8053,匹配你的身体状态：良好；匹配你的心情状态：平静；匹配你的感官偏好：清爽；已考虑你的健康约束：咖啡因敏感慎用,R050,柠檬草橙子,0.8053,匹配你的身体状态：良好；匹配你的心情状态：平静；匹配你的感官偏好：清爽；已考虑你的健康约束：咖啡因敏感慎用,,
U0276,疲劳、感觉有点热,开心,公园/户外,清爽,冷饮,,冷饮清爽型,R113,椰奶荔枝,0.8099,匹配你的身体状态：疲劳；匹配你的心情状态：开心；匹配你的场景：公园/户外；匹配你的感官偏好：清爽；匹配你的冷热偏好：冷饮,R090,黑巧椰乳,0.8099,匹配你的身体状态：疲劳；匹配你的心情状态：开心；匹配你的场景：公园/户外；匹配你的感官偏好：清爽；匹配你的冷热偏好：冷饮,R050,柠檬草橙子,0.7352,匹配你的心情状态：开心；匹配你的感官偏好：清爽,,
U0277,疲劳、感觉有点冷,平静,公园/户外,清爽,热饮,,热饮清爽型,R055,薰衣草蓝莓,0.8402,匹配你的身体状态：感觉有点冷、疲劳；匹配你的心情状态：平静；匹配你的感官偏好：清爽；匹配你的冷热偏好：热饮,R038,菊花柠檬草,0.8402,匹配你的身体状态：感觉有点冷、疲劳；匹配你的心情状态：平静；匹配你的感官偏好：清爽；匹配你的冷热偏好：热饮,R045,荷叶陈皮,0.8402,匹配你的身体状态：感觉有点冷、疲劳；匹配你的心情状态：平静；匹配你的感官偏好：清爽；匹配你的冷热偏好：热饮,,
U0278,疲劳,烦躁,学校/教学楼,清爽,冷饮,低糖,低糖冷饮清爽型,R009,桃子轻发酵乌龙,0.8058,匹配你的身体状态：疲劳；匹配你的场景：学校/教学楼；匹配你的感官偏好：清爽；匹配你的冷热偏好：冷饮；已考虑你的健康约束：低糖,R012,荔枝茉莉绿茶,0.8058,匹配你的身体状态：疲劳；匹配你的场景：学校/教学楼；匹配你的感官偏好：清爽；匹配你的冷热偏好：冷饮；已考虑你的健康约束：低糖,R033,草莓茉莉绿茶,0.8058,匹配你的身体状态：疲劳；匹配你的场景：学校/教学楼；匹配你的感官偏好：清爽；匹配你的冷热偏好：冷饮；已考虑你的健康约束：低糖,,
U0279,疲劳,开心,家/宿舍,清爽,热饮,乳糖不耐慎用,乳糖不耐慎用热饮清爽型,R037,玫瑰桂花,0.8394,匹配你的身体状态：疲劳；匹配你的心情状态：开心；匹配你的场景：家/宿舍；匹配你的感官偏好：清爽；匹配你的冷热偏好：热饮；已考虑你的健康约束：乳糖不耐慎用,R040,薰衣草洋甘菊,0.8394,匹配你的身体状态：疲劳；匹配你的心情状态：开心；匹配你的场景：家/宿舍；匹配你的感官偏好：清爽；匹配你的冷热偏好：热饮；已考虑你的健康约束：乳糖不耐慎用,R046,百合桂花,0.8394,匹配你的身体状态：疲劳；匹配你的心情状态：开心；匹配你的场景：家/宿舍；匹配你的感官偏好：清爽；匹配你的冷热偏好：热饮；已考虑你的健康约束：乳糖不耐慎用,,
U0280,良好,开心,地铁/公交/车站,清爽,冷饮,低糖,低糖冷饮清爽型,R053,百合椰子水,0.8095,匹配你的身体状态：良好；匹配你的心情状态：开心；匹配你的场景：地铁/公交/车站；匹配你的感官偏好：清爽；已考虑你的健康约束：低糖,R043,金银花菊花,0.8095,匹配你的身体状态：良好；匹配你的心情状态：开心；匹配你的场景：地铁/公交/车站；匹配你的感官偏好：清爽；已考虑你的健康约束：低糖,R050,柠檬草橙子,0.8095,匹配你的身体状态：良好；匹配你的心情状态：开心；匹配你的场景：地铁/公交/车站；匹配你的感官偏好：清爽；已考虑你的健康约束：低糖,,
U0281,困倦,紧张,图书馆/自习室,清爽,热饮,咖啡因敏感慎用,咖啡因敏感慎用热饮清爽型,R045,荷叶陈皮,0.7716,匹配你的心情状态：紧张；匹配你的感官偏好：清爽；匹配你的冷热偏好：热饮；已考虑你的健康约束：咖啡因敏感慎用,R038,菊花柠檬草,0.7716,匹配你的心情状态：紧张；匹配你的感官偏好：清爽；匹配你的冷热偏好：热饮；已考虑你的健康约束：咖啡因敏感慎用,R055,薰衣草蓝莓,0.7715,匹配你的心情状态：紧张；匹配你的感官偏好：清爽；匹配你的冷热偏好：热饮；已考虑你的健康约束：咖啡因敏感慎用,,
U0282,困倦,烦躁,家/宿舍,清爽,冷饮,低糖,低糖冷饮清爽型,R083,冷萃咖啡椰子水,0.8072,匹配你的身体状态：困倦；匹配你的感官偏好：清爽；匹配你的冷热偏好：冷饮；已考虑你的健康约束：低糖,R009,桃子轻发酵乌龙,0.8072,匹配你的身体状态：困倦；匹配你的感官偏好：清爽；匹配你的冷热偏好：冷饮；已考虑你的健康约束：低糖,R012,荔枝茉莉绿茶,0.8072,匹配你的身体状态：困倦；匹配你的感官偏好：清爽；匹配你的冷热偏好：冷饮；已考虑你的健康约束：低糖,,
U0283,疲劳、感觉有点冷,低落,公园/户外,清爽,热饮,,热饮清爽型,R055,薰衣草蓝莓,0.8402,匹配你的身体状态：感觉有点冷、疲劳；匹配你的心情状态：低落；匹配你的感官偏好：清爽；匹配你的冷热偏好：热饮,R037,玫瑰桂花,0.8402,匹配你的身体状态：感觉有点冷、疲劳；匹配你的心情状态：低落；匹配你的感官偏好：清爽；匹配你的冷热偏好：热饮,R040,薰衣草洋甘菊,0.8402,匹配你的身体状态：感觉有点冷、疲劳；匹配你的心情状态：低落；匹配你的感官偏好：清爽；匹配你的冷热偏好：热饮,,
U0284,良好,平静,家/宿舍,清爽,热饮,咖啡因敏感慎用,咖啡因敏感慎用热饮清爽型,R045,荷叶陈皮,0.7776,匹配你的心情状态：平静；匹配你的场景：家/宿舍；匹配你的感官偏好：清爽；匹配你的冷热偏好：热饮；已考虑你的健康约束：咖啡因敏感慎用,R038,菊花柠檬草,0.7776,匹配你的心情状态：平静；匹配你的场景：家/宿舍；匹配你的感官偏好：清爽；匹配你的冷热偏好：热饮；已考虑你的健康约束：咖啡因敏感慎用,R055,薰衣草蓝莓,0.7775,匹配你的心情状态：平静；匹配你的场景：家/宿舍；匹配你的感官偏好：清爽；匹配你的冷热偏好：热饮；已考虑你的健康约束：咖啡因敏感慎用,,
U0285,困倦、疲劳,紧张,家/宿舍,清爽,热饮,咖啡因敏感慎用,咖啡因敏感慎用热饮清爽型,R038,菊花柠檬草,0.8099,匹配你的身体状态：疲劳；匹配你的心情状态：紧张；匹配你的场景：家/宿舍；匹配你的感官偏好：清爽；匹配你的冷热偏好：热饮；已考虑你的健康约束：咖啡因敏感慎用,R045,荷叶陈皮,0.8099,匹配你的身体状态：疲劳；匹配你的心情状态：紧张；匹配你的场景：家/宿舍；匹配你的感官偏好：清爽；匹配你的冷热偏好：热饮；已考虑你的健康约束：咖啡因敏感慎用,R055,薰衣草蓝莓,0.8099,匹配你的身体状态：疲劳；匹配你的心情状态：紧张；匹配你的场景：家/宿舍；匹配你的感官偏好：清爽；匹配你的冷热偏好：热饮；已考虑你的健康约束：咖啡因敏感慎用,,
U0286,疲劳,烦躁,地铁/公交/车站,清爽,冷饮,,冷饮清爽型,R083,冷萃咖啡椰子水,0.8072,匹配你的身体状态：疲劳；匹配你的感官偏好：清爽；匹配你的冷热偏好：冷饮,R009,桃子轻发酵乌龙,0.8072,匹配你的身体状态：疲劳；匹配你的感官偏好：清爽；匹配你的冷热偏好：冷饮,R012,荔枝茉莉绿茶,0.8072,匹配你的身体状态：疲劳；匹配你的感官偏好：清爽；匹配你的冷热偏好：冷饮,,
U0287,疲劳、口渴,开心,健身房/运动场,清爽,冷饮,低糖,低糖冷饮清爽型,R083,冷萃咖啡椰子水,0.8402,匹配你的身体状态：口渴、疲劳；匹配你的心情状态：开心；匹配你的感官偏好：清爽；匹配你的冷热偏好：冷饮；已考虑你的健康约束：低糖,R090,黑巧椰乳,0.8402,匹配你的身体状态：口渴、疲劳；匹配你的心情状态：开心；匹配你的感官偏好：清爽；匹配你的冷热偏好：冷饮；已考虑你的健康约束：低糖,R049,洋甘菊苹果,0.8053,匹配你的身体状态：口渴、疲劳；匹配你的心情状态：开心；匹配你的感官偏好：清爽；已考虑你的健康约束：低糖,,
U0288,疲劳,烦躁,商场/商业街,清爽,冷饮,乳糖不耐慎用,乳糖不耐慎用冷饮清爽型,R083,冷萃咖啡椰子水,0.8073,匹配你的身体状态：疲劳；匹配你的感官偏好：清爽；匹配你的冷热偏好：冷饮；已考虑你的健康约束：乳糖不耐慎用,R081,美式咖啡液橙子,0.8072,匹配你的身体状态：疲劳；匹配你的感官偏好：清爽；匹配你的冷热偏好：冷饮；已考虑你的健康约束：乳糖不耐慎用,R049,洋甘菊苹果,0.771,匹配你的身体状态：疲劳；匹配你的感官偏好：清爽；已考虑你的健康约束：乳糖不耐慎用,,
U0289,困倦,平静,家/宿舍,清爽,冷饮,咖啡因敏感慎用,咖啡因敏感慎用冷饮清爽型,R055,薰衣草蓝莓,0.7398,匹配你的心情状态：平静；匹配你的场景：家/宿舍；匹配你的感官偏好：清爽；已考虑你的健康约束：咖啡因敏感慎用,R038,菊花柠檬草,0.7397,匹配你的心情状态：平静；匹配你的场景：家/宿舍；匹配你的感官偏好：清爽；已考虑你的健康约束：咖啡因敏感慎用,R049,洋甘菊苹果,0.6847,匹配你的场景：家/宿舍；匹配你的感官偏好：清爽；已考虑你的健康约束：咖啡因敏感慎用,,
U0290,良好,烦躁,学校/教学楼,清爽,热饮,低刺激,低刺激热饮清爽型,R045,荷叶陈皮,0.7345,匹配你的感官偏好：清爽；匹配你的冷热偏好：热饮；已考虑你的健康约束：低刺激,R038,菊花柠檬草,0.7345,匹配你的感官偏好：清爽；匹配你的冷热偏好：热饮；已考虑你的健康约束：低刺激,R055,薰衣草蓝莓,0.7344,匹配你的感官偏好：清爽；匹配你的冷热偏好：热饮；已考虑你的健康约束：低刺激,,
U0291,困倦,平静,家/宿舍,清爽,热饮,,热饮清爽型,R038,菊花柠檬草,0.7776,匹配你的心情状态：平静；匹配你的场景：家/宿舍；匹配你的感官偏好：清爽；匹配你的冷热偏好：热饮,R045,荷叶陈皮,0.7776,匹配你的心情状态：平静；匹配你的场景：家/宿舍；匹配你的感官偏好：清爽；匹配你的冷热偏好：热饮,R055,薰衣草蓝莓,0.7776,匹配你的心情状态：平静；匹配你的场景：家/宿舍；匹配你的感官偏好：清爽；匹配你的冷热偏好：热饮,,
U0292,疲劳,平静,家/宿舍,清爽,热饮,咖啡因敏感慎用,咖啡因敏感慎用热饮清爽型,R045,荷叶陈皮,0.8394,匹配你的身体状态：疲劳；匹配你的心情状态：平静；匹配你的场景：家/宿舍；匹配你的感官偏好：清爽；匹配你的冷热偏好：热饮；已考虑你的健康约束：咖啡因敏感慎用,R038,菊花柠檬草,0.8394,匹配你的身体状态：疲劳；匹配你的心情状态：平静；匹配你的场景：家/宿舍；匹配你的感官偏好：清爽；匹配你的冷热偏好：热饮；已考虑你的健康约束：咖啡因敏感慎用,R055,薰衣草蓝莓,0.8393,匹配你的身体状态：疲劳；匹配你的心情状态：平静；匹配你的场景：家/宿舍；匹配你的感官偏好：清爽；匹配你的冷热偏好：热饮；已考虑你的健康约束：咖啡因敏感慎用,,
U0293,良好,平静,地铁/公交/车站,清爽,热饮,低刺激,低刺激热饮清爽型,R045,荷叶陈皮,0.7715,匹配你的心情状态：平静；匹配你的感官偏好：清爽；匹配你的冷热偏好：热饮；已考虑你的健康约束：低刺激,R038,菊花柠檬草,0.7715,匹配你的心情状态：平静；匹配你的感官偏好：清爽；匹配你的冷热偏好：热饮；已考虑你的健康约束：低刺激,R043,金银花菊花,0.8093,匹配你的身体状态：良好；匹配你的心情状态：平静；匹配你的场景：地铁/公交/车站；匹配你的感官偏好：清爽；已考虑你的健康约束：低刺激,,
U0294,良好,开心,商场/商业街,清爽,热饮,乳糖不耐慎用,乳糖不耐慎用热饮清爽型,R083,冷萃咖啡椰子水,0.7352,匹配你的心情状态：开心；匹配你的感官偏好：清爽；已考虑你的健康约束：乳糖不耐慎用,R053,百合椰子水,0.8053,匹配你的身体状态：良好；匹配你的心情状态：开心；匹配你的感官偏好：清爽；已考虑你的健康约束：乳糖不耐慎用,R050,柠檬草橙子,0.8053,匹配你的身体状态：良好；匹配你的心情状态：开心；匹配你的感官偏好：清爽；已考虑你的健康约束：乳糖不耐慎用,,
U0295,困倦,紧张,图书馆/自习室,清爽,热饮,咖啡因敏感慎用,咖啡因敏感慎用热饮清爽型,R045,荷叶陈皮,0.7716,匹配你的心情状态：紧张；匹配你的感官偏好：清爽；匹配你的冷热偏好：热饮；已考虑你的健康约束：咖啡因敏感慎用,R038,菊花柠檬草,0.7716,匹配你的心情状态：紧张；匹配你的感官偏好：清爽；匹配你的冷热偏好：热饮；已考虑你的健康约束：咖啡因敏感慎用,R055,薰衣草蓝莓,0.7715,匹配你的心情状态：紧张；匹配你的感官偏好：清爽；匹配你的冷热偏好：热饮；已考虑你的健康约束：咖啡因敏感慎用,,
U0296,疲劳,烦躁,家/宿舍,清爽,冷饮,低糖,低糖冷饮清爽型,R083,冷萃咖啡椰子水,0.8072,匹配你的身体状态：疲劳；匹配你的感官偏好：清爽；匹配你的冷热偏好：冷饮；已考虑你的健康约束：低糖,R009,桃子轻发酵乌龙,0.8072,匹配你的身体状态：疲劳；匹配你的感官偏好：清爽；匹配你的冷热偏好：冷饮；已考虑你的健康约束：低糖,R012,荔枝茉莉绿茶,0.8072,匹配你的身体状态：疲劳；匹配你的感官偏好：清爽；匹配你的冷热偏好：冷饮；已考虑你的健康约束：低糖,,
U0297,困倦、疲劳,紧张,家/宿舍,清爽,热饮,咖啡因敏感慎用,咖啡因敏感慎用热饮清爽型,R038,菊花柠檬草,0.8099,匹配你的身体状态：疲劳；匹配你的心情状态：紧张；匹配你的场景：家/宿舍；匹配你的感官偏好：清爽；匹配你的冷热偏好：热饮；已考虑你的健康约束：咖啡因敏感慎用,R045,荷叶陈皮,0.8099,匹配你的身体状态：疲劳；匹配你的心情状态：紧张；匹配你的场景：家/宿舍；匹配你的感官偏好：清爽；匹配你的冷热偏好：热饮；已考虑你的健康约束：咖啡因敏感慎用,R055,薰衣草蓝莓,0.8099,匹配你的身体状态：疲劳；匹配你的心情状态：紧张；匹配你的场景：家/宿舍；匹配你的感官偏好：清爽；匹配你的冷热偏好：热饮；已考虑你的健康约束：咖啡因敏感慎用,,
U0298,良好,平静,学校/教学楼,清爽,冷饮,咖啡因敏感慎用,咖啡因敏感慎用冷饮清爽型,R045,荷叶陈皮,0.735,匹配你的心情状态：平静；匹配你的感官偏好：清爽；已考虑你的健康约束：咖啡因敏感慎用,R038,菊花柠檬草,0.735,匹配你的心情状态：平静；匹配你的感官偏好：清爽；已考虑你的健康约束：咖啡因敏感慎用,R043,金银花菊花,0.8052,匹配你的身体状态：良好；匹配你的心情状态：平静；匹配你的感官偏好：清爽；已考虑你的健康约束：咖啡因敏感慎用,,
U0299,感觉有点冷,低落,公园/户外,清爽,热饮,低刺激,低刺激热饮清爽型,R055,薰衣草蓝莓,0.8402,匹配你的身体状态：感觉有点冷；匹配你的心情状态：低落；匹配你的感官偏好：清爽；匹配你的冷热偏好：热饮；已考虑你的健康约束：低刺激,R038,菊花柠檬草,0.8401,匹配你的身体状态：感觉有点冷；匹配你的心情状态：低落；匹配你的感官偏好：清爽；匹配你的冷热偏好：热饮；已考虑你的健康约束：低刺激,R037,玫瑰桂花,0.8401,匹配你的身体状态：感觉有点冷；匹配你的心情状态：低落；匹配你的感官偏好：清爽；匹配你的冷热偏好：热饮；已考虑你的健康约束：低刺激,,
U0300,良好,开心,家/宿舍,清爽,热饮,低糖,低糖热饮清爽型,R053,百合椰子水,0.8095,匹配你的身体状态：良好；匹配你的心情状态：开心；匹配你的场景：家/宿舍；匹配你的感官偏好：清爽；已考虑你的健康约束：低糖,R049,洋甘菊苹果,0.7776,匹配你的心情状态：开心；匹配你的场景：家/宿舍；匹配你的感官偏好：清爽；匹配你的冷热偏好：热饮；已考虑你的健康约束：低糖,R083,冷萃咖啡椰子水,0.7352,匹配你的心情状态：开心；匹配你的感官偏好：清爽；已考虑你的健康约束：低糖,,
U0301,困倦,紧张,地铁/公交/车站,茶香、苦感,常温,咖啡因敏感慎用,咖啡因敏感慎用常温茶香苦感型,R061,焙茶鲜奶,0.7458,匹配你的身体状态：困倦；匹配你的感官偏好：茶香；已考虑你的健康约束：咖啡因敏感慎用,R075,红茶淡奶油,0.7572,匹配你的身体状态：困倦；匹配你的感官偏好：苦感、茶香；已考虑你的健康约束：咖啡因敏感慎用,R045,荷叶陈皮,0.7211,匹配你的心情状态：紧张；匹配你的感官偏好：苦感；已考虑你的健康约束：咖啡因敏感慎用,,
U0302,疲劳,平静,图书馆/自习室,果香、清爽,常温,低糖,低糖常温清爽果香型,R007,蓝莓白茶,0.8394,匹配你的身体状态：疲劳；匹配你的心情状态：平静；匹配你的场景：图书馆/自习室；匹配你的感官偏好：果香、清爽；匹配你的冷热偏好：常温；已考虑你的健康约束：低糖,R016,柠檬铁观音,0.8394,匹配你的身体状态：疲劳；匹配你的心情状态：平静；匹配你的场景：图书馆/自习室；匹配你的感官偏好：果香、清爽；匹配你的冷热偏好：常温；已考虑你的健康约束：低糖,R019,橙子白茶,0.8394,匹配你的身体状态：疲劳；匹配你的心情状态：平静；匹配你的场景：图书馆/自习室；匹配你的感官偏好：果香、清爽；匹配你的冷热偏好：常温；已考虑你的健康约束：低糖,,
U0303,感觉有点冷,平静,公园/户外,花香,热饮,低刺激,低刺激热饮花香型,R045,荷叶陈皮,0.8393,匹配你的身体状态：感觉有点冷；匹配你的心情状态：平静；匹配你的感官偏好：花香；匹配你的冷热偏好：热饮；已考虑你的健康约束：低刺激,R038,菊花柠檬草,0.8392,匹配你的身体状态：感觉有点冷；匹配你的心情状态：平静；匹配你的感官偏好：花香；匹配你的冷热偏好：热饮；已考虑你的健康约束：低刺激,R055,薰衣草蓝莓,0.839,匹配你的身体状态：感觉有点冷；匹配你的心情状态：平静；匹配你的感官偏好：花香；匹配你的冷热偏好：热饮；已考虑你的健康约束：低刺激,,
U0304,疲劳,开心,商场/商业街,奶香,常温,,常温奶香型,R022,苹果茉莉绿茶,0.786,匹配你的身体状态：疲劳；匹配你的冷热偏好：常温,R030,芒果红茶,0.786,匹配你的身体状态：疲劳；匹配你的冷热偏好：常温,R039,茉莉花白茶,0.7479,匹配你的身体状态：疲劳,,
U0305,疲劳、感觉有点热,烦躁,公园/户外,清爽、果香,冷饮,低糖,低糖冷饮清爽果香型,R083,冷萃咖啡椰子水,0.7686,匹配你的身体状态：疲劳；匹配你的场景：公园/户外；匹配你的感官偏好：果香、清爽；匹配你的冷热偏好：冷饮；已考虑你的健康约束：低糖,R050,柠檬草橙子,0.6898,匹配你的感官偏好：果香、清爽；已考虑你的健康约束：低糖,R119,椰子水橙子,0.6898,匹配你的感官偏好：果香、清爽；已考虑你的健康约束：低糖,,
U0306,困倦,紧张,图书馆/自习室,茶香,常温,咖啡因敏感慎用,咖啡因敏感慎用常温茶香型,R061,焙茶鲜奶,0.7559,匹配你的身体状态：困倦；匹配你的场景：图书馆/自习室；匹配你的感官偏好：茶香；已考虑你的健康约束：咖啡因敏感慎用,R075,红茶淡奶油,0.7558,匹配你的身体状态：困倦；匹配你的场景：图书馆/自习室；匹配你的感官偏好：茶香；已考虑你的健康约束：咖啡因敏感慎用,R030,芒果红茶,0.829,匹配你的身体状态：困倦；匹配你的心情状态：紧张；匹配你的场景：图书馆/自习室；匹配你的感官偏好：茶香；匹配你的冷热偏好：常温；已考虑你的健康约束：咖啡因敏感慎用,,
U0307,疲劳、困倦,烦躁,地铁/公交/车站,咖啡香、苦感,常温,低糖,低糖常温咖啡香苦感型,R061,焙茶鲜奶,0.7577,匹配你的身体状态：困倦、疲劳；匹配你的感官偏好：咖啡香；已考虑你的健康约束：低糖,R075,红茶淡奶油,0.7576,匹配你的身体状态：困倦、疲劳；匹配你的感官偏好：苦感；已考虑你的健康约束：低糖,R030,芒果红茶,0.8324,匹配你的身体状态：困倦、疲劳；匹配你的心情状态：烦躁；匹配你的感官偏好：苦感；匹配你的冷热偏好：常温；已考虑你的健康约束：低糖,,
U0308,疲劳,平静,图书馆/自习室,花香、清爽,常温,咖啡因敏感慎用,咖啡因敏感慎用常温清爽花香型,R045,荷叶陈皮,0.8052,匹配你的身体状态：疲劳；匹配你的心情状态：平静；匹配你的感官偏好：清爽、花香；已考虑你的健康约束：咖啡因敏感慎用,R038,菊花柠檬草,0.8051,匹配你的身体状态：疲劳；匹配你的心情状态：平静；匹配你的感官偏好：清爽、花香；已考虑你的健康约束：咖啡因敏感慎用,R055,薰衣草蓝莓,0.805,匹配你的身体状态：疲劳；匹配你的心情状态：平静；匹配你的感官偏好：清爽、花香；已考虑你的健康约束：咖啡因敏感慎用,,
U0309,良好,平静,地铁/公交/车站,茶香,常温,乳糖不耐慎用,乳糖不耐慎用常温茶香型,R030,芒果红茶,0.7679,匹配你的心情状态：平静；匹配你的感官偏好：茶香；匹配你的冷热偏好：常温；已考虑你的健康约束：乳糖不耐慎用,R069,焙茶豆奶,0.6854,匹配你的感官偏好：茶香；已考虑你的健康约束：乳糖不耐慎用,R022,苹果茉莉绿茶,0.7676,匹配你的心情状态：平静；匹配你的感官偏好：茶香；匹配你的冷热偏好：常温；已考虑你的健康约束：乳糖不耐慎用,,
U0310,良好,开心,商场/商业街,果香、气泡感,常温,低糖,低糖常温果香气泡感型,R043,金银花菊花,0.8262,匹配你的身体状态：良好；匹配你的心情状态：开心；匹配你的冷热偏好：常温；已考虑你的健康约束：低糖,R053,百合椰子水,0.8335,匹配你的身体状态：良好；匹配你的心情状态：开心；匹配你的感官偏好：果香；匹配你的冷热偏好：常温；已考虑你的健康约束：低糖,R050,柠檬草橙子,0.8334,匹配你的身体状态：良好；匹配你的心情状态：开心；匹配你的感官偏好：果香；匹配你的冷热偏好：常温；已考虑你的健康约束：低糖,,
U0311,困倦,平静,图书馆/自习室,清爽、茶香,常温,咖啡因敏感慎用,咖啡因敏感慎用常温清爽茶香型,R045,荷叶陈皮,0.7255,匹配你的心情状态：平静；匹配你的感官偏好：清爽；已考虑你的健康约束：咖啡因敏感慎用,R038,菊花柠檬草,0.7253,匹配你的心情状态：平静；匹配你的感官偏好：清爽；已考虑你的健康约束：咖啡因敏感慎用,R055,薰衣草蓝莓,0.725,匹配你的心情状态：平静；匹配你的感官偏好：清爽；已考虑你的健康约束：咖啡因敏感慎用,,
U0312,疲劳,烦躁,商场/商业街,果香、甜感,常温,,常温果香甜感型,R009,桃子轻发酵乌龙,0.771,匹配你的身体状态：疲劳；匹配你的感官偏好：果香、甜感,R012,荔枝茉莉绿茶,0.771,匹配你的身体状态：疲劳；匹配你的感官偏好：果香、甜感,R033,草莓茉莉绿茶,0.771,匹配你的身体状态：疲劳；匹配你的感官偏好：果香、甜感,,
U0313,疲劳、感觉有点冷,烦躁,公园/户外,清爽,热饮,低刺激,低刺激热饮清爽型,R055,薰衣草蓝莓,0.8072,匹配你的身体状态：感觉有点冷、疲劳；匹配你的感官偏好：清爽；匹配你的冷热偏好：热饮；已考虑你的健康约束：低刺激,R037,玫瑰桂花,0.8072,匹配你的身体状态：感觉有点冷、疲劳；匹配你的感官偏好：清爽；匹配你的冷热偏好：热饮；已考虑你的健康约束：低刺激,R040,薰衣草洋甘菊,0.8072,匹配你的身体状态：感觉有点冷、疲劳；匹配你的感官偏好：清爽；匹配你的冷热偏好：热饮；已考虑你的健康约束：低刺激,,
U0314,困倦,紧张,学校/教学楼,咖啡香、苦感,常温,低糖,低糖常温咖啡香苦感型,R061,焙茶鲜奶,0.7547,匹配你的身体状态：困倦；匹配你的场景：学校/教学楼；匹配你的感官偏好：咖啡香；已考虑你的健康约束：低糖,R075,红茶淡奶油,0.7546,匹配你的身体状态：困倦；匹配你的场景：学校/教学楼；匹配你的感官偏好：苦感；已考虑你的健康约束：低糖,R030,芒果红茶,0.8325,匹配你的身体状态：困倦；匹配你的心情状态：紧张；匹配你的场景：学校/教学楼；匹配你的感官偏好：苦感；匹配你的冷热偏好：常温；已考虑你的健康约束：低糖,,
U0315,感觉有点热,开心,公园/户外,果香、酸感,冷饮,乳糖不耐慎用,乳糖不耐慎用冷饮果香酸感型,R048,玫瑰草莓,0.8347,匹配你的身体状态：感觉有点热；匹配你的心情状态：开心；匹配你的场景：公园/户外；匹配你的感官偏好：果香；匹配你的冷热偏好：冷饮；已考虑你的健康约束：乳糖不耐慎用,R051,薄荷叶西瓜,0.8347,匹配你的身体状态：感觉有点热；匹配你的心情状态：开心；匹配你的场景：公园/户外；匹配你的感官偏好：果香；匹配你的冷热偏好：冷饮；已考虑你的健康约束：乳糖不耐慎用,R052,茉莉花荔枝,0.8347,匹配你的身体状态：感觉有点热；匹配你的心情状态：开心；匹配你的场景：公园/户外；匹配你的感官偏好：果香；匹配你的冷热偏好：冷饮；已考虑你的健康约束：乳糖不耐慎用,,
U0316,疲劳,低落,图书馆/自习室,茶香、清爽,常温,低糖,低糖常温清爽茶香型,R069,焙茶豆奶,0.8094,匹配你的身体状态：疲劳；匹配你的心情状态：低落；匹配你的场景：图书馆/自习室；匹配你的感官偏好：清爽、茶香；已考虑你的健康约束：低糖,R030,芒果红茶,0.8057,匹配你的身体状态：疲劳；匹配你的场景：图书馆/自习室；匹配你的感官偏好：清爽、茶香；匹配你的冷热偏好：常温；已考虑你的健康约束：低糖,R059,绿茶燕麦奶,0.8393,匹配你的身体状态：疲劳；匹配你的心情状态：低落；匹配你的场景：图书馆/自习室；匹配你的感官偏好：清爽、茶香；匹配你的冷热偏好：常温；已考虑你的健康约束：低糖,,
U0317,感觉有点冷,平静,公园/户外,花香,热饮,咖啡因敏感慎用,咖啡因敏感慎用热饮花香型,R045,荷叶陈皮,0.8393,匹配你的身体状态：感觉有点冷；匹配你的心情状态：平静；匹配你的感官偏好：花香；匹配你的冷热偏好：热饮；已考虑你的健康约束：咖啡因敏感慎用,R038,菊花柠檬草,0.8392,匹配你的身体状态：感觉有点冷；匹配你的心情状态：平静；匹配你的感官偏好：花香；匹配你的冷热偏好：热饮；已考虑你的健康约束：咖啡因敏感慎用,R055,薰衣草蓝莓,0.839,匹配你的身体状态：感觉有点冷；匹配你的心情状态：平静；匹配你的感官偏好：花香；匹配你的冷热偏好：热饮；已考虑你的健康约束：咖啡因敏感慎用,,
U0318,疲劳,烦躁,商场/商业街,果香、气泡感,常温,,常温果香气泡感型,R065,茉莉绿茶椰乳,0.7592,匹配你的身体状态：疲劳；匹配你的感官偏好：果香,R071,茉莉绿茶低脂牛奶,0.7592,匹配你的身体状态：疲劳；匹配你的感官偏好：果香,R007,蓝莓白茶,0.8336,匹配你的身体状态：疲劳；匹配你的心情状态：烦躁；匹配你的感官偏好：果香；匹配你的冷热偏好：常温,,
U0319,困倦,烦躁,地铁/公交/车站,清爽、茶香,常温,低糖,低糖常温清爽茶香型,R022,苹果茉莉绿茶,0.84,匹配你的身体状态：困倦；匹配你的心情状态：烦躁；匹配你的感官偏好：清爽、茶香；匹配你的冷热偏好：常温；已考虑你的健康约束：低糖,R030,芒果红茶,0.84,匹配你的身体状态：困倦；匹配你的心情状态：烦躁；匹配你的感官偏好：清爽、茶香；匹配你的冷热偏好：常温；已考虑你的健康约束：低糖,R039,茉莉花白茶,0.7706,匹配你的身体状态：困倦；匹配你的感官偏好：清爽、茶香；已考虑你的健康约束：低糖,,
U0320,困倦、疲劳,紧张,家/宿舍,茶香、清爽,常温,低刺激、咖啡因敏感慎用,低刺激常温清爽茶香型,R045,荷叶陈皮,0.7699,匹配你的身体状态：疲劳；匹配你的心情状态：紧张；匹配你的场景：家/宿舍；匹配你的感官偏好：清爽；已考虑你的健康约束：低刺激、咖啡因敏感慎用,R038,菊花柠檬草,0.7699,匹配你的身体状态：疲劳；匹配你的心情状态：紧张；匹配你的场景：家/宿舍；匹配你的感官偏好：清爽；已考虑你的健康约束：低刺激、咖啡因敏感慎用,R055,薰衣草蓝莓,0.7698,匹配你的身体状态：疲劳；匹配你的心情状态：紧张；匹配你的场景：家/宿舍；匹配你的感官偏好：清爽；已考虑你的健康约束：低刺激、咖啡因敏感慎用,,
U0321,疲劳,烦躁,商场/商业街,果香、花香,冷饮,低糖,低糖冷饮果香花香型,R009,桃子轻发酵乌龙,0.8072,匹配你的身体状态：疲劳；匹配你的感官偏好：果香、花香；匹配你的冷热偏好：冷饮；已考虑你的健康约束：低糖,R012,荔枝茉莉绿茶,0.8072,匹配你的身体状态：疲劳；匹配你的感官偏好：果香、花香；匹配你的冷热偏好：冷饮；已考虑你的健康约束：低糖,R033,草莓茉莉绿茶,0.8072,匹配你的身体状态：疲劳；匹配你的感官偏好：果香、花香；匹配你的冷热偏好：冷饮；已考虑你的健康约束：低糖,,
U0322,疲劳,紧张,图书馆/自习室,咖啡香、清爽、苦感,热饮,咖啡因敏感慎用,咖啡因敏感慎用热饮清爽咖啡香型,R045,荷叶陈皮,0.8358,匹配你的身体状态：疲劳；匹配你的心情状态：紧张；匹配你的感官偏好：清爽、苦感；匹配你的冷热偏好：热饮；已考虑你的健康约束：咖啡因敏感慎用,R038,菊花柠檬草,0.831,匹配你的身体状态：疲劳；匹配你的心情状态：紧张；匹配你的感官偏好：清爽；匹配你的冷热偏好：热饮；已考虑你的健康约束：咖啡因敏感慎用,R055,薰衣草蓝莓,0.8309,匹配你的身体状态：疲劳；匹配你的心情状态：紧张；匹配你的感官偏好：清爽；匹配你的冷热偏好：热饮；已考虑你的健康约束：咖啡因敏感慎用,,
U0323,疲劳,开心,图书馆/自习室,清爽,冷饮,低糖,低糖冷饮清爽型,R009,桃子轻发酵乌龙,0.8394,匹配你的身体状态：疲劳；匹配你的心情状态：开心；匹配你的场景：图书馆/自习室；匹配你的感官偏好：清爽；匹配你的冷热偏好：冷饮；已考虑你的健康约束：低糖,R012,荔枝茉莉绿茶,0.8394,匹配你的身体状态：疲劳；匹配你的心情状态：开心；匹配你的场景：图书馆/自习室；匹配你的感官偏好：清爽；匹配你的冷热偏好：冷饮；已考虑你的健康约束：低糖,R033,草莓茉莉绿茶,0.8394,匹配你的身体状态：疲劳；匹配你的心情状态：开心；匹配你的场景：图书馆/自习室；匹配你的感官偏好：清爽；匹配你的冷热偏好：冷饮；已考虑你的健康约束：低糖,,
U0324,困倦,平静,地铁/公交/车站,清爽、茶香,热饮,,热饮清爽茶香型,R022,苹果茉莉绿茶,0.8053,匹配你的身体状态：困倦；匹配你的心情状态：平静；匹配你的感官偏好：清爽、茶香,R014,葡萄焙茶,0.8402,匹配你的身体状态：困倦；匹配你的心情状态：平静；匹配你的感官偏好：清爽、茶香；匹配你的冷热偏好：热饮,R028,苹果焙茶,0.8402,匹配你的身体状态：困倦；匹配你的心情状态：平静；匹配你的感官偏好：清爽、茶香；匹配你的冷热偏好：热饮,,
U0325,疲劳,低落、平静,图书馆/自习室,茶香,热饮,乳糖不耐慎用,乳糖不耐慎用热饮茶香型,R069,焙茶豆奶,0.8216,匹配你的身体状态：疲劳；匹配你的心情状态：低落；匹配你的场景：图书馆/自习室；匹配你的感官偏好：茶香；匹配你的冷热偏好：热饮；已考虑你的健康约束：乳糖不耐慎用,R082,咖啡椰乳,0.8054,匹配你的身体状态：疲劳；匹配你的心情状态：低落；匹配你的场景：图书馆/自习室；匹配你的冷热偏好：热饮；已考虑你的健康约束：乳糖不耐慎用,R030,芒果红茶,0.7848,匹配你的身体状态：疲劳；匹配你的心情状态：平静；匹配你的场景：图书馆/自习室；匹配你的感官偏好：茶香；已考虑你的健康约束：乳糖不耐慎用,,
U0326,疲劳,开心,商场/商业街,酸感、清爽,冷饮,低糖,低糖冷饮清爽酸感型,R090,黑巧椰乳,0.8347,匹配你的身体状态：疲劳；匹配你的心情状态：开心；匹配你的场景：商场/商业街；匹配你的感官偏好：清爽；匹配你的冷热偏好：冷饮；已考虑你的健康约束：低糖,R089,可可粉豆奶,0.8394,匹配你的身体状态：疲劳；匹配你的心情状态：开心；匹配你的场景：商场/商业街；匹配你的感官偏好：清爽、酸感；匹配你的冷热偏好：冷饮；已考虑你的健康约束：低糖,R109,酸奶草莓,0.8394,匹配你的身体状态：疲劳；匹配你的心情状态：开心；匹配你的场景：商场/商业街；匹配你的感官偏好：清爽、酸感；匹配你的冷热偏好：冷饮；已考虑你的健康约束：低糖,,
U0327,疲劳,平静,图书馆/自习室,茶香,热饮,乳糖不耐慎用,乳糖不耐慎用热饮茶香型,R069,焙茶豆奶,0.8048,匹配你的身体状态：疲劳；匹配你的场景：图书馆/自习室；匹配你的感官偏好：茶香；匹配你的冷热偏好：热饮；已考虑你的健康约束：乳糖不耐慎用,R030,芒果红茶,0.8085,匹配你的身体状态：疲劳；匹配你的心情状态：平静；匹配你的场景：图书馆/自习室；匹配你的感官偏好：茶香；已考虑你的健康约束：乳糖不耐慎用,R082,咖啡椰乳,0.7861,匹配你的身体状态：疲劳；匹配你的场景：图书馆/自习室；匹配你的冷热偏好：热饮；已考虑你的健康约束：乳糖不耐慎用,,
U0328,疲劳、困倦,烦躁、平静,学校/教学楼,清爽,常温,低糖、咖啡因敏感慎用,低糖常温清爽型,R045,荷叶陈皮,0.7503,匹配你的身体状态：疲劳；匹配你的心情状态：平静；匹配你的感官偏好：清爽；已考虑你的健康约束：低糖、咖啡因敏感慎用,R038,菊花柠檬草,0.7502,匹配你的身体状态：疲劳；匹配你的心情状态：平静；匹配你的感官偏好：清爽；已考虑你的健康约束：低糖、咖啡因敏感慎用,R055,薰衣草蓝莓,0.75,匹配你的身体状态：疲劳；匹配你的心情状态：平静；匹配你的感官偏好：清爽；已考虑你的健康约束：低糖、咖啡因敏感慎用,,
U0329,疲劳,烦躁,商场/商业街,清爽、果香,冷饮,低糖,低糖冷饮清爽果香型,R083,冷萃咖啡椰子水,0.8073,匹配你的身体状态：疲劳；匹配你的感官偏好：果香、清爽；匹配你的冷热偏好：冷饮；已考虑你的健康约束：低糖,R081,美式咖啡液橙子,0.8072,匹配你的身体状态：疲劳；匹配你的感官偏好：果香、清爽；匹配你的冷热偏好：冷饮；已考虑你的健康约束：低糖,R090,黑巧椰乳,0.8058,匹配你的身体状态：疲劳；匹配你的场景：商场/商业街；匹配你的感官偏好：果香、清爽；匹配你的冷热偏好：冷饮；已考虑你的健康约束：低糖,,
U0330,疲劳,烦躁、平静,图书馆/自习室,茶香、咖啡香、苦感,冷饮,,冷饮茶香咖啡香型,R061,焙茶鲜奶,0.7605,匹配你的身体状态：疲劳；匹配你的场景：图书馆/自习室；匹配你的感官偏好：咖啡香、茶香,R075,红茶淡奶油,0.7604,匹配你的身体状态：疲劳；匹配你的场景：图书馆/自习室；匹配你的感官偏好：苦感、茶香,R030,芒果红茶,0.8052,匹配你的身体状态：疲劳；匹配你的心情状态：平静、烦躁；匹配你的场景：图书馆/自习室；匹配你的感官偏好：苦感、茶香,,
U0331,疲劳、困倦,平静,公园/户外,甜感,热饮,乳糖不耐慎用,乳糖不耐慎用热饮甜感型,R039,茉莉花白茶,0.8402,匹配你的身体状态：困倦、疲劳；匹配你的心情状态：平静；匹配你的感官偏好：甜感；匹配你的冷热偏好：热饮；已考虑你的健康约束：乳糖不耐慎用,R014,葡萄焙茶,0.8402,匹配你的身体状态：困倦、疲劳；匹配你的心情状态：平静；匹配你的感官偏好：甜感；匹配你的冷热偏好：热饮；已考虑你的健康约束：乳糖不耐慎用,R028,苹果焙茶,0.8402,匹配你的身体状态：困倦、疲劳；匹配你的心情状态：平静；匹配你的感官偏好：甜感；匹配你的冷热偏好：热饮；已考虑你的健康约束：乳糖不耐慎用,,
U0332,疲劳,烦躁、平静,图书馆/自习室,酸感、清爽,冷饮,低糖,低糖冷饮清爽酸感型,R006,草莓红茶,0.7966,匹配你的身体状态：疲劳；匹配你的场景：图书馆/自习室；匹配你的感官偏好：清爽；匹配你的冷热偏好：冷饮；已考虑你的健康约束：低糖,R023,西瓜绿茶,0.7966,匹配你的身体状态：疲劳；匹配你的场景：图书馆/自习室；匹配你的感官偏好：清爽；匹配你的冷热偏好：冷饮；已考虑你的健康约束：低糖,R065,茉莉绿茶椰乳,0.7966,匹配你的身体状态：疲劳；匹配你的场景：图书馆/自习室；匹配你的感官偏好：清爽；匹配你的冷热偏好：冷饮；已考虑你的健康约束：低糖,,
U0333,疲劳,开心,商场/商业街,茶香、果香、酸感,冷饮,低糖,低糖冷饮茶香果香型,R001,柠檬白茶,0.8402,匹配你的身体状态：疲劳；匹配你的心情状态：开心；匹配你的感官偏好：果香、茶香、酸感；匹配你的冷热偏好：冷饮；已考虑你的健康约束：低糖,R003,百香果乌龙茶,0.8402,匹配你的身体状态：疲劳；匹配你的心情状态：开心；匹配你的感官偏好：果香、茶香、酸感；匹配你的冷热偏好：冷饮；已考虑你的健康约束：低糖,R004,葡萄柚绿茶,0.8402,匹配你的身体状态：疲劳；匹配你的心情状态：开心；匹配你的感官偏好：果香、茶香、酸感；匹配你的冷热偏好：冷饮；已考虑你的健康约束：低糖,,
U0334,疲劳、感觉有点冷,烦躁,公园/户外,清爽,热饮,低刺激,低刺激热饮清爽型,R055,薰衣草蓝莓,0.8072,匹配你的身体状态：感觉有点冷、疲劳；匹配你的感官偏好：清爽；匹配你的冷热偏好：热饮；已考虑你的健康约束：低刺激,R037,玫瑰桂花,0.8072,匹配你的身体状态：感觉有点冷、疲劳；匹配你的感官偏好：清爽；匹配你的冷热偏好：热饮；已考虑你的健康约束：低刺激,R040,薰衣草洋甘菊,0.8072,匹配你的身体状态：感觉有点冷、疲劳；匹配你的感官偏好：清爽；匹配你的冷热偏好：热饮；已考虑你的健康约束：低刺激,,
U0335,困倦、感觉有点冷,烦躁,公园/户外,清爽,热饮,咖啡因敏感慎用,咖啡因敏感慎用热饮清爽型,R055,薰衣草蓝莓,0.7729,匹配你的身体状态：感觉有点冷；匹配你的感官偏好：清爽；匹配你的冷热偏好：热饮；已考虑你的健康约束：咖啡因敏感慎用,R038,菊花柠檬草,0.7729,匹配你的身体状态：感觉有点冷；匹配你的感官偏好：清爽；匹配你的冷热偏好：热饮；已考虑你的健康约束：咖啡因敏感慎用,R045,荷叶陈皮,0.7729,匹配你的身体状态：感觉有点冷；匹配你的感官偏好：清爽；匹配你的冷热偏好：热饮；已考虑你的健康约束：咖啡因敏感慎用,,
U0336,疲劳,紧张,图书馆/自习室,茶香、苦感,常温,咖啡因敏感慎用,咖啡因敏感慎用常温茶香苦感型,R061,焙茶鲜奶,0.7435,匹配你的身体状态：疲劳；匹配你的场景：图书馆/自习室；匹配你的感官偏好：茶香；已考虑你的健康约束：咖啡因敏感慎用,R075,红茶淡奶油,0.7565,匹配你的身体状态：疲劳；匹配你的场景：图书馆/自习室；匹配你的感官偏好：苦感、茶香；已考虑你的健康约束：咖啡因敏感慎用,R045,荷叶陈皮,0.7945,匹配你的身体状态：疲劳；匹配你的心情状态：紧张；匹配你的感官偏好：苦感；已考虑你的健康约束：咖啡因敏感慎用,,
U0337,疲劳、感觉有点冷,紧张、平静,公园/户外,清爽,热饮,咖啡因敏感慎用,咖啡因敏感慎用热饮清爽型,R038,菊花柠檬草,0.8402,匹配你的身体状态：感觉有点冷、疲劳；匹配你的心情状态：平静、紧张；匹配你的感官偏好：清爽；匹配你的冷热偏好：热饮；已考虑你的健康约束：咖啡因敏感慎用,R055,薰衣草蓝莓,0.8402,匹配你的身体状态：感觉有点冷、疲劳；匹配你的心情状态：平静、紧张；匹配你的感官偏好：清爽；匹配你的冷热偏好：热饮；已考虑你的健康约束：咖啡因敏感慎用,R045,荷叶陈皮,0.8402,匹配你的身体状态：感觉有点冷、疲劳；匹配你的心情状态：平静、紧张；匹配你的感官偏好：清爽；匹配你的冷热偏好：热饮；已考虑你的健康约束：咖啡因敏感慎用,,
U0338,疲劳,紧张,图书馆/自习室,清爽、茶香、咖啡香,热饮,低糖,低糖热饮清爽茶香型,R069,焙茶豆奶,0.8057,匹配你的身体状态：疲劳；匹配你的场景：图书馆/自习室；匹配你的感官偏好：咖啡香、清爽、茶香；匹配你的冷热偏好：热饮；已考虑你的健康约束：低糖,R030,芒果红茶,0.8059,匹配你的身体状态：疲劳；匹配你的心情状态：紧张；匹配你的场景：图书馆/自习室；匹配你的感官偏好：清爽、茶香；已考虑你的健康约束：低糖,R056,陈皮红茶,0.7935,匹配你的身体状态：疲劳；匹配你的场景：图书馆/自习室；匹配你的感官偏好：茶香；匹配你的冷热偏好：热饮；已考虑你的健康约束：低糖,,
U0339,疲劳、口渴,开心,健身房/运动场,酸感、气泡感,冷饮,低糖,低糖冷饮气泡感酸感型,R083,冷萃咖啡椰子水,0.8263,匹配你的身体状态：口渴、疲劳；匹配你的心情状态：开心；匹配你的冷热偏好：冷饮；已考虑你的健康约束：低糖,R081,美式咖啡液橙子,0.8002,匹配你的身体状态：疲劳；匹配你的心情状态：开心；匹配你的感官偏好：酸感；匹配你的冷热偏好：冷饮；已考虑你的健康约束：低糖,R089,可可粉豆奶,0.8002,匹配你的身体状态：疲劳；匹配你的心情状态：开心；匹配你的感官偏好：酸感；匹配你的冷热偏好：冷饮；已考虑你的健康约束：低糖,,
U0340,困倦、口渴,开心,健身房/运动场,酸感、清爽,冷饮,,冷饮清爽酸感型,R113,椰奶荔枝,0.8002,匹配你的身体状态：口渴；匹配你的心情状态：开心；匹配你的感官偏好：清爽；匹配你的冷热偏好：冷饮,R090,黑巧椰乳,0.8002,匹配你的身体状态：口渴；匹配你的心情状态：开心；匹配你的感官偏好：清爽；匹配你的冷热偏好：冷饮,R050,柠檬草橙子,0.7702,匹配你的身体状态：口渴；匹配你的心情状态：开心；匹配你的感官偏好：清爽、酸感,,
U0341,疲劳、困倦,平静,公园/户外,花香、清爽,热饮,低刺激、咖啡因敏感慎用,低刺激热饮清爽花香型,R038,菊花柠檬草,0.8076,匹配你的身体状态：疲劳；匹配你的心情状态：平静；匹配你的感官偏好：清爽、花香；匹配你的冷热偏好：热饮；已考虑你的健康约束：低刺激、咖啡因敏感慎用,R045,荷叶陈皮,0.8076,匹配你的身体状态：疲劳；匹配你的心情状态：平静；匹配你的感官偏好：清爽、花香；匹配你的冷热偏好：热饮；已考虑你的健康约束：低刺激、咖啡因敏感慎用,R055,薰衣草蓝莓,0.8076,匹配你的身体状态：疲劳；匹配你的心情状态：平静；匹配你的感官偏好：清爽、花香；匹配你的冷热偏好：热饮；已考虑你的健康约束：低刺激、咖啡因敏感慎用,,
U0342,疲劳、感觉有点热,烦躁、开心,公园/户外,果香、酸感、气泡感,冷饮,低糖,低糖冷饮果香气泡感型,R083,冷萃咖啡椰子水,0.7767,匹配你的身体状态：疲劳；匹配你的心情状态：开心；匹配你的场景：公园/户外；匹配你的感官偏好：果香；匹配你的冷热偏好：冷饮；已考虑你的健康约束：低糖,R090,黑巧椰乳,0.7766,匹配你的身体状态：疲劳；匹配你的心情状态：开心；匹配你的场景：公园/户外；匹配你的感官偏好：果香；匹配你的冷热偏好：冷饮；已考虑你的健康约束：低糖,R113,椰奶荔枝,0.7766,匹配你的身体状态：疲劳；匹配你的心情状态：开心；匹配你的场景：公园/户外；匹配你的感官偏好：果香；匹配你的冷热偏好：冷饮；已考虑你的健康约束：低糖,,
U0343,疲劳,紧张,图书馆/自习室,茶香、苦感,冷饮,咖啡因敏感慎用,咖啡因敏感慎用冷饮茶香苦感型,R045,荷叶陈皮,0.7968,匹配你的身体状态：疲劳；匹配你的心情状态：紧张；匹配你的感官偏好：苦感；已考虑你的健康约束：咖啡因敏感慎用,R038,菊花柠檬草,0.7881,匹配你的身体状态：疲劳；匹配你的心情状态：紧张；已考虑你的健康约束：咖啡因敏感慎用,R061,焙茶鲜奶,0.7448,匹配你的身体状态：疲劳；匹配你的场景：图书馆/自习室；匹配你的感官偏好：茶香；已考虑你的健康约束：咖啡因敏感慎用,,
U0344,困倦,紧张,地铁/公交/车站,清爽,冷饮,低糖,低糖冷饮清爽型,R083,冷萃咖啡椰子水,0.8072,匹配你的身体状态：困倦；匹配你的感官偏好：清爽；匹配你的冷热偏好：冷饮；已考虑你的健康约束：低糖,R009,桃子轻发酵乌龙,0.8072,匹配你的身体状态：困倦；匹配你的感官偏好：清爽；匹配你的冷热偏好：冷饮；已考虑你的健康约束：低糖,R012,荔枝茉莉绿茶,0.8072,匹配你的身体状态：困倦；匹配你的感官偏好：清爽；匹配你的冷热偏好：冷饮；已考虑你的健康约束：低糖,,
U0345,疲劳、困倦,低落,公园/户外,茶香、花香、清爽,热饮,低刺激,低刺激热饮清爽茶香型,R045,荷叶陈皮,0.8027,匹配你的身体状态：疲劳；匹配你的心情状态：低落；匹配你的感官偏好：清爽、花香；匹配你的冷热偏好：热饮；已考虑你的健康约束：低刺激,R038,菊花柠檬草,0.8027,匹配你的身体状态：疲劳；匹配你的心情状态：低落；匹配你的感官偏好：清爽、花香；匹配你的冷热偏好：热饮；已考虑你的健康约束：低刺激,R055,薰衣草蓝莓,0.8027,匹配你的身体状态：疲劳；匹配你的心情状态：低落；匹配你的感官偏好：清爽、花香；匹配你的冷热偏好：热饮；已考虑你的健康约束：低刺激,,
U0346,疲劳,烦躁、平静,地铁/公交/车站,花香、清爽,常温,低刺激,低刺激常温清爽花香型,R045,荷叶陈皮,0.7873,匹配你的身体状态：疲劳；匹配你的心情状态：平静；匹配你的感官偏好：清爽、花香；已考虑你的健康约束：低刺激,R038,菊花柠檬草,0.7873,匹配你的身体状态：疲劳；匹配你的心情状态：平静；匹配你的感官偏好：清爽、花香；已考虑你的健康约束：低刺激,R043,金银花菊花,0.7513,匹配你的心情状态：平静；匹配你的场景：地铁/公交/车站；匹配你的感官偏好：清爽、花香；匹配你的冷热偏好：常温；已考虑你的健康约束：低刺激,,
U0347,困倦,紧张,图书馆/自习室,清爽、咖啡香、苦感,热饮,咖啡因敏感慎用,咖啡因敏感慎用热饮清爽咖啡香型,R045,荷叶陈皮,0.7651,匹配你的心情状态：紧张；匹配你的感官偏好：清爽、苦感；匹配你的冷热偏好：热饮；已考虑你的健康约束：咖啡因敏感慎用,R038,菊花柠檬草,0.7603,匹配你的心情状态：紧张；匹配你的感官偏好：清爽；匹配你的冷热偏好：热饮；已考虑你的健康约束：咖啡因敏感慎用,R055,薰衣草蓝莓,0.7601,匹配你的心情状态：紧张；匹配你的感官偏好：清爽；匹配你的冷热偏好：热饮；已考虑你的健康约束：咖啡因敏感慎用,,
U0348,疲劳、感觉有点热,平静,公园/户外,清爽,热饮,低刺激,低刺激热饮清爽型,R055,薰衣草蓝莓,0.8076,匹配你的身体状态：疲劳；匹配你的心情状态：平静；匹配你的感官偏好：清爽；匹配你的冷热偏好：热饮；已考虑你的健康约束：低刺激,R037,玫瑰桂花,0.773,匹配你的身体状态：疲劳；匹配你的感官偏好：清爽；匹配你的冷热偏好：热饮；已考虑你的健康约束：低刺激,R040,薰衣草洋甘菊,0.773,匹配你的身体状态：疲劳；匹配你的感官偏好：清爽；匹配你的冷热偏好：热饮；已考虑你的健康约束：低刺激,,
U0349,疲劳、感觉有点冷,低落,公园/户外,茶香、清爽,热饮,咖啡因敏感慎用,咖啡因敏感慎用热饮清爽茶香型,R038,菊花柠檬草,0.8336,匹配你的身体状态：感觉有点冷、疲劳；匹配你的心情状态：低落；匹配你的感官偏好：清爽；匹配你的冷热偏好：热饮；已考虑你的健康约束：咖啡因敏感慎用,R055,薰衣草蓝莓,0.8336,匹配你的身体状态：感觉有点冷、疲劳；匹配你的心情状态：低落；匹配你的感官偏好：清爽；匹配你的冷热偏好：热饮；已考虑你的健康约束：咖啡因敏感慎用,R045,荷叶陈皮,0.8336,匹配你的身体状态：感觉有点冷、疲劳；匹配你的心情状态：低落；匹配你的感官偏好：清爽；匹配你的冷热偏好：热饮；已考虑你的健康约束：咖啡因敏感慎用,,
U0350,困倦,开心,商场/商业街,酸感、清爽,常温,低糖,低糖常温清爽酸感型,R083,冷萃咖啡椰子水,0.7981,匹配你的身体状态：困倦；匹配你的心情状态：开心；匹配你的感官偏好：清爽；已考虑你的健康约束：低糖,R050,柠檬草橙子,0.7717,匹配你的心情状态：开心；匹配你的感官偏好：清爽、酸感；匹配你的冷热偏好：常温；已考虑你的健康约束：低糖,R119,椰子水橙子,0.7717,匹配你的心情状态：开心；匹配你的感官偏好：清爽、酸感；匹配你的冷热偏好：常温；已考虑你的健康约束：低糖,,
U0351,困倦,烦躁,地铁/公交/车站,果香、清爽,冷饮,低糖,低糖冷饮清爽果香型,R083,冷萃咖啡椰子水,0.8072,匹配你的身体状态：困倦；匹配你的感官偏好：果香、清爽；匹配你的冷热偏好：冷饮；已考虑你的健康约束：低糖,R053,百合椰子水,0.6848,匹配你的场景：地铁/公交/车站；匹配你的感官偏好：果香、清爽；已考虑你的健康约束：低糖,R009,桃子轻发酵乌龙,0.8072,匹配你的身体状态：困倦；匹配你的感官偏好：果香、清爽；匹配你的冷热偏好：冷饮；已考虑你的健康约束：低糖,,
U0352,疲劳、困倦,平静,公园/户外,清爽,热饮,低刺激、咖啡因敏感慎用,低刺激热饮清爽型,R045,荷叶陈皮,0.8076,匹配你的身体状态：疲劳；匹配你的心情状态：平静；匹配你的感官偏好：清爽；匹配你的冷热偏好：热饮；已考虑你的健康约束：低刺激、咖啡因敏感慎用,R038,菊花柠檬草,0.8076,匹配你的身体状态：疲劳；匹配你的心情状态：平静；匹配你的感官偏好：清爽；匹配你的冷热偏好：热饮；已考虑你的健康约束：低刺激、咖啡因敏感慎用,R055,薰衣草蓝莓,0.8076,匹配你的身体状态：疲劳；匹配你的心情状态：平静；匹配你的感官偏好：清爽；匹配你的冷热偏好：热饮；已考虑你的健康约束：低刺激、咖啡因敏感慎用,,
U0353,疲劳、困倦,烦躁,公园/户外,苦感、清爽,热饮,咖啡因敏感慎用,咖啡因敏感慎用热饮清爽苦感型,R045,荷叶陈皮,0.773,匹配你的身体状态：疲劳；匹配你的感官偏好：清爽、苦感；匹配你的冷热偏好：热饮；已考虑你的健康约束：咖啡因敏感慎用,R038,菊花柠檬草,0.7597,匹配你的身体状态：疲劳；匹配你的感官偏好：清爽；匹配你的冷热偏好：热饮；已考虑你的健康约束：咖啡因敏感慎用,R055,薰衣草蓝莓,0.7597,匹配你的身体状态：疲劳；匹配你的感官偏好：清爽；匹配你的冷热偏好：热饮；已考虑你的健康约束：咖啡因敏感慎用,,
U0354,疲劳,开心,商场/商业街,花香,热饮,乳糖不耐慎用,乳糖不耐慎用热饮花香型,R045,荷叶陈皮,0.8072,匹配你的身体状态：疲劳；匹配你的感官偏好：花香；匹配你的冷热偏好：热饮；已考虑你的健康约束：乳糖不耐慎用,R038,菊花柠檬草,0.8072,匹配你的身体状态：疲劳；匹配你的感官偏好：花香；匹配你的冷热偏好：热饮；已考虑你的健康约束：乳糖不耐慎用,R015,陈皮普洱茶,0.8072,匹配你的身体状态：疲劳；匹配你的感官偏好：花香；匹配你的冷热偏好：热饮；已考虑你的健康约束：乳糖不耐慎用,,
U0355,疲劳,开心,商场/商业街,清爽、果香,冷饮,低糖,低糖冷饮清爽果香型,R083,冷萃咖啡椰子水,0.8402,匹配你的身体状态：疲劳；匹配你的心情状态：开心；匹配你的感官偏好：果香、清爽；匹配你的冷热偏好：冷饮；已考虑你的健康约束：低糖,R090,黑巧椰乳,0.8394,匹配你的身体状态：疲劳；匹配你的心情状态：开心；匹配你的场景：商场/商业街；匹配你的感官偏好：果香、清爽；匹配你的冷热偏好：冷饮；已考虑你的健康约束：低糖,R089,可可粉豆奶,0.8394,匹配你的身体状态：疲劳；匹配你的心情状态：开心；匹配你的场景：商场/商业街；匹配你的感官偏好：果香、清爽；匹配你的冷热偏好：冷饮；已考虑你的健康约束：低糖,,
U0356,疲劳,开心,地铁/公交/车站,果香、清爽,常温,低糖,低糖常温清爽果香型,R083,冷萃咖啡椰子水,0.8053,匹配你的身体状态：疲劳；匹配你的心情状态：开心；匹配你的感官偏好：果香、清爽；已考虑你的健康约束：低糖,R009,桃子轻发酵乌龙,0.8053,匹配你的身体状态：疲劳；匹配你的心情状态：开心；匹配你的感官偏好：果香、清爽；已考虑你的健康约束：低糖,R012,荔枝茉莉绿茶,0.8053,匹配你的身体状态：疲劳；匹配你的心情状态：开心；匹配你的感官偏好：果香、清爽；已考虑你的健康约束：低糖,,
U0357,疲劳、口渴,开心,健身房/运动场,酸感、清爽,冷饮,低糖,低糖冷饮清爽酸感型,R090,黑巧椰乳,0.8336,匹配你的身体状态：口渴、疲劳；匹配你的心情状态：开心；匹配你的感官偏好：清爽；匹配你的冷热偏好：冷饮；已考虑你的健康约束：低糖,R113,椰奶荔枝,0.8336,匹配你的身体状态：口渴、疲劳；匹配你的心情状态：开心；匹配你的感官偏好：清爽；匹配你的冷热偏好：冷饮；已考虑你的健康约束：低糖,R089,可可粉豆奶,0.8076,匹配你的身体状态：疲劳；匹配你的心情状态：开心；匹配你的感官偏好：清爽、酸感；匹配你的冷热偏好：冷饮；已考虑你的健康约束：低糖,,
U0358,疲劳、困倦,平静,地铁/公交/车站,甜感,热饮,乳糖不耐慎用,乳糖不耐慎用热饮甜感型,R056,陈皮红茶,0.8072,匹配你的身体状态：困倦、疲劳；匹配你的感官偏好：甜感；匹配你的冷热偏好：热饮；已考虑你的健康约束：乳糖不耐慎用,R039,茉莉花白茶,0.8402,匹配你的身体状态：困倦、疲劳；匹配你的心情状态：平静；匹配你的感官偏好：甜感；匹配你的冷热偏好：热饮；已考虑你的健康约束：乳糖不耐慎用,R030,芒果红茶,0.8053,匹配你的身体状态：困倦、疲劳；匹配你的心情状态：平静；匹配你的感官偏好：甜感；已考虑你的健康约束：乳糖不耐慎用,,
U0359,疲劳、口渴,平静,健身房/运动场,茶香、清爽,冷饮,低糖,低糖冷饮清爽茶香型,R002,青柠茉莉绿茶,0.773,匹配你的身体状态：疲劳；匹配你的感官偏好：清爽、茶香；匹配你的冷热偏好：冷饮；已考虑你的健康约束：低糖,R027,柠檬轻发酵乌龙,0.773,匹配你的身体状态：疲劳；匹配你的感官偏好：清爽、茶香；匹配你的冷热偏好：冷饮；已考虑你的健康约束：低糖,R009,桃子轻发酵乌龙,0.773,匹配你的身体状态：疲劳；匹配你的感官偏好：清爽、茶香；匹配你的冷热偏好：冷饮；已考虑你的健康约束：低糖,,
U0360,疲劳、困倦,紧张,地铁/公交/车站,清爽,热饮,咖啡因敏感慎用,咖啡因敏感慎用热饮清爽型,R045,荷叶陈皮,0.8076,匹配你的身体状态：疲劳；匹配你的心情状态：紧张；匹配你的感官偏好：清爽；匹配你的冷热偏好：热饮；已考虑你的健康约束：咖啡因敏感慎用,R038,菊花柠檬草,0.8076,匹配你的身体状态：疲劳；匹配你的心情状态：紧张；匹配你的感官偏好：清爽；匹配你的冷热偏好：热饮；已考虑你的健康约束：咖啡因敏感慎用,R055,薰衣草蓝莓,0.8076,匹配你的身体状态：疲劳；匹配你的心情状态：紧张；匹配你的感官偏好：清爽；匹配你的冷热偏好：热饮；已考虑你的健康约束：咖啡因敏感慎用,,
U0361,疲劳、感觉有点热,开心,公园/户外,清爽、酸感,冷饮,低糖,低糖冷饮清爽酸感型,R113,椰奶荔枝,0.8048,匹配你的身体状态：疲劳；匹配你的心情状态：开心；匹配你的场景：公园/户外；匹配你的感官偏好：清爽；匹配你的冷热偏好：冷饮；已考虑你的健康约束：低糖,R090,黑巧椰乳,0.8048,匹配你的身体状态：疲劳；匹配你的心情状态：开心；匹配你的场景：公园/户外；匹配你的感官偏好：清爽；匹配你的冷热偏好：冷饮；已考虑你的健康约束：低糖,R107,椰子水西瓜,0.8048,匹配你的身体状态：感觉有点热；匹配你的心情状态：开心；匹配你的场景：公园/户外；匹配你的感官偏好：清爽；匹配你的冷热偏好：冷饮；已考虑你的健康约束：低糖,,
U0362,困倦,开心,地铁/公交/车站,清爽,热饮,乳糖不耐慎用,乳糖不耐慎用热饮清爽型,R055,薰衣草蓝莓,0.7347,匹配你的感官偏好：清爽；匹配你的冷热偏好：热饮；已考虑你的健康约束：乳糖不耐慎用,R009,桃子轻发酵乌龙,0.8053,匹配你的身体状态：困倦；匹配你的心情状态：开心；匹配你的感官偏好：清爽；已考虑你的健康约束：乳糖不耐慎用,R012,荔枝茉莉绿茶,0.8053,匹配你的身体状态：困倦；匹配你的心情状态：开心；匹配你的感官偏好：清爽；已考虑你的健康约束：乳糖不耐慎用,,
U0363,疲劳、感觉有点热,烦躁,公园/户外,花香、气泡感,冷饮,,冷饮花香气泡感型,R053,百合椰子水,0.675,匹配你的感官偏好：花香,R043,金银花菊花,0.675,匹配你的感官偏好：花香,R050,柠檬草橙子,0.675,匹配你的感官偏好：花香,,
U0364,疲劳,低落,图书馆/自习室,花香,热饮,低刺激,低刺激热饮花香型,R061,焙茶鲜奶,0.8255,匹配你的身体状态：疲劳；匹配你的心情状态：低落；匹配你的场景：图书馆/自习室；匹配你的冷热偏好：热饮；已考虑你的健康约束：低刺激,R075,红茶淡奶油,0.8255,匹配你的身体状态：疲劳；匹配你的心情状态：低落；匹配你的场景：图书馆/自习室；匹配你的冷热偏好：热饮；已考虑你的健康约束：低刺激,R069,焙茶豆奶,0.835,匹配你的身体状态：疲劳；匹配你的心情状态：低落；匹配你的场景：图书馆/自习室；匹配你的感官偏好：花香；匹配你的冷热偏好：热饮；已考虑你的健康约束：低刺激,,
U0365,疲劳、感觉有点冷,低落,公园/户外,甜感,热饮,低糖,低糖热饮甜感型,R045,荷叶陈皮,0.8402,匹配你的身体状态：感觉有点冷、疲劳；匹配你的心情状态：低落；匹配你的感官偏好：甜感；匹配你的冷热偏好：热饮；已考虑你的健康约束：低糖,R038,菊花柠檬草,0.8402,匹配你的身体状态：感觉有点冷、疲劳；匹配你的心情状态：低落；匹配你的感官偏好：甜感；匹配你的冷热偏好：热饮；已考虑你的健康约束：低糖,R008,苹果玄米茶,0.8076,匹配你的身体状态：疲劳；匹配你的心情状态：低落；匹配你的感官偏好：甜感；匹配你的冷热偏好：热饮；已考虑你的健康约束：低糖,,
U0366,疲劳,平静,商场/商业街,花香,冷饮,乳糖不耐慎用,乳糖不耐慎用冷饮花香型,R045,荷叶陈皮,0.8053,匹配你的身体状态：疲劳；匹配你的心情状态：平静；匹配你的感官偏好：花香；已考虑你的健康约束：乳糖不耐慎用,R015,陈皮普洱茶,0.8053,匹配你的身体状态：疲劳；匹配你的心情状态：平静；匹配你的感官偏好：花香；已考虑你的健康约束：乳糖不耐慎用,R031,陈皮玄米茶,0.8053,匹配你的身体状态：疲劳；匹配你的心情状态：平静；匹配你的感官偏好：花香；已考虑你的健康约束：乳糖不耐慎用,,
U0367,困倦、感觉有点热,平静,公园/户外,清爽,热饮,低刺激、咖啡因敏感慎用,低刺激热饮清爽型,R055,薰衣草蓝莓,0.7716,匹配你的心情状态：平静；匹配你的感官偏好：清爽；匹配你的冷热偏好：热饮；已考虑你的健康约束：低刺激、咖啡因敏感慎用,R043,金银花菊花,0.7351,匹配你的心情状态：平静；匹配你的感官偏好：清爽；已考虑你的健康约束：低刺激、咖啡因敏感慎用,R038,菊花柠檬草,0.7716,匹配你的心情状态：平静；匹配你的感官偏好：清爽；匹配你的冷热偏好：热饮；已考虑你的健康约束：低刺激、咖啡因敏感慎用,,
U0368,疲劳、困倦,紧张,图书馆/自习室,清爽,热饮,咖啡因敏感慎用,咖啡因敏感慎用热饮清爽型,R045,荷叶陈皮,0.8075,匹配你的身体状态：疲劳；匹配你的心情状态：紧张；匹配你的感官偏好：清爽；匹配你的冷热偏好：热饮；已考虑你的健康约束：咖啡因敏感慎用,R038,菊花柠檬草,0.8075,匹配你的身体状态：疲劳；匹配你的心情状态：紧张；匹配你的感官偏好：清爽；匹配你的冷热偏好：热饮；已考虑你的健康约束：咖啡因敏感慎用,R055,薰衣草蓝莓,0.8075,匹配你的身体状态：疲劳；匹配你的心情状态：紧张；匹配你的感官偏好：清爽；匹配你的冷热偏好：热饮；已考虑你的健康约束：咖啡因敏感慎用,,
U0369,疲劳,开心,地铁/公交/车站,奶香,热饮,,热饮奶香型,R056,陈皮红茶,0.8262,匹配你的身体状态：疲劳；匹配你的心情状态：开心；匹配你的冷热偏好：热饮,R069,焙茶豆奶,0.8401,匹配你的身体状态：疲劳；匹配你的心情状态：开心；匹配你的感官偏好：奶香；匹配你的冷热偏好：热饮,R039,茉莉花白茶,0.786,匹配你的身体状态：疲劳；匹配你的冷热偏好：热饮,,
U0370,疲劳、感觉有点热,开心,公园/户外,茶香、果香,冷饮,低糖,低糖冷饮茶香果香型,R083,冷萃咖啡椰子水,0.8048,匹配你的身体状态：疲劳；匹配你的心情状态：开心；匹配你的场景：公园/户外；匹配你的感官偏好：果香；匹配你的冷热偏好：冷饮；已考虑你的健康约束：低糖,R009,桃子轻发酵乌龙,0.8076,匹配你的身体状态：疲劳；匹配你的心情状态：开心；匹配你的感官偏好：果香、茶香；匹配你的冷热偏好：冷饮；已考虑你的健康约束：低糖,R012,荔枝茉莉绿茶,0.8076,匹配你的身体状态：疲劳；匹配你的心情状态：开心；匹配你的感官偏好：果香、茶香；匹配你的冷热偏好：冷饮；已考虑你的健康约束：低糖,,
U0371,疲劳,紧张、烦躁,地铁/公交/车站,甜感、气泡感、清爽,热饮,,热饮清爽气泡感型,R055,薰衣草蓝莓,0.8174,匹配你的身体状态：疲劳；匹配你的心情状态：紧张；匹配你的感官偏好：清爽、甜感；匹配你的冷热偏好：热饮,R049,洋甘菊苹果,0.7991,匹配你的身体状态：疲劳；匹配你的感官偏好：清爽、甜感；匹配你的冷热偏好：热饮,R083,冷萃咖啡椰子水,0.7629,匹配你的身体状态：疲劳；匹配你的感官偏好：清爽、甜感,,
U0372,困倦,平静,图书馆/自习室,花香,热饮,乳糖不耐慎用,乳糖不耐慎用热饮花香型,R069,焙茶豆奶,0.8045,匹配你的身体状态：困倦；匹配你的场景：图书馆/自习室；匹配你的感官偏好：花香；匹配你的冷热偏好：热饮；已考虑你的健康约束：乳糖不耐慎用,R030,芒果红茶,0.7978,匹配你的身体状态：困倦；匹配你的心情状态：平静；匹配你的场景：图书馆/自习室；已考虑你的健康约束：乳糖不耐慎用,R082,咖啡椰乳,0.7858,匹配你的身体状态：困倦；匹配你的场景：图书馆/自习室；匹配你的冷热偏好：热饮；已考虑你的健康约束：乳糖不耐慎用,,
U0373,疲劳,烦躁,商场/商业街,酸感、清爽,冷饮,低糖,低糖冷饮清爽酸感型,R083,冷萃咖啡椰子水,0.7955,匹配你的身体状态：疲劳；匹配你的感官偏好：清爽；匹配你的冷热偏好：冷饮；已考虑你的健康约束：低糖,R090,黑巧椰乳,0.7966,匹配你的身体状态：疲劳；匹配你的场景：商场/商业街；匹配你的感官偏好：清爽；匹配你的冷热偏好：冷饮；已考虑你的健康约束：低糖,R089,可可粉豆奶,0.8058,匹配你的身体状态：疲劳；匹配你的场景：商场/商业街；匹配你的感官偏好：清爽、酸感；匹配你的冷热偏好：冷饮；已考虑你的健康约束：低糖,,
U0374,疲劳,烦躁、紧张,学校/教学楼,咖啡香、苦感,热饮,咖啡因敏感慎用,咖啡因敏感慎用热饮咖啡香苦感型,R045,荷叶陈皮,0.8131,匹配你的身体状态：疲劳；匹配你的心情状态：紧张；匹配你的感官偏好：苦感；匹配你的冷热偏好：热饮；已考虑你的健康约束：咖啡因敏感慎用,R061,焙茶鲜奶,0.7858,匹配你的身体状态：疲劳；匹配你的场景：学校/教学楼；匹配你的感官偏好：咖啡香；匹配你的冷热偏好：热饮；已考虑你的健康约束：咖啡因敏感慎用,R075,红茶淡奶油,0.7858,匹配你的身体状态：疲劳；匹配你的场景：学校/教学楼；匹配你的感官偏好：苦感；匹配你的冷热偏好：热饮；已考虑你的健康约束：咖啡因敏感慎用,,
U0375,疲劳,紧张,地铁/公交/车站,苦感,冷饮,咖啡因敏感慎用,咖啡因敏感慎用冷饮苦感型,R045,荷叶陈皮,0.8051,匹配你的身体状态：疲劳；匹配你的心情状态：紧张；匹配你的感官偏好：苦感；已考虑你的健康约束：咖啡因敏感慎用,R038,菊花柠檬草,0.7892,匹配你的身体状态：疲劳；匹配你的心情状态：紧张；已考虑你的健康约束：咖啡因敏感慎用,R055,薰衣草蓝莓,0.7891,匹配你的身体状态：疲劳；匹配你的心情状态：紧张；已考虑你的健康约束：咖啡因敏感慎用,,
U0376,困倦,低落、开心,商场/商业街,清爽,热饮,乳糖不耐慎用,乳糖不耐慎用热饮清爽型,R055,薰衣草蓝莓,0.7517,匹配你的心情状态：低落；匹配你的感官偏好：清爽；匹配你的冷热偏好：热饮；已考虑你的健康约束：乳糖不耐慎用,R009,桃子轻发酵乌龙,0.7876,匹配你的身体状态：困倦；匹配你的心情状态：开心；匹配你的感官偏好：清爽；已考虑你的健康约束：乳糖不耐慎用,R012,荔枝茉莉绿茶,0.7876,匹配你的身体状态：困倦；匹配你的心情状态：开心；匹配你的感官偏好：清爽；已考虑你的健康约束：乳糖不耐慎用,,
U0377,疲劳,烦躁,地铁/公交/车站,果香、气泡感,冷饮,,冷饮果香气泡感型,R002,青柠茉莉绿茶,0.7954,匹配你的身体状态：疲劳；匹配你的感官偏好：果香；匹配你的冷热偏好：冷饮,R027,柠檬轻发酵乌龙,0.7954,匹配你的身体状态：疲劳；匹配你的感官偏好：果香；匹配你的冷热偏好：冷饮,R009,桃子轻发酵乌龙,0.7954,匹配你的身体状态：疲劳；匹配你的感官偏好：果香；匹配你的冷热偏好：冷饮,,
U0378,疲劳,平静,商场/商业街,清爽、果香,冷饮,低糖,低糖冷饮清爽果香型,R083,冷萃咖啡椰子水,0.8073,匹配你的身体状态：疲劳；匹配你的感官偏好：果香、清爽；匹配你的冷热偏好：冷饮；已考虑你的健康约束：低糖,R081,美式咖啡液橙子,0.8072,匹配你的身体状态：疲劳；匹配你的感官偏好：果香、清爽；匹配你的冷热偏好：冷饮；已考虑你的健康约束：低糖,R009,桃子轻发酵乌龙,0.8072,匹配你的身体状态：疲劳；匹配你的感官偏好：果香、清爽；匹配你的冷热偏好：冷饮；已考虑你的健康约束：低糖,,
U0379,困倦,平静,地铁/公交/车站,清爽,热饮,低糖、乳糖不耐慎用,低糖热饮清爽型,R015,陈皮普洱茶,0.8402,匹配你的身体状态：困倦；匹配你的心情状态：平静；匹配你的感官偏好：清爽；匹配你的冷热偏好：热饮；已考虑你的健康约束：低糖、乳糖不耐慎用,R031,陈皮玄米茶,0.8402,匹配你的身体状态：困倦；匹配你的心情状态：平静；匹配你的感官偏好：清爽；匹配你的冷热偏好：热饮；已考虑你的健康约束：低糖、乳糖不耐慎用,R020,草莓玄米茶,0.8402,匹配你的身体状态：困倦；匹配你的心情状态：平静；匹配你的感官偏好：清爽；匹配你的冷热偏好：热饮；已考虑你的健康约束：低糖、乳糖不耐慎用,,
U0380,疲劳、感觉有点冷,平静,公园/户外,咖啡香、苦感,热饮,咖啡因敏感慎用,咖啡因敏感慎用热饮咖啡香苦感型,R045,荷叶陈皮,0.8328,匹配你的身体状态：感觉有点冷、疲劳；匹配你的心情状态：平静；匹配你的感官偏好：苦感；匹配你的冷热偏好：热饮；已考虑你的健康约束：咖啡因敏感慎用,R038,菊花柠檬草,0.8253,匹配你的身体状态：感觉有点冷、疲劳；匹配你的心情状态：平静；匹配你的冷热偏好：热饮；已考虑你的健康约束：咖啡因敏感慎用,R055,薰衣草蓝莓,0.8251,匹配你的身体状态：感觉有点冷、疲劳；匹配你的心情状态：平静；匹配你的冷热偏好：热饮；已考虑你的健康约束：咖啡因敏感慎用,,
U0381,疲劳、感觉有点冷,平静,公园/户外,茶香、花香,热饮,低刺激,低刺激热饮茶香花香型,R045,荷叶陈皮,0.8329,匹配你的身体状态：感觉有点冷、疲劳；匹配你的心情状态：平静；匹配你的感官偏好：花香；匹配你的冷热偏好：热饮；已考虑你的健康约束：低刺激,R038,菊花柠檬草,0.8328,匹配你的身体状态：感觉有点冷、疲劳；匹配你的心情状态：平静；匹配你的感官偏好：花香；匹配你的冷热偏好：热饮；已考虑你的健康约束：低刺激,R061,焙茶鲜奶,0.7529,匹配你的身体状态：疲劳；匹配你的感官偏好：茶香；匹配你的冷热偏好：热饮；已考虑你的健康约束：低刺激,,
U0382,困倦,低落,图书馆/自习室,茶香,热饮,低刺激、乳糖不耐慎用,低刺激热饮茶香型,R069,焙茶豆奶,0.8342,匹配你的身体状态：困倦；匹配你的心情状态：低落；匹配你的场景：图书馆/自习室；匹配你的感官偏好：茶香；匹配你的冷热偏好：热饮；已考虑你的健康约束：低刺激、乳糖不耐慎用,R082,咖啡椰乳,0.8244,匹配你的身体状态：困倦；匹配你的心情状态：低落；匹配你的场景：图书馆/自习室；匹配你的冷热偏好：热饮；已考虑你的健康约束：低刺激、乳糖不耐慎用,R030,芒果红茶,0.7623,匹配你的身体状态：困倦；匹配你的场景：图书馆/自习室；匹配你的感官偏好：茶香；已考虑你的健康约束：低刺激、乳糖不耐慎用,,
U0383,疲劳,烦躁,地铁/公交/车站,清爽、气泡感,热饮,低糖,低糖热饮清爽气泡感型,R009,桃子轻发酵乌龙,0.7592,匹配你的身体状态：疲劳；匹配你的感官偏好：清爽；已考虑你的健康约束：低糖,R012,荔枝茉莉绿茶,0.7592,匹配你的身体状态：疲劳；匹配你的感官偏好：清爽；已考虑你的健康约束：低糖,R033,草莓茉莉绿茶,0.7592,匹配你的身体状态：疲劳；匹配你的感官偏好：清爽；已考虑你的健康约束：低糖,,
U0384,疲劳,烦躁、平静,图书馆/自习室,茶香、果香,冷饮,低糖,低糖冷饮茶香果香型,R030,芒果红茶,0.8093,匹配你的身体状态：疲劳；匹配你的心情状态：平静、烦躁；匹配你的场景：图书馆/自习室；匹配你的感官偏好：果香、茶香；已考虑你的健康约束：低糖,R061,焙茶鲜奶,0.7566,匹配你的身体状态：疲劳；匹配你的场景：图书馆/自习室；匹配你的感官偏好：茶香；已考虑你的健康约束：低糖,R075,红茶淡奶油,0.7566,匹配你的身体状态：疲劳；匹配你的场景：图书馆/自习室；匹配你的感官偏好：茶香；已考虑你的健康约束：低糖,,
U0385,疲劳,开心、平静,地铁/公交/车站,果香,热饮,乳糖不耐慎用,乳糖不耐慎用热饮果香型,R022,苹果茉莉绿茶,0.7876,匹配你的身体状态：疲劳；匹配你的心情状态：平静；匹配你的感官偏好：果香；已考虑你的健康约束：乳糖不耐慎用,R020,草莓玄米茶,0.8227,匹配你的身体状态：疲劳；匹配你的心情状态：平静；匹配你的感官偏好：果香；匹配你的冷热偏好：热饮；已考虑你的健康约束：乳糖不耐慎用,R014,葡萄焙茶,0.8227,匹配你的身体状态：疲劳；匹配你的心情状态：平静；匹配你的感官偏好：果香；匹配你的冷热偏好：热饮；已考虑你的健康约束：乳糖不耐慎用,,
U0386,疲劳、困倦,开心,公园/户外,花香、甜感,热饮,低糖,低糖热饮花香甜感型,R038,菊花柠檬草,0.773,匹配你的身体状态：疲劳；匹配你的感官偏好：甜感、花香；匹配你的冷热偏好：热饮；已考虑你的健康约束：低糖,R045,荷叶陈皮,0.773,匹配你的身体状态：疲劳；匹配你的感官偏好：甜感、花香；匹配你的冷热偏好：热饮；已考虑你的健康约束：低糖,R055,薰衣草蓝莓,0.773,匹配你的身体状态：疲劳；匹配你的感官偏好：甜感、花香；匹配你的冷热偏好：热饮；已考虑你的健康约束：低糖,,
U0387,疲劳,紧张、平静,图书馆/自习室,清爽,冷饮,咖啡因敏感慎用,咖啡因敏感慎用冷饮清爽型,R045,荷叶陈皮,0.8053,匹配你的身体状态：疲劳；匹配你的心情状态：平静、紧张；匹配你的感官偏好：清爽；已考虑你的健康约束：咖啡因敏感慎用,R038,菊花柠檬草,0.8053,匹配你的身体状态：疲劳；匹配你的心情状态：平静、紧张；匹配你的感官偏好：清爽；已考虑你的健康约束：咖啡因敏感慎用,R055,薰衣草蓝莓,0.8053,匹配你的身体状态：疲劳；匹配你的心情状态：平静、紧张；匹配你的感官偏好：清爽；已考虑你的健康约束：咖啡因敏感慎用,,
U0388,疲劳、感觉有点冷,开心,公园/户外,花香,热饮,低糖,低糖热饮花香型,R038,菊花柠檬草,0.8072,匹配你的身体状态：感觉有点冷、疲劳；匹配你的感官偏好：花香；匹配你的冷热偏好：热饮；已考虑你的健康约束：低糖,R045,荷叶陈皮,0.8072,匹配你的身体状态：感觉有点冷、疲劳；匹配你的感官偏好：花香；匹配你的冷热偏好：热饮；已考虑你的健康约束：低糖,R055,薰衣草蓝莓,0.8071,匹配你的身体状态：感觉有点冷、疲劳；匹配你的感官偏好：花香；匹配你的冷热偏好：热饮；已考虑你的健康约束：低糖,,
U0389,困倦,烦躁,商场/商业街,清爽、气泡感,冷饮,低糖,低糖冷饮清爽气泡感型,R083,冷萃咖啡椰子水,0.7955,匹配你的身体状态：困倦；匹配你的感官偏好：清爽；匹配你的冷热偏好：冷饮；已考虑你的健康约束：低糖,R050,柠檬草橙子,0.6751,匹配你的感官偏好：清爽；已考虑你的健康约束：低糖,R119,椰子水橙子,0.6751,匹配你的感官偏好：清爽；已考虑你的健康约束：低糖,,
U0390,困倦、感觉有点冷,烦躁、紧张,公园/户外,茶香、苦感,热饮,咖啡因敏感慎用,咖啡因敏感慎用热饮茶香苦感型,R045,荷叶陈皮,0.7769,匹配你的身体状态：感觉有点冷；匹配你的心情状态：紧张；匹配你的感官偏好：苦感；匹配你的冷热偏好：热饮；已考虑你的健康约束：咖啡因敏感慎用,R038,菊花柠檬草,0.7674,匹配你的身体状态：感觉有点冷；匹配你的心情状态：紧张；匹配你的冷热偏好：热饮；已考虑你的健康约束：咖啡因敏感慎用,R061,焙茶鲜奶,0.7482,匹配你的身体状态：困倦；匹配你的感官偏好：茶香；匹配你的冷热偏好：热饮；已考虑你的健康约束：咖啡因敏感慎用,,
U0391,疲劳、困倦,烦躁,公园/户外,花香,热饮,咖啡因敏感慎用,咖啡因敏感慎用热饮花香型,R045,荷叶陈皮,0.7725,匹配你的身体状态：疲劳；匹配你的感官偏好：花香；匹配你的冷热偏好：热饮；已考虑你的健康约束：咖啡因敏感慎用,R038,菊花柠檬草,0.7724,匹配你的身体状态：疲劳；匹配你的感官偏好：花香；匹配你的冷热偏好：热饮；已考虑你的健康约束：咖啡因敏感慎用,R055,薰衣草蓝莓,0.7722,匹配你的身体状态：疲劳；匹配你的感官偏好：花香；匹配你的冷热偏好：热饮；已考虑你的健康约束：咖啡因敏感慎用,,
U0392,疲劳、困倦,烦躁,地铁/公交/车站,咖啡香、清爽、苦感,热饮,咖啡因敏感慎用,咖啡因敏感慎用热饮清爽咖啡香型,R045,荷叶陈皮,0.7639,匹配你的身体状态：疲劳；匹配你的感官偏好：清爽、苦感；匹配你的冷热偏好：热饮；已考虑你的健康约束：咖啡因敏感慎用,R038,菊花柠檬草,0.7552,匹配你的身体状态：疲劳；匹配你的感官偏好：清爽；匹配你的冷热偏好：热饮；已考虑你的健康约束：咖啡因敏感慎用,R055,薰衣草蓝莓,0.7551,匹配你的身体状态：疲劳；匹配你的感官偏好：清爽；匹配你的冷热偏好：热饮；已考虑你的健康约束：咖啡因敏感慎用,,
U0393,困倦,烦躁、平静,地铁/公交/车站,咖啡香、清爽、苦感,常温,咖啡因敏感慎用,咖啡因敏感慎用常温清爽咖啡香型,R045,荷叶陈皮,0.7014,匹配你的心情状态：平静；匹配你的感官偏好：清爽、苦感；已考虑你的健康约束：咖啡因敏感慎用,R038,菊花柠檬草,0.6929,匹配你的心情状态：平静；匹配你的感官偏好：清爽；已考虑你的健康约束：咖啡因敏感慎用,R043,金银花菊花,0.7389,匹配你的心情状态：平静；匹配你的场景：地铁/公交/车站；匹配你的感官偏好：清爽；匹配你的冷热偏好：常温；已考虑你的健康约束：咖啡因敏感慎用,,
U0394,口渴、疲劳,烦躁、开心,健身房/运动场,果香、酸感、清爽,冷饮,低糖,低糖冷饮清爽果香型,R090,黑巧椰乳,0.8174,匹配你的身体状态：口渴、疲劳；匹配你的心情状态：开心；匹配你的感官偏好：果香、清爽；匹配你的冷热偏好：冷饮；已考虑你的健康约束：低糖,R113,椰奶荔枝,0.8174,匹配你的身体状态：口渴、疲劳；匹配你的心情状态：开心；匹配你的感官偏好：果香、清爽；匹配你的冷热偏好：冷饮；已考虑你的健康约束：低糖,R083,冷萃咖啡椰子水,0.8174,匹配你的身体状态：口渴、疲劳；匹配你的心情状态：开心；匹配你的感官偏好：果香、清爽；匹配你的冷热偏好：冷饮；已考虑你的健康约束：低糖,,
U0395,疲劳,烦躁,商场/商业街,果香、气泡感、清爽,常温,低糖,低糖常温清爽果香型,R083,冷萃咖啡椰子水,0.763,匹配你的身体状态：疲劳；匹配你的感官偏好：果香、清爽；已考虑你的健康约束：低糖,R081,美式咖啡液橙子,0.7629,匹配你的身体状态：疲劳；匹配你的感官偏好：果香、清爽；已考虑你的健康约束：低糖,R053,百合椰子水,0.7255,匹配你的感官偏好：果香、清爽；匹配你的冷热偏好：常温；已考虑你的健康约束：低糖,,
U0396,疲劳,平静,图书馆/自习室,清爽、果香,冷饮,低糖,低糖冷饮清爽果香型,R006,草莓红茶,0.8058,匹配你的身体状态：疲劳；匹配你的场景：图书馆/自习室；匹配你的感官偏好：果香、清爽；匹配你的冷热偏好：冷饮；已考虑你的健康约束：低糖,R023,西瓜绿茶,0.8058,匹配你的身体状态：疲劳；匹配你的场景：图书馆/自习室；匹配你的感官偏好：果香、清爽；匹配你的冷热偏好：冷饮；已考虑你的健康约束：低糖,R009,桃子轻发酵乌龙,0.8058,匹配你的身体状态：疲劳；匹配你的场景：图书馆/自习室；匹配你的感官偏好：果香、清爽；匹配你的冷热偏好：冷饮；已考虑你的健康约束：低糖,,
U0397,良好,平静,学校/教学楼,清爽,热饮,咖啡因敏感慎用,咖啡因敏感慎用热饮清爽型,R045,荷叶陈皮,0.7715,匹配你的心情状态：平静；匹配你的感官偏好：清爽；匹配你的冷热偏好：热饮；已考虑你的健康约束：咖啡因敏感慎用,R038,菊花柠檬草,0.7715,匹配你的心情状态：平静；匹配你的感官偏好：清爽；匹配你的冷热偏好：热饮；已考虑你的健康约束：咖啡因敏感慎用,R055,薰衣草蓝莓,0.7714,匹配你的心情状态：平静；匹配你的感官偏好：清爽；匹配你的冷热偏好：热饮；已考虑你的健康约束：咖啡因敏感慎用,,
U0398,疲劳,开心、烦躁,商场/商业街,花香、气泡感,热饮,低糖,低糖热饮花香气泡感型,R038,菊花柠檬草,0.7955,匹配你的身体状态：疲劳；匹配你的感官偏好：花香；匹配你的冷热偏好：热饮；已考虑你的健康约束：低糖,R045,荷叶陈皮,0.7954,匹配你的身体状态：疲劳；匹配你的感官偏好：花香；匹配你的冷热偏好：热饮；已考虑你的健康约束：低糖,R055,薰衣草蓝莓,0.7954,匹配你的身体状态：疲劳；匹配你的感官偏好：花香；匹配你的冷热偏好：热饮；已考虑你的健康约束：低糖,,
U0399,疲劳、感觉有点热,开心,公园/户外,清爽,冷饮,低糖,低糖冷饮清爽型,R113,椰奶荔枝,0.8099,匹配你的身体状态：疲劳；匹配你的心情状态：开心；匹配你的场景：公园/户外；匹配你的感官偏好：清爽；匹配你的冷热偏好：冷饮；已考虑你的健康约束：低糖,R090,黑巧椰乳,0.8099,匹配你的身体状态：疲劳；匹配你的心情状态：开心；匹配你的场景：公园/户外；匹配你的感官偏好：清爽；匹配你的冷热偏好：冷饮；已考虑你的健康约束：低糖,R050,柠檬草橙子,0.7352,匹配你的心情状态：开心；匹配你的感官偏好：清爽；已考虑你的健康约束：低糖,,
U0400,困倦,紧张,学校/教学楼,清爽,冷饮,,冷饮清爽型,R002,青柠茉莉绿茶,0.8058,匹配你的身体状态：困倦；匹配你的场景：学校/教学楼；匹配你的感官偏好：清爽；匹配你的冷热偏好：冷饮,R027,柠檬轻发酵乌龙,0.8058,匹配你的身体状态：困倦；匹配你的场景：学校/教学楼；匹配你的感官偏好：清爽；匹配你的冷热偏好：冷饮,R009,桃子轻发酵乌龙,0.8058,匹配你的身体状态：困倦；匹配你的场景：学校/教学楼；匹配你的感官偏好：清爽；匹配你的冷热偏好：冷饮,,
U0401,困倦,低落,商场/商业街,茶香,热饮,低刺激、乳糖不耐慎用,低刺激热饮茶香型,R045,荷叶陈皮,0.7547,匹配你的心情状态：低落；匹配你的冷热偏好：热饮；已考虑你的健康约束：低刺激、乳糖不耐慎用,R069,焙茶豆奶,0.8359,匹配你的身体状态：困倦；匹配你的心情状态：低落；匹配你的感官偏好：茶香；匹配你的冷热偏好：热饮；已考虑你的健康约束：低刺激、乳糖不耐慎用,R030,芒果红茶,0.765,匹配你的身体状态：困倦；匹配你的感官偏好：茶香；已考虑你的健康约束：低刺激、乳糖不耐慎用,,
U0402,疲劳、口渴,开心,健身房/运动场,清爽,冷饮,低糖,低糖冷饮清爽型,R083,冷萃咖啡椰子水,0.8402,匹配你的身体状态：口渴、疲劳；匹配你的心情状态：开心；匹配你的感官偏好：清爽；匹配你的冷热偏好：冷饮；已考虑你的健康约束：低糖,R090,黑巧椰乳,0.8402,匹配你的身体状态：口渴、疲劳；匹配你的心情状态：开心；匹配你的感官偏好：清爽；匹配你的冷热偏好：冷饮；已考虑你的健康约束：低糖,R049,洋甘菊苹果,0.8053,匹配你的身体状态：口渴、疲劳；匹配你的心情状态：开心；匹配你的感官偏好：清爽；已考虑你的健康约束：低糖,,
U0403,疲劳,开心,地铁/公交/车站,清爽,热饮,低糖、乳糖不耐慎用,低糖热饮清爽型,R009,桃子轻发酵乌龙,0.8053,匹配你的身体状态：疲劳；匹配你的心情状态：开心；匹配你的感官偏好：清爽；已考虑你的健康约束：低糖、乳糖不耐慎用,R012,荔枝茉莉绿茶,0.8053,匹配你的身体状态：疲劳；匹配你的心情状态：开心；匹配你的感官偏好：清爽；已考虑你的健康约束：低糖、乳糖不耐慎用,R033,草莓茉莉绿茶,0.8053,匹配你的身体状态：疲劳；匹配你的心情状态：开心；匹配你的感官偏好：清爽；已考虑你的健康约束：低糖、乳糖不耐慎用,,
U0404,疲劳、感觉有点热,开心、烦躁,公园/户外,甜感、气泡感、清爽,冷饮,低糖,低糖冷饮清爽气泡感型,R113,椰奶荔枝,0.7817,匹配你的身体状态：疲劳；匹配你的心情状态：开心；匹配你的场景：公园/户外；匹配你的感官偏好：清爽、甜感；匹配你的冷热偏好：冷饮；已考虑你的健康约束：低糖,R090,黑巧椰乳,0.7817,匹配你的身体状态：疲劳；匹配你的心情状态：开心；匹配你的场景：公园/户外；匹配你的感官偏好：清爽、甜感；匹配你的冷热偏好：冷饮；已考虑你的健康约束：低糖,R048,玫瑰草莓,0.7817,匹配你的身体状态：感觉有点热；匹配你的心情状态：开心；匹配你的场景：公园/户外；匹配你的感官偏好：清爽、甜感；匹配你的冷热偏好：冷饮；已考虑你的健康约束：低糖,,
U0405,良好,平静,图书馆/自习室,清爽,热饮,低刺激,低刺激热饮清爽型,R045,荷叶陈皮,0.7715,匹配你的心情状态：平静；匹配你的感官偏好：清爽；匹配你的冷热偏好：热饮；已考虑你的健康约束：低刺激,R038,菊花柠檬草,0.7714,匹配你的心情状态：平静；匹配你的感官偏好：清爽；匹配你的冷热偏好：热饮；已考虑你的健康约束：低刺激,R055,薰衣草蓝莓,0.7713,匹配你的心情状态：平静；匹配你的感官偏好：清爽；匹配你的冷热偏好：热饮；已考虑你的健康约束：低刺激,,
U0406,疲劳,低落,商场/商业街,清爽,冷饮,乳糖不耐慎用,乳糖不耐慎用冷饮清爽型,R083,冷萃咖啡椰子水,0.8073,匹配你的身体状态：疲劳；匹配你的感官偏好：清爽；匹配你的冷热偏好：冷饮；已考虑你的健康约束：乳糖不耐慎用,R081,美式咖啡液橙子,0.8072,匹配你的身体状态：疲劳；匹配你的感官偏好：清爽；匹配你的冷热偏好：冷饮；已考虑你的健康约束：乳糖不耐慎用,R111,豆奶苹果,0.8095,匹配你的身体状态：疲劳；匹配你的心情状态：低落；匹配你的场景：商场/商业街；匹配你的感官偏好：清爽；已考虑你的健康约束：乳糖不耐慎用,,
U0407,困倦,开心,图书馆/自习室,清爽,热饮,低刺激,低刺激热饮清爽型,R045,荷叶陈皮,0.7347,匹配你的感官偏好：清爽；匹配你的冷热偏好：热饮；已考虑你的健康约束：低刺激,R038,菊花柠檬草,0.7346,匹配你的感官偏好：清爽；匹配你的冷热偏好：热饮；已考虑你的健康约束：低刺激,R055,薰衣草蓝莓,0.7346,匹配你的感官偏好：清爽；匹配你的冷热偏好：热饮；已考虑你的健康约束：低刺激,,
U0408,疲劳,开心、烦躁,地铁/公交/车站,清爽、气泡感,冷饮,低糖,低糖冷饮清爽气泡感型,R083,冷萃咖啡椰子水,0.8147,匹配你的身体状态：疲劳；匹配你的心情状态：开心；匹配你的感官偏好：清爽；匹配你的冷热偏好：冷饮；已考虑你的健康约束：低糖,R050,柠檬草橙子,0.7002,匹配你的心情状态：开心；匹配你的场景：地铁/公交/车站；匹配你的感官偏好：清爽；已考虑你的健康约束：低糖,R119,椰子水橙子,0.7002,匹配你的心情状态：开心；匹配你的场景：地铁/公交/车站；匹配你的感官偏好：清爽；已考虑你的健康约束：低糖,,
U0409,疲劳,烦躁,学校/教学楼,清爽,冷饮,咖啡因敏感慎用,咖啡因敏感慎用冷饮清爽型,R055,薰衣草蓝莓,0.771,匹配你的身体状态：疲劳；匹配你的感官偏好：清爽；已考虑你的健康约束：咖啡因敏感慎用,R038,菊花柠檬草,0.771,匹配你的身体状态：疲劳；匹配你的感官偏好：清爽；已考虑你的健康约束：咖啡因敏感慎用,R045,荷叶陈皮,0.771,匹配你的身体状态：疲劳；匹配你的感官偏好：清爽；已考虑你的健康约束：咖啡因敏感慎用,,
U0410,疲劳、困倦,紧张,公园/户外,咖啡香、清爽、苦感,冷饮,咖啡因敏感慎用,咖啡因敏感慎用冷饮清爽咖啡香型,R055,薰衣草蓝莓,0.7594,匹配你的身体状态：疲劳；匹配你的心情状态：紧张；匹配你的感官偏好：清爽；已考虑你的健康约束：咖啡因敏感慎用,R045,荷叶陈皮,0.7646,匹配你的身体状态：疲劳；匹配你的心情状态：紧张；匹配你的感官偏好：清爽、苦感；已考虑你的健康约束：咖啡因敏感慎用,R038,菊花柠檬草,0.7594,匹配你的身体状态：疲劳；匹配你的心情状态：紧张；匹配你的感官偏好：清爽；已考虑你的健康约束：咖啡因敏感慎用,,
U0411,疲劳,平静,图书馆/自习室,果香、花香,常温,乳糖不耐慎用,乳糖不耐慎用常温果香花香型,R030,芒果红茶,0.8342,匹配你的身体状态：疲劳；匹配你的心情状态：平静；匹配你的场景：图书馆/自习室；匹配你的感官偏好：果香；匹配你的冷热偏好：常温；已考虑你的健康约束：乳糖不耐慎用,R069,焙茶豆奶,0.7561,匹配你的身体状态：疲劳；匹配你的场景：图书馆/自习室；匹配你的感官偏好：花香；已考虑你的健康约束：乳糖不耐慎用,R022,苹果茉莉绿茶,0.8388,匹配你的身体状态：疲劳；匹配你的心情状态：平静；匹配你的场景：图书馆/自习室；匹配你的感官偏好：果香、花香；匹配你的冷热偏好：常温；已考虑你的健康约束：乳糖不耐慎用,,
U0412,疲劳,烦躁、紧张,地铁/公交/车站,清爽、苦感,热饮,低糖,低糖热饮清爽苦感型,R020,草莓玄米茶,0.8336,匹配你的身体状态：疲劳；匹配你的心情状态：烦躁、紧张；匹配你的感官偏好：清爽；匹配你的冷热偏好：热饮；已考虑你的健康约束：低糖,R015,陈皮普洱茶,0.8147,匹配你的身体状态：疲劳；匹配你的心情状态：紧张；匹配你的感官偏好：清爽；匹配你的冷热偏好：热饮；已考虑你的健康约束：低糖,R031,陈皮玄米茶,0.8147,匹配你的身体状态：疲劳；匹配你的心情状态：紧张；匹配你的感官偏好：清爽；匹配你的冷热偏好：热饮；已考虑你的健康约束：低糖,,
U0413,疲劳,开心,图书馆/自习室,茶香、花香,热饮,低刺激,低刺激热饮茶香花香型,R045,荷叶陈皮,0.7946,匹配你的身体状态：疲劳；匹配你的感官偏好：花香；匹配你的冷热偏好：热饮；已考虑你的健康约束：低刺激,R061,焙茶鲜奶,0.8301,匹配你的身体状态：疲劳；匹配你的心情状态：开心；匹配你的场景：图书馆/自习室；匹配你的感官偏好：茶香；匹配你的冷热偏好：热饮；已考虑你的健康约束：低刺激,R075,红茶淡奶油,0.8301,匹配你的身体状态：疲劳；匹配你的心情状态：开心；匹配你的场景：图书馆/自习室；匹配你的感官偏好：茶香；匹配你的冷热偏好：热饮；已考虑你的健康约束：低刺激,,
U0414,良好,低落,图书馆/自习室,果香、花香,常温,乳糖不耐慎用,乳糖不耐慎用常温果香花香型,R030,芒果红茶,0.7145,匹配你的场景：图书馆/自习室；匹配你的感官偏好：果香；匹配你的冷热偏好：常温；已考虑你的健康约束：乳糖不耐慎用,R022,苹果茉莉绿茶,0.7262,匹配你的场景：图书馆/自习室；匹配你的感官偏好：果香、花香；匹配你的冷热偏好：常温；已考虑你的健康约束：乳糖不耐慎用,R069,焙茶豆奶,0.7308,匹配你的心情状态：低落；匹配你的场景：图书馆/自习室；匹配你的感官偏好：花香；已考虑你的健康约束：乳糖不耐慎用,,
U0415,疲劳,紧张,图书馆/自习室,清爽,热饮,咖啡因敏感慎用,咖啡因敏感慎用热饮清爽型,R045,荷叶陈皮,0.8402,匹配你的身体状态：疲劳；匹配你的心情状态：紧张；匹配你的感官偏好：清爽；匹配你的冷热偏好：热饮；已考虑你的健康约束：咖啡因敏感慎用,R038,菊花柠檬草,0.8402,匹配你的身体状态：疲劳；匹配你的心情状态：紧张；匹配你的感官偏好：清爽；匹配你的冷热偏好：热饮；已考虑你的健康约束：咖啡因敏感慎用,R055,薰衣草蓝莓,0.8401,匹配你的身体状态：疲劳；匹配你的心情状态：紧张；匹配你的感官偏好：清爽；匹配你的冷热偏好：热饮；已考虑你的健康约束：咖啡因敏感慎用,,
U0416,疲劳,平静,图书馆/自习室,花香,热饮,低刺激,低刺激热饮花香型,R061,焙茶鲜奶,0.7814,匹配你的身体状态：疲劳；匹配你的场景：图书馆/自习室；匹配你的冷热偏好：热饮；已考虑你的健康约束：低刺激,R075,红茶淡奶油,0.7814,匹配你的身体状态：疲劳；匹配你的场景：图书馆/自习室；匹配你的冷热偏好：热饮；已考虑你的健康约束：低刺激,R069,焙茶豆奶,0.801,匹配你的身体状态：疲劳；匹配你的场景：图书馆/自习室；匹配你的感官偏好：花香；匹配你的冷热偏好：热饮；已考虑你的健康约束：低刺激,,
U0417,困倦,烦躁,学校/教学楼,清爽、苦感,冷饮,咖啡因敏感慎用,咖啡因敏感慎用冷饮清爽苦感型,R045,荷叶陈皮,0.6897,匹配你的感官偏好：清爽、苦感；已考虑你的健康约束：咖啡因敏感慎用,R038,菊花柠檬草,0.675,匹配你的感官偏好：清爽；已考虑你的健康约束：咖啡因敏感慎用,R055,薰衣草蓝莓,0.6749,匹配你的感官偏好：清爽；已考虑你的健康约束：咖啡因敏感慎用,,
U0418,疲劳、困倦,低落,公园/户外,清爽,热饮,低刺激,低刺激热饮清爽型,R038,菊花柠檬草,0.8076,匹配你的身体状态：疲劳；匹配你的心情状态：低落；匹配你的感官偏好：清爽；匹配你的冷热偏好：热饮；已考虑你的健康约束：低刺激,R055,薰衣草蓝莓,0.8076,匹配你的身体状态：疲劳；匹配你的心情状态：低落；匹配你的感官偏好：清爽；匹配你的冷热偏好：热饮；已考虑你的健康约束：低刺激,R045,荷叶陈皮,0.8076,匹配你的身体状态：疲劳；匹配你的心情状态：低落；匹配你的感官偏好：清爽；匹配你的冷热偏好：热饮；已考虑你的健康约束：低刺激,,
U0419,疲劳、口渴,开心,健身房/运动场,清爽、酸感,冷饮,低糖,低糖冷饮清爽酸感型,R090,黑巧椰乳,0.8336,匹配你的身体状态：口渴、疲劳；匹配你的心情状态：开心；匹配你的感官偏好：清爽；匹配你的冷热偏好：冷饮；已考虑你的健康约束：低糖,R113,椰奶荔枝,0.8336,匹配你的身体状态：口渴、疲劳；匹配你的心情状态：开心；匹配你的感官偏好：清爽；匹配你的冷热偏好：冷饮；已考虑你的健康约束：低糖,R089,可可粉豆奶,0.8076,匹配你的身体状态：疲劳；匹配你的心情状态：开心；匹配你的感官偏好：清爽、酸感；匹配你的冷热偏好：冷饮；已考虑你的健康约束：低糖,,
U0420,疲劳,开心,商场/商业街,酸感、清爽,冷饮,,冷饮清爽酸感型,R090,黑巧椰乳,0.8347,匹配你的身体状态：疲劳；匹配你的心情状态：开心；匹配你的场景：商场/商业街；匹配你的感官偏好：清爽；匹配你的冷热偏好：冷饮,R089,可可粉豆奶,0.8394,匹配你的身体状态：疲劳；匹配你的心情状态：开心；匹配你的场景：商场/商业街；匹配你的感官偏好：清爽、酸感；匹配你的冷热偏好：冷饮,R109,酸奶草莓,0.8394,匹配你的身体状态：疲劳；匹配你的心情状态：开心；匹配你的场景：商场/商业街；匹配你的感官偏好：清爽、酸感；匹配你的冷热偏好：冷饮,,
U0421,疲劳,烦躁,地铁/公交/车站,果香、甜感,冷饮,低糖、乳糖不耐慎用,低糖冷饮果香甜感型,R009,桃子轻发酵乌龙,0.8072,匹配你的身体状态：疲劳；匹配你的感官偏好：果香、甜感；匹配你的冷热偏好：冷饮；已考虑你的健康约束：低糖、乳糖不耐慎用,R012,荔枝茉莉绿茶,0.8072,匹配你的身体状态：疲劳；匹配你的感官偏好：果香、甜感；匹配你的冷热偏好：冷饮；已考虑你的健康约束：低糖、乳糖不耐慎用,R033,草莓茉莉绿茶,0.8072,匹配你的身体状态：疲劳；匹配你的感官偏好：果香、甜感；匹配你的冷热偏好：冷饮；已考虑你的健康约束：低糖、乳糖不耐慎用,,
U0422,疲劳,低落,地铁/公交/车站,清爽,热饮,乳糖不耐慎用,乳糖不耐慎用热饮清爽型,R008,苹果玄米茶,0.8402,匹配你的身体状态：疲劳；匹配你的心情状态：低落；匹配你的感官偏好：清爽；匹配你的冷热偏好：热饮；已考虑你的健康约束：乳糖不耐慎用,R005,橙子伯爵红茶,0.8402,匹配你的身体状态：疲劳；匹配你的心情状态：低落；匹配你的感官偏好：清爽；匹配你的冷热偏好：热饮；已考虑你的健康约束：乳糖不耐慎用,R026,橙子普洱茶,0.8402,匹配你的身体状态：疲劳；匹配你的心情状态：低落；匹配你的感官偏好：清爽；匹配你的冷热偏好：热饮；已考虑你的健康约束：乳糖不耐慎用,,
U0423,困倦、感觉有点热,平静,公园/户外,清爽,热饮,低刺激,低刺激热饮清爽型,R055,薰衣草蓝莓,0.7716,匹配你的心情状态：平静；匹配你的感官偏好：清爽；匹配你的冷热偏好：热饮；已考虑你的健康约束：低刺激,R043,金银花菊花,0.7351,匹配你的心情状态：平静；匹配你的感官偏好：清爽；已考虑你的健康约束：低刺激,R038,菊花柠檬草,0.7716,匹配你的心情状态：平静；匹配你的感官偏好：清爽；匹配你的冷热偏好：热饮；已考虑你的健康约束：低刺激,,
U0424,疲劳,平静,图书馆/自习室,清爽,常温,低刺激,低刺激常温清爽型,R045,荷叶陈皮,0.8051,匹配你的身体状态：疲劳；匹配你的心情状态：平静；匹配你的感官偏好：清爽；已考虑你的健康约束：低刺激,R038,菊花柠檬草,0.8051,匹配你的身体状态：疲劳；匹配你的心情状态：平静；匹配你的感官偏好：清爽；已考虑你的健康约束：低刺激,R055,薰衣草蓝莓,0.805,匹配你的身体状态：疲劳；匹配你的心情状态：平静；匹配你的感官偏好：清爽；已考虑你的健康约束：低刺激,,
U0425,困倦、感觉有点冷,平静,公园/户外,花香,热饮,乳糖不耐慎用,乳糖不耐慎用热饮花香型,R022,苹果茉莉绿茶,0.769,匹配你的身体状态：困倦；匹配你的心情状态：平静；匹配你的感官偏好：花香；已考虑你的健康约束：乳糖不耐慎用,R030,芒果红茶,0.753,匹配你的身体状态：困倦；匹配你的心情状态：平静；已考虑你的健康约束：乳糖不耐慎用,R039,茉莉花白茶,0.8069,匹配你的身体状态：困倦；匹配你的心情状态：平静；匹配你的感官偏好：花香；匹配你的冷热偏好：热饮；已考虑你的健康约束：乳糖不耐慎用,,
U0426,困倦、口渴,烦躁、开心,健身房/运动场,酸感、气泡感、清爽,冷饮,低糖,低糖冷饮清爽气泡感型,R050,柠檬草橙子,0.7437,匹配你的身体状态：口渴；匹配你的心情状态：开心；匹配你的感官偏好：清爽、酸感；已考虑你的健康约束：低糖,R119,椰子水橙子,0.7437,匹配你的身体状态：口渴；匹配你的心情状态：开心；匹配你的感官偏好：清爽、酸感；已考虑你的健康约束：低糖,R048,玫瑰草莓,0.7766,匹配你的身体状态：口渴；匹配你的心情状态：开心；匹配你的场景：健身房/运动场；匹配你的感官偏好：清爽；匹配你的冷热偏好：冷饮；已考虑你的健康约束：低糖,,
U0427,疲劳、感觉有点冷,烦躁,公园/户外,清爽,热饮,低刺激,低刺激热饮清爽型,R055,薰衣草蓝莓,0.8072,匹配你的身体状态：感觉有点冷、疲劳；匹配你的感官偏好：清爽；匹配你的冷热偏好：热饮；已考虑你的健康约束：低刺激,R037,玫瑰桂花,0.8072,匹配你的身体状态：感觉有点冷、疲劳；匹配你的感官偏好：清爽；匹配你的冷热偏好：热饮；已考虑你的健康约束：低刺激,R040,薰衣草洋甘菊,0.8072,匹配你的身体状态：感觉有点冷、疲劳；匹配你的感官偏好：清爽；匹配你的冷热偏好：热饮；已考虑你的健康约束：低刺激,,
U0428,疲劳、感觉有点热,平静,公园/户外,清爽、茶香,冷饮,低糖,低糖冷饮清爽茶香型,R083,冷萃咖啡椰子水,0.7583,匹配你的身体状态：疲劳；匹配你的场景：公园/户外；匹配你的感官偏好：清爽；匹配你的冷热偏好：冷饮；已考虑你的健康约束：低糖,R009,桃子轻发酵乌龙,0.773,匹配你的身体状态：疲劳；匹配你的感官偏好：清爽、茶香；匹配你的冷热偏好：冷饮；已考虑你的健康约束：低糖,R012,荔枝茉莉绿茶,0.773,匹配你的身体状态：疲劳；匹配你的感官偏好：清爽、茶香；匹配你的冷热偏好：冷饮；已考虑你的健康约束：低糖,,
U0429,疲劳、感觉有点冷,开心,公园/户外,清爽,热饮,乳糖不耐慎用,乳糖不耐慎用热饮清爽型,R049,洋甘菊苹果,0.8402,匹配你的身体状态：感觉有点冷、疲劳；匹配你的心情状态：开心；匹配你的感官偏好：清爽；匹配你的冷热偏好：热饮；已考虑你的健康约束：乳糖不耐慎用,R111,豆奶苹果,0.8402,匹配你的身体状态：感觉有点冷、疲劳；匹配你的心情状态：开心；匹配你的感官偏好：清爽；匹配你的冷热偏好：热饮；已考虑你的健康约束：乳糖不耐慎用,R116,椰乳百合,0.8402,匹配你的身体状态：感觉有点冷、疲劳；匹配你的心情状态：开心；匹配你的感官偏好：清爽；匹配你的冷热偏好：热饮；已考虑你的健康约束：乳糖不耐慎用,,
U0430,疲劳、感觉有点热,开心,公园/户外,花香、气泡感,冷饮,低糖,低糖冷饮花香气泡感型,R053,百合椰子水,0.7268,匹配你的心情状态：开心；匹配你的感官偏好：花香；已考虑你的健康约束：低糖,R050,柠檬草橙子,0.7268,匹配你的心情状态：开心；匹配你的感官偏好：花香；已考虑你的健康约束：低糖,R119,椰子水橙子,0.7268,匹配你的心情状态：开心；匹配你的感官偏好：花香；已考虑你的健康约束：低糖,,
U0431,疲劳、困倦,低落,商场/商业街,花香,冷饮,低糖、乳糖不耐慎用,低糖冷饮花香型,R015,陈皮普洱茶,0.8053,匹配你的身体状态：困倦、疲劳；匹配你的心情状态：低落；匹配你的感官偏好：花香；已考虑你的健康约束：低糖、乳糖不耐慎用,R031,陈皮玄米茶,0.8053,匹配你的身体状态：困倦、疲劳；匹配你的心情状态：低落；匹配你的感官偏好：花香；已考虑你的健康约束：低糖、乳糖不耐慎用,R022,苹果茉莉绿茶,0.771,匹配你的身体状态：困倦、疲劳；匹配你的感官偏好：花香；已考虑你的健康约束：低糖、乳糖不耐慎用,,
U0432,困倦,烦躁、平静,地铁/公交/车站,咖啡香、苦感、清爽,冷饮,低糖、咖啡因敏感慎用,低糖冷饮清爽咖啡香型,R045,荷叶陈皮,0.7022,匹配你的心情状态：平静；匹配你的感官偏好：清爽、苦感；已考虑你的健康约束：低糖、咖啡因敏感慎用,R038,菊花柠檬草,0.6941,匹配你的心情状态：平静；匹配你的感官偏好：清爽；已考虑你的健康约束：低糖、咖啡因敏感慎用,R055,薰衣草蓝莓,0.694,匹配你的心情状态：平静；匹配你的感官偏好：清爽；已考虑你的健康约束：低糖、咖啡因敏感慎用,,
U0433,疲劳、感觉有点热,开心、烦躁,公园/户外,气泡感、清爽,冷饮,低糖,低糖冷饮清爽气泡感型,R050,柠檬草橙子,0.6983,匹配你的心情状态：开心；匹配你的感官偏好：清爽；已考虑你的健康约束：低糖,R119,椰子水橙子,0.6983,匹配你的心情状态：开心；匹配你的感官偏好：清爽；已考虑你的健康约束：低糖,R102,苹果陈皮气泡饮,0.7791,匹配你的身体状态：感觉有点热；匹配你的心情状态：开心；匹配你的场景：公园/户外；匹配你的感官偏好：清爽；匹配你的冷热偏好：冷饮；已考虑你的健康约束：低糖,,
U0434,困倦、感觉有点冷,开心,公园/户外,茶香,热饮,乳糖不耐慎用,乳糖不耐慎用热饮茶香型,R022,苹果茉莉绿茶,0.7312,匹配你的身体状态：困倦；匹配你的感官偏好：茶香；已考虑你的健康约束：乳糖不耐慎用,R039,茉莉花白茶,0.7728,匹配你的身体状态：困倦；匹配你的感官偏好：茶香；匹配你的冷热偏好：热饮；已考虑你的健康约束：乳糖不耐慎用,R056,陈皮红茶,0.8075,匹配你的身体状态：困倦；匹配你的心情状态：开心；匹配你的感官偏好：茶香；匹配你的冷热偏好：热饮；已考虑你的健康约束：乳糖不耐慎用,,
U0435,困倦,平静,学校/教学楼,茶香,常温,咖啡因敏感慎用,咖啡因敏感慎用常温茶香型,R061,焙茶鲜奶,0.7561,匹配你的身体状态：困倦；匹配你的场景：学校/教学楼；匹配你的感官偏好：茶香；已考虑你的健康约束：咖啡因敏感慎用,R075,红茶淡奶油,0.7561,匹配你的身体状态：困倦；匹配你的场景：学校/教学楼；匹配你的感官偏好：茶香；已考虑你的健康约束：咖啡因敏感慎用,R030,芒果红茶,0.8293,匹配你的身体状态：困倦；匹配你的心情状态：平静；匹配你的场景：学校/教学楼；匹配你的感官偏好：茶香；匹配你的冷热偏好：常温；已考虑你的健康约束：咖啡因敏感慎用,,
U0436,困倦,平静,图书馆/自习室,茶香、苦感、清爽,热饮,咖啡因敏感慎用,咖啡因敏感慎用热饮清爽茶香型,R045,荷叶陈皮,0.7649,匹配你的心情状态：平静；匹配你的感官偏好：清爽、苦感；匹配你的冷热偏好：热饮；已考虑你的健康约束：咖啡因敏感慎用,R038,菊花柠檬草,0.7601,匹配你的心情状态：平静；匹配你的感官偏好：清爽；匹配你的冷热偏好：热饮；已考虑你的健康约束：咖啡因敏感慎用,R055,薰衣草蓝莓,0.7599,匹配你的心情状态：平静；匹配你的感官偏好：清爽；匹配你的冷热偏好：热饮；已考虑你的健康约束：咖啡因敏感慎用,,
U0437,疲劳,平静,图书馆/自习室,清爽,热饮,咖啡因敏感慎用、乳糖不耐慎用,咖啡因敏感慎用热饮清爽型,R045,荷叶陈皮,0.8401,匹配你的身体状态：疲劳；匹配你的心情状态：平静；匹配你的感官偏好：清爽；匹配你的冷热偏好：热饮；已考虑你的健康约束：咖啡因敏感慎用、乳糖不耐慎用,R038,菊花柠檬草,0.8401,匹配你的身体状态：疲劳；匹配你的心情状态：平静；匹配你的感官偏好：清爽；匹配你的冷热偏好：热饮；已考虑你的健康约束：咖啡因敏感慎用、乳糖不耐慎用,R055,薰衣草蓝莓,0.8401,匹配你的身体状态：疲劳；匹配你的心情状态：平静；匹配你的感官偏好：清爽；匹配你的冷热偏好：热饮；已考虑你的健康约束：咖啡因敏感慎用、乳糖不耐慎用,,
U0438,疲劳,开心,图书馆/自习室,清爽、酸感,常温,低糖,低糖常温清爽酸感型,R006,草莓红茶,0.8042,匹配你的身体状态：疲劳；匹配你的心情状态：开心；匹配你的场景：图书馆/自习室；匹配你的感官偏好：清爽；已考虑你的健康约束：低糖,R023,西瓜绿茶,0.8042,匹配你的身体状态：疲劳；匹配你的心情状态：开心；匹配你的场景：图书馆/自习室；匹配你的感官偏好：清爽；已考虑你的健康约束：低糖,R002,青柠茉莉绿茶,0.8095,匹配你的身体状态：疲劳；匹配你的心情状态：开心；匹配你的场景：图书馆/自习室；匹配你的感官偏好：清爽、酸感；已考虑你的健康约束：低糖,,
U0439,疲劳、困倦,烦躁,地铁/公交/车站,果香、气泡感、清爽,冷饮,低糖,低糖冷饮清爽果香型,R083,冷萃咖啡椰子水,0.7991,匹配你的身体状态：困倦、疲劳；匹配你的感官偏好：果香、清爽；匹配你的冷热偏好：冷饮；已考虑你的健康约束：低糖,R081,美式咖啡液橙子,0.7991,匹配你的身体状态：困倦、疲劳；匹配你的感官偏好：果香、清爽；匹配你的冷热偏好：冷饮；已考虑你的健康约束：低糖,R009,桃子轻发酵乌龙,0.7991,匹配你的身体状态：困倦、疲劳；匹配你的感官偏好：果香、清爽；匹配你的冷热偏好：冷饮；已考虑你的健康约束：低糖,,
U0440,疲劳、困倦,紧张,公园/户外,苦感、清爽,热饮,,热饮清爽苦感型,R045,荷叶陈皮,0.8076,匹配你的身体状态：疲劳；匹配你的心情状态：紧张；匹配你的感官偏好：清爽、苦感；匹配你的冷热偏好：热饮,R038,菊花柠檬草,0.8002,匹配你的身体状态：疲劳；匹配你的心情状态：紧张；匹配你的感官偏好：清爽；匹配你的冷热偏好：热饮,R017,桃子红茶,0.8072,匹配你的身体状态：困倦、疲劳；匹配你的感官偏好：清爽、苦感；匹配你的冷热偏好：热饮,,
U0441,疲劳、困倦,平静,商场/商业街,花香,热饮,,热饮花香型,R056,陈皮红茶,0.8071,匹配你的身体状态：困倦、疲劳；匹配你的感官偏好：花香；匹配你的冷热偏好：热饮,R039,茉莉花白茶,0.8401,匹配你的身体状态：困倦、疲劳；匹配你的心情状态：平静；匹配你的感官偏好：花香；匹配你的冷热偏好：热饮,R030,芒果红茶,0.7895,匹配你的身体状态：困倦、疲劳；匹配你的心情状态：平静,,
U0442,疲劳、口渴,烦躁,健身房/运动场,果香、酸感,冷饮,低糖,低糖冷饮果香酸感型,R083,冷萃咖啡椰子水,0.7955,匹配你的身体状态：口渴、疲劳；匹配你的感官偏好：果香；匹配你的冷热偏好：冷饮；已考虑你的健康约束：低糖,R009,桃子轻发酵乌龙,0.7598,匹配你的身体状态：疲劳；匹配你的感官偏好：果香；匹配你的冷热偏好：冷饮；已考虑你的健康约束：低糖,R012,荔枝茉莉绿茶,0.7598,匹配你的身体状态：疲劳；匹配你的感官偏好：果香；匹配你的冷热偏好：冷饮；已考虑你的健康约束：低糖,,
U0443,困倦,紧张、平静,学校/教学楼,茶香、清爽,冷饮,咖啡因敏感慎用,咖啡因敏感慎用冷饮清爽茶香型,R045,荷叶陈皮,0.7267,匹配你的心情状态：平静、紧张；匹配你的感官偏好：清爽；已考虑你的健康约束：咖啡因敏感慎用,R038,菊花柠檬草,0.7267,匹配你的心情状态：平静、紧张；匹配你的感官偏好：清爽；已考虑你的健康约束：咖啡因敏感慎用,R055,薰衣草蓝莓,0.7266,匹配你的心情状态：平静、紧张；匹配你的感官偏好：清爽；已考虑你的健康约束：咖啡因敏感慎用,,
U0444,疲劳、感觉有点冷,紧张,公园/户外,咖啡香、清爽、苦感,热饮,,热饮清爽咖啡香型,R038,菊花柠檬草,0.8312,匹配你的身体状态：感觉有点冷、疲劳；匹配你的心情状态：紧张；匹配你的感官偏好：清爽；匹配你的冷热偏好：热饮,R045,荷叶陈皮,0.836,匹配你的身体状态：感觉有点冷、疲劳；匹配你的心情状态：紧张；匹配你的感官偏好：清爽、苦感；匹配你的冷热偏好：热饮,R055,薰衣草蓝莓,0.8312,匹配你的身体状态：感觉有点冷、疲劳；匹配你的心情状态：紧张；匹配你的感官偏好：清爽；匹配你的冷热偏好：热饮,,
U0445,良好,平静,图书馆/自习室,清爽、果香,冷饮,低糖,低糖冷饮清爽果香型,R002,青柠茉莉绿茶,0.7279,匹配你的场景：图书馆/自习室；匹配你的感官偏好：果香、清爽；匹配你的冷热偏好：冷饮；已考虑你的健康约束：低糖,R027,柠檬轻发酵乌龙,0.7279,匹配你的场景：图书馆/自习室；匹配你的感官偏好：果香、清爽；匹配你的冷热偏好：冷饮；已考虑你的健康约束：低糖,R009,桃子轻发酵乌龙,0.7279,匹配你的场景：图书馆/自习室；匹配你的感官偏好：果香、清爽；匹配你的冷热偏好：冷饮；已考虑你的健康约束：低糖,,
U0446,疲劳,低落,地铁/公交/车站,果香、花香,热饮,乳糖不耐慎用,乳糖不耐慎用热饮果香花香型,R056,陈皮红茶,0.8401,匹配你的身体状态：疲劳；匹配你的心情状态：低落；匹配你的感官偏好：果香、花香；匹配你的冷热偏好：热饮；已考虑你的健康约束：乳糖不耐慎用,R039,茉莉花白茶,0.8336,匹配你的身体状态：疲劳；匹配你的心情状态：低落；匹配你的感官偏好：花香；匹配你的冷热偏好：热饮；已考虑你的健康约束：乳糖不耐慎用,R022,苹果茉莉绿茶,0.771,匹配你的身体状态：疲劳；匹配你的感官偏好：果香、花香；已考虑你的健康约束：乳糖不耐慎用,,
U0447,困倦,平静,学校/教学楼,茶香、咖啡香、苦感,冷饮,,冷饮茶香咖啡香型,R061,焙茶鲜奶,0.7604,匹配你的身体状态：困倦；匹配你的场景：学校/教学楼；匹配你的感官偏好：咖啡香、茶香,R075,红茶淡奶油,0.7603,匹配你的身体状态：困倦；匹配你的场景：学校/教学楼；匹配你的感官偏好：苦感、茶香,R030,芒果红茶,0.8051,匹配你的身体状态：困倦；匹配你的心情状态：平静；匹配你的场景：学校/教学楼；匹配你的感官偏好：苦感、茶香,,
U0448,疲劳,紧张、平静,地铁/公交/车站,清爽,热饮,低糖,低糖热饮清爽型,R020,草莓玄米茶,0.8402,匹配你的身体状态：疲劳；匹配你的心情状态：平静、紧张；匹配你的感官偏好：清爽；匹配你的冷热偏好：热饮；已考虑你的健康约束：低糖,R015,陈皮普洱茶,0.8402,匹配你的身体状态：疲劳；匹配你的心情状态：平静、紧张；匹配你的感官偏好：清爽；匹配你的冷热偏好：热饮；已考虑你的健康约束：低糖,R031,陈皮玄米茶,0.8402,匹配你的身体状态：疲劳；匹配你的心情状态：平静、紧张；匹配你的感官偏好：清爽；匹配你的冷热偏好：热饮；已考虑你的健康约束：低糖,,
U0449,困倦,烦躁、平静,地铁/公交/车站,清爽、咖啡香、苦感,热饮,低糖、咖啡因敏感慎用,低糖热饮清爽咖啡香型,R045,荷叶陈皮,0.7449,匹配你的心情状态：平静；匹配你的感官偏好：清爽、苦感；匹配你的冷热偏好：热饮；已考虑你的健康约束：低糖、咖啡因敏感慎用,R038,菊花柠檬草,0.7374,匹配你的心情状态：平静；匹配你的感官偏好：清爽；匹配你的冷热偏好：热饮；已考虑你的健康约束：低糖、咖啡因敏感慎用,R055,薰衣草蓝莓,0.7372,匹配你的心情状态：平静；匹配你的感官偏好：清爽；匹配你的冷热偏好：热饮；已考虑你的健康约束：低糖、咖啡因敏感慎用,,
U0450,良好,平静,商场/商业街,果香,热饮,乳糖不耐慎用,乳糖不耐慎用热饮果香型,R022,苹果茉莉绿茶,0.735,匹配你的心情状态：平静；匹配你的感官偏好：果香；已考虑你的健康约束：乳糖不耐慎用,R030,芒果红茶,0.7349,匹配你的心情状态：平静；匹配你的感官偏好：果香；已考虑你的健康约束：乳糖不耐慎用,R039,茉莉花白茶,0.7556,匹配你的心情状态：平静；匹配你的冷热偏好：热饮；已考虑你的健康约束：乳糖不耐慎用,,
U0451,疲劳,开心,商场/商业街,果香、花香、气泡感,冷饮,,冷饮果香花香型,R083,冷萃咖啡椰子水,0.8312,匹配你的身体状态：疲劳；匹配你的心情状态：开心；匹配你的感官偏好：果香；匹配你的冷热偏好：冷饮,R049,洋甘菊苹果,0.8005,匹配你的身体状态：疲劳；匹配你的心情状态：开心；匹配你的感官偏好：果香、花香,R081,美式咖啡液橙子,0.8312,匹配你的身体状态：疲劳；匹配你的心情状态：开心；匹配你的感官偏好：果香；匹配你的冷热偏好：冷饮,,
U0452,困倦、感觉有点冷,烦躁、平静,公园/户外,茶香、清爽,热饮,咖啡因敏感慎用,咖啡因敏感慎用热饮清爽茶香型,R045,荷叶陈皮,0.7784,匹配你的身体状态：感觉有点冷；匹配你的心情状态：平静；匹配你的感官偏好：清爽；匹配你的冷热偏好：热饮；已考虑你的健康约束：咖啡因敏感慎用,R038,菊花柠檬草,0.7784,匹配你的身体状态：感觉有点冷；匹配你的心情状态：平静；匹配你的感官偏好：清爽；匹配你的冷热偏好：热饮；已考虑你的健康约束：咖啡因敏感慎用,R055,薰衣草蓝莓,0.7783,匹配你的身体状态：感觉有点冷；匹配你的心情状态：平静；匹配你的感官偏好：清爽；匹配你的冷热偏好：热饮；已考虑你的健康约束：咖啡因敏感慎用,,
U0453,困倦,紧张,学校/教学楼,清爽,冷饮,咖啡因敏感慎用,咖啡因敏感慎用冷饮清爽型,R055,薰衣草蓝莓,0.7352,匹配你的心情状态：紧张；匹配你的感官偏好：清爽；已考虑你的健康约束：咖啡因敏感慎用,R038,菊花柠檬草,0.7351,匹配你的心情状态：紧张；匹配你的感官偏好：清爽；已考虑你的健康约束：咖啡因敏感慎用,R045,荷叶陈皮,0.7351,匹配你的心情状态：紧张；匹配你的感官偏好：清爽；已考虑你的健康约束：咖啡因敏感慎用,,
U0454,疲劳,紧张,地铁/公交/车站,茶香、清爽,冷饮,,冷饮清爽茶香型,R065,茉莉绿茶椰乳,0.8072,匹配你的身体状态：疲劳；匹配你的感官偏好：清爽、茶香；匹配你的冷热偏好：冷饮,R071,茉莉绿茶低脂牛奶,0.8072,匹配你的身体状态：疲劳；匹配你的感官偏好：清爽、茶香；匹配你的冷热偏好：冷饮,R002,青柠茉莉绿茶,0.8072,匹配你的身体状态：疲劳；匹配你的感官偏好：清爽、茶香；匹配你的冷热偏好：冷饮,,
U0455,困倦,平静,学校/教学楼,清爽、苦感,热饮,低糖,低糖热饮清爽苦感型,R039,茉莉花白茶,0.8347,匹配你的身体状态：困倦；匹配你的心情状态：平静；匹配你的场景：学校/教学楼；匹配你的感官偏好：清爽；匹配你的冷热偏好：热饮；已考虑你的健康约束：低糖,R056,陈皮红茶,0.7966,匹配你的身体状态：困倦；匹配你的场景：学校/教学楼；匹配你的感官偏好：苦感；匹配你的冷热偏好：热饮；已考虑你的健康约束：低糖,R030,芒果红茶,0.8095,匹配你的身体状态：困倦；匹配你的心情状态：平静；匹配你的场景：学校/教学楼；匹配你的感官偏好：清爽、苦感；已考虑你的健康约束：低糖,,
U0456,疲劳、感觉有点冷,低落,公园/户外,清爽,热饮,低刺激,低刺激热饮清爽型,R055,薰衣草蓝莓,0.8402,匹配你的身体状态：感觉有点冷、疲劳；匹配你的心情状态：低落；匹配你的感官偏好：清爽；匹配你的冷热偏好：热饮；已考虑你的健康约束：低刺激,R037,玫瑰桂花,0.8402,匹配你的身体状态：感觉有点冷、疲劳；匹配你的心情状态：低落；匹配你的感官偏好：清爽；匹配你的冷热偏好：热饮；已考虑你的健康约束：低刺激,R040,薰衣草洋甘菊,0.8402,匹配你的身体状态：感觉有点冷、疲劳；匹配你的心情状态：低落；匹配你的感官偏好：清爽；匹配你的冷热偏好：热饮；已考虑你的健康约束：低刺激,,
U0457,困倦,烦躁,地铁/公交/车站,清爽,热饮,咖啡因敏感慎用,咖啡因敏感慎用热饮清爽型,R038,菊花柠檬草,0.7346,匹配你的感官偏好：清爽；匹配你的冷热偏好：热饮；已考虑你的健康约束：咖啡因敏感慎用,R045,荷叶陈皮,0.7346,匹配你的感官偏好：清爽；匹配你的冷热偏好：热饮；已考虑你的健康约束：咖啡因敏感慎用,R055,薰衣草蓝莓,0.7346,匹配你的感官偏好：清爽；匹配你的冷热偏好：热饮；已考虑你的健康约束：咖啡因敏感慎用,,
U0458,疲劳,开心,图书馆/自习室,茶香,热饮,低刺激,低刺激热饮茶香型,R061,焙茶鲜奶,0.8352,匹配你的身体状态：疲劳；匹配你的心情状态：开心；匹配你的场景：图书馆/自习室；匹配你的感官偏好：茶香；匹配你的冷热偏好：热饮；已考虑你的健康约束：低刺激,R045,荷叶陈皮,0.7853,匹配你的身体状态：疲劳；匹配你的冷热偏好：热饮；已考虑你的健康约束：低刺激,R075,红茶淡奶油,0.8352,匹配你的身体状态：疲劳；匹配你的心情状态：开心；匹配你的场景：图书馆/自习室；匹配你的感官偏好：茶香；匹配你的冷热偏好：热饮；已考虑你的健康约束：低刺激,,
U0459,疲劳、口渴,烦躁,健身房/运动场,气泡感、清爽,冷饮,低糖,低糖冷饮清爽气泡感型,R083,冷萃咖啡椰子水,0.7955,匹配你的身体状态：口渴、疲劳；匹配你的感官偏好：清爽；匹配你的冷热偏好：冷饮；已考虑你的健康约束：低糖,R090,黑巧椰乳,0.7955,匹配你的身体状态：口渴、疲劳；匹配你的感官偏好：清爽；匹配你的冷热偏好：冷饮；已考虑你的健康约束：低糖,R113,椰奶荔枝,0.7954,匹配你的身体状态：口渴、疲劳；匹配你的感官偏好：清爽；匹配你的冷热偏好：冷饮；已考虑你的健康约束：低糖,,
U0460,疲劳,烦躁、紧张,地铁/公交/车站,咖啡香、清爽、苦感,冷饮,,冷饮清爽咖啡香型,R002,青柠茉莉绿茶,0.7919,匹配你的身体状态：疲劳；匹配你的感官偏好：清爽；匹配你的冷热偏好：冷饮,R027,柠檬轻发酵乌龙,0.7919,匹配你的身体状态：疲劳；匹配你的感官偏好：清爽；匹配你的冷热偏好：冷饮,R006,草莓红茶,0.7991,匹配你的身体状态：疲劳；匹配你的感官偏好：清爽、苦感；匹配你的冷热偏好：冷饮,,
U0461,疲劳、感觉有点冷,烦躁,公园/户外,清爽,热饮,咖啡因敏感慎用,咖啡因敏感慎用热饮清爽型,R055,薰衣草蓝莓,0.8072,匹配你的身体状态：感觉有点冷、疲劳；匹配你的感官偏好：清爽；匹配你的冷热偏好：热饮；已考虑你的健康约束：咖啡因敏感慎用,R049,洋甘菊苹果,0.8072,匹配你的身体状态：感觉有点冷、疲劳；匹配你的感官偏好：清爽；匹配你的冷热偏好：热饮；已考虑你的健康约束：咖啡因敏感慎用,R037,玫瑰桂花,0.8072,匹配你的身体状态：感觉有点冷、疲劳；匹配你的感官偏好：清爽；匹配你的冷热偏好：热饮；已考虑你的健康约束：咖啡因敏感慎用,,
U0462,困倦,平静,地铁/公交/车站,茶香、苦感,热饮,咖啡因敏感慎用,咖啡因敏感慎用热饮茶香苦感型,R061,焙茶鲜奶,0.7867,匹配你的身体状态：困倦；匹配你的感官偏好：茶香；匹配你的冷热偏好：热饮；已考虑你的健康约束：咖啡因敏感慎用,R075,红茶淡奶油,0.7986,匹配你的身体状态：困倦；匹配你的感官偏好：苦感、茶香；匹配你的冷热偏好：热饮；已考虑你的健康约束：咖啡因敏感慎用,R045,荷叶陈皮,0.7605,匹配你的心情状态：平静；匹配你的感官偏好：苦感；匹配你的冷热偏好：热饮；已考虑你的健康约束：咖啡因敏感慎用,,
U0463,疲劳,烦躁,商场/商业街,酸感、气泡感、清爽,冷饮,,冷饮清爽气泡感型,R090,黑巧椰乳,0.7935,匹配你的身体状态：疲劳；匹配你的场景：商场/商业街；匹配你的感官偏好：清爽；匹配你的冷热偏好：冷饮,R083,冷萃咖啡椰子水,0.792,匹配你的身体状态：疲劳；匹配你的感官偏好：清爽；匹配你的冷热偏好：冷饮,R113,椰奶荔枝,0.7935,匹配你的身体状态：疲劳；匹配你的场景：商场/商业街；匹配你的感官偏好：清爽；匹配你的冷热偏好：冷饮,,
U0464,疲劳,紧张,地铁/公交/车站,清爽、苦感,热饮,咖啡因敏感慎用,咖啡因敏感慎用热饮清爽苦感型,R045,荷叶陈皮,0.8402,匹配你的身体状态：疲劳；匹配你的心情状态：紧张；匹配你的感官偏好：清爽、苦感；匹配你的冷热偏好：热饮；已考虑你的健康约束：咖啡因敏感慎用,R038,菊花柠檬草,0.8336,匹配你的身体状态：疲劳；匹配你的心情状态：紧张；匹配你的感官偏好：清爽；匹配你的冷热偏好：热饮；已考虑你的健康约束：咖啡因敏感慎用,R055,薰衣草蓝莓,0.8336,匹配你的身体状态：疲劳；匹配你的心情状态：紧张；匹配你的感官偏好：清爽；匹配你的冷热偏好：热饮；已考虑你的健康约束：咖啡因敏感慎用,,
U0465,疲劳,烦躁,商场/商业街,酸感、清爽,常温,低糖,低糖常温清爽酸感型,R083,冷萃咖啡椰子水,0.7592,匹配你的身体状态：疲劳；匹配你的感官偏好：清爽；已考虑你的健康约束：低糖,R081,美式咖啡液橙子,0.771,匹配你的身体状态：疲劳；匹配你的感官偏好：清爽、酸感；已考虑你的健康约束：低糖,R002,青柠茉莉绿茶,0.771,匹配你的身体状态：疲劳；匹配你的感官偏好：清爽、酸感；已考虑你的健康约束：低糖,,
U0466,困倦,烦躁,地铁/公交/车站,清爽、茶香,冷饮,低糖,低糖冷饮清爽茶香型,R002,青柠茉莉绿茶,0.8072,匹配你的身体状态：困倦；匹配你的感官偏好：清爽、茶香；匹配你的冷热偏好：冷饮；已考虑你的健康约束：低糖,R027,柠檬轻发酵乌龙,0.8072,匹配你的身体状态：困倦；匹配你的感官偏好：清爽、茶香；匹配你的冷热偏好：冷饮；已考虑你的健康约束：低糖,R009,桃子轻发酵乌龙,0.8072,匹配你的身体状态：困倦；匹配你的感官偏好：清爽、茶香；匹配你的冷热偏好：冷饮；已考虑你的健康约束：低糖,,
U0467,疲劳,紧张,商场/商业街,果香、清爽,热饮,低糖、乳糖不耐慎用,低糖热饮清爽果香型,R055,薰衣草蓝莓,0.8402,匹配你的身体状态：疲劳；匹配你的心情状态：紧张；匹配你的感官偏好：果香、清爽；匹配你的冷热偏好：热饮；已考虑你的健康约束：低糖、乳糖不耐慎用,R111,豆奶苹果,0.8058,匹配你的身体状态：疲劳；匹配你的场景：商场/商业街；匹配你的感官偏好：果香、清爽；匹配你的冷热偏好：热饮；已考虑你的健康约束：低糖、乳糖不耐慎用,R116,椰乳百合,0.8058,匹配你的身体状态：疲劳；匹配你的场景：商场/商业街；匹配你的感官偏好：果香、清爽；匹配你的冷热偏好：热饮；已考虑你的健康约束：低糖、乳糖不耐慎用,,
U0468,困倦,平静,图书馆/自习室,咖啡香、苦感,冷饮,低糖,低糖冷饮咖啡香苦感型,R061,焙茶鲜奶,0.7562,匹配你的身体状态：困倦；匹配你的场景：图书馆/自习室；匹配你的感官偏好：咖啡香；已考虑你的健康约束：低糖,R075,红茶淡奶油,0.7562,匹配你的身体状态：困倦；匹配你的场景：图书馆/自习室；匹配你的感官偏好：苦感；已考虑你的健康约束：低糖,R030,芒果红茶,0.8035,匹配你的身体状态：困倦；匹配你的心情状态：平静；匹配你的场景：图书馆/自习室；匹配你的感官偏好：苦感；已考虑你的健康约束：低糖,,
U0469,疲劳,烦躁,商场/商业街,清爽,冷饮,低糖,低糖冷饮清爽型,R083,冷萃咖啡椰子水,0.8073,匹配你的身体状态：疲劳；匹配你的感官偏好：清爽；匹配你的冷热偏好：冷饮；已考虑你的健康约束：低糖,R081,美式咖啡液橙子,0.8072,匹配你的身体状态：疲劳；匹配你的感官偏好：清爽；匹配你的冷热偏好：冷饮；已考虑你的健康约束：低糖,R049,洋甘菊苹果,0.771,匹配你的身体状态：疲劳；匹配你的感官偏好：清爽；已考虑你的健康约束：低糖,,
U0470,疲劳,紧张、烦躁,商场/商业街,花香、气泡感,冷饮,低糖,低糖冷饮花香气泡感型,R038,菊花柠檬草,0.778,匹配你的身体状态：疲劳；匹配你的心情状态：紧张；匹配你的感官偏好：花香；已考虑你的健康约束：低糖,R045,荷叶陈皮,0.778,匹配你的身体状态：疲劳；匹配你的心情状态：紧张；匹配你的感官偏好：花香；已考虑你的健康约束：低糖,R055,薰衣草蓝莓,0.778,匹配你的身体状态：疲劳；匹配你的心情状态：紧张；匹配你的感官偏好：花香；已考虑你的健康约束：低糖,,
U0471,疲劳、困倦,烦躁,健身房/运动场,清爽,冷饮,低糖,低糖冷饮清爽型,R009,桃子轻发酵乌龙,0.8072,匹配你的身体状态：困倦、疲劳；匹配你的感官偏好：清爽；匹配你的冷热偏好：冷饮；已考虑你的健康约束：低糖,R012,荔枝茉莉绿茶,0.8072,匹配你的身体状态：困倦、疲劳；匹配你的感官偏好：清爽；匹配你的冷热偏好：冷饮；已考虑你的健康约束：低糖,R033,草莓茉莉绿茶,0.8072,匹配你的身体状态：困倦、疲劳；匹配你的感官偏好：清爽；匹配你的冷热偏好：冷饮；已考虑你的健康约束：低糖,,
U0472,疲劳、感觉有点热,开心,公园/户外,果香、酸感,冷饮,低糖,低糖冷饮果香酸感型,R083,冷萃咖啡椰子水,0.8048,匹配你的身体状态：疲劳；匹配你的心情状态：开心；匹配你的场景：公园/户外；匹配你的感官偏好：果香；匹配你的冷热偏好：冷饮；已考虑你的健康约束：低糖,R090,黑巧椰乳,0.8048,匹配你的身体状态：疲劳；匹配你的心情状态：开心；匹配你的场景：公园/户外；匹配你的感官偏好：果香；匹配你的冷热偏好：冷饮；已考虑你的健康约束：低糖,R113,椰奶荔枝,0.8048,匹配你的身体状态：疲劳；匹配你的心情状态：开心；匹配你的场景：公园/户外；匹配你的感官偏好：果香；匹配你的冷热偏好：冷饮；已考虑你的健康约束：低糖,,
U0473,疲劳,开心、平静,地铁/公交/车站,清爽,热饮,低刺激、乳糖不耐慎用,低刺激热饮清爽型,R038,菊花柠檬草,0.8228,匹配你的身体状态：疲劳；匹配你的心情状态：平静；匹配你的感官偏好：清爽；匹配你的冷热偏好：热饮；已考虑你的健康约束：低刺激、乳糖不耐慎用,R045,荷叶陈皮,0.8228,匹配你的身体状态：疲劳；匹配你的心情状态：平静；匹配你的感官偏好：清爽；匹配你的冷热偏好：热饮；已考虑你的健康约束：低刺激、乳糖不耐慎用,R055,薰衣草蓝莓,0.8228,匹配你的身体状态：疲劳；匹配你的心情状态：平静；匹配你的感官偏好：清爽；匹配你的冷热偏好：热饮；已考虑你的健康约束：低刺激、乳糖不耐慎用,,
U0474,疲劳,烦躁,地铁/公交/车站,气泡感、清爽,热饮,乳糖不耐慎用,乳糖不耐慎用热饮清爽气泡感型,R009,桃子轻发酵乌龙,0.7592,匹配你的身体状态：疲劳；匹配你的感官偏好：清爽；已考虑你的健康约束：乳糖不耐慎用,R012,荔枝茉莉绿茶,0.7592,匹配你的身体状态：疲劳；匹配你的感官偏好：清爽；已考虑你的健康约束：乳糖不耐慎用,R033,草莓茉莉绿茶,0.7592,匹配你的身体状态：疲劳；匹配你的感官偏好：清爽；已考虑你的健康约束：乳糖不耐慎用,,
U0475,口渴、疲劳,烦躁、平静,健身房/运动场,清爽、果香、酸感,冷饮,低糖,低糖冷饮清爽果香型,R083,冷萃咖啡椰子水,0.7992,匹配你的身体状态：口渴、疲劳；匹配你的感官偏好：果香、清爽；匹配你的冷热偏好：冷饮；已考虑你的健康约束：低糖,R081,美式咖啡液橙子,0.773,匹配你的身体状态：疲劳；匹配你的感官偏好：果香、清爽、酸感；匹配你的冷热偏好：冷饮；已考虑你的健康约束：低糖,R001,柠檬白茶,0.773,匹配你的身体状态：疲劳；匹配你的感官偏好：果香、清爽、酸感；匹配你的冷热偏好：冷饮；已考虑你的健康约束：低糖,,
U0476,良好,低落,图书馆/自习室,清爽,热饮,低刺激、咖啡因敏感慎用、乳糖不耐慎用,低刺激热饮清爽型,R045,荷叶陈皮,0.7716,匹配你的心情状态：低落；匹配你的感官偏好：清爽；匹配你的冷热偏好：热饮；已考虑你的健康约束：低刺激、咖啡因敏感慎用、乳糖不耐慎用,R038,菊花柠檬草,0.7715,匹配你的心情状态：低落；匹配你的感官偏好：清爽；匹配你的冷热偏好：热饮；已考虑你的健康约束：低刺激、咖啡因敏感慎用、乳糖不耐慎用,R055,薰衣草蓝莓,0.7714,匹配你的心情状态：低落；匹配你的感官偏好：清爽；匹配你的冷热偏好：热饮；已考虑你的健康约束：低刺激、咖啡因敏感慎用、乳糖不耐慎用,,
U0477,疲劳、感觉有点热,开心,公园/户外,清爽、甜感,冷饮,低糖,低糖冷饮清爽甜感型,R113,椰奶荔枝,0.8099,匹配你的身体状态：疲劳；匹配你的心情状态：开心；匹配你的场景：公园/户外；匹配你的感官偏好：清爽、甜感；匹配你的冷热偏好：冷饮；已考虑你的健康约束：低糖,R090,黑巧椰乳,0.8099,匹配你的身体状态：疲劳；匹配你的心情状态：开心；匹配你的场景：公园/户外；匹配你的感官偏好：清爽、甜感；匹配你的冷热偏好：冷饮；已考虑你的健康约束：低糖,R048,玫瑰草莓,0.8099,匹配你的身体状态：感觉有点热；匹配你的心情状态：开心；匹配你的场景：公园/户外；匹配你的感官偏好：清爽、甜感；匹配你的冷热偏好：冷饮；已考虑你的健康约束：低糖,,
U0478,困倦、感觉有点热,烦躁,公园/户外,咖啡香、清爽、苦感,冷饮,低糖、咖啡因敏感慎用,低糖冷饮清爽咖啡香型,R053,百合椰子水,0.6703,匹配你的感官偏好：清爽；已考虑你的健康约束：低糖、咖啡因敏感慎用,R043,金银花菊花,0.6703,匹配你的感官偏好：清爽；已考虑你的健康约束：低糖、咖啡因敏感慎用,R050,柠檬草橙子,0.6703,匹配你的感官偏好：清爽；已考虑你的健康约束：低糖、咖啡因敏感慎用,,
U0479,疲劳,烦躁,商场/商业街,清爽,冷饮,低糖,低糖冷饮清爽型,R083,冷萃咖啡椰子水,0.8073,匹配你的身体状态：疲劳；匹配你的感官偏好：清爽；匹配你的冷热偏好：冷饮；已考虑你的健康约束：低糖,R081,美式咖啡液橙子,0.8072,匹配你的身体状态：疲劳；匹配你的感官偏好：清爽；匹配你的冷热偏好：冷饮；已考虑你的健康约束：低糖,R049,洋甘菊苹果,0.771,匹配你的身体状态：疲劳；匹配你的感官偏好：清爽；已考虑你的健康约束：低糖,,
U0480,疲劳,烦躁,学校/教学楼,咖啡香、清爽、苦感,冷饮,咖啡因敏感慎用,咖啡因敏感慎用冷饮清爽咖啡香型,R045,荷叶陈皮,0.7629,匹配你的身体状态：疲劳；匹配你的感官偏好：清爽、苦感；已考虑你的健康约束：咖啡因敏感慎用,R038,菊花柠檬草,0.7554,匹配你的身体状态：疲劳；匹配你的感官偏好：清爽；已考虑你的健康约束：咖啡因敏感慎用,R055,薰衣草蓝莓,0.7553,匹配你的身体状态：疲劳；匹配你的感官偏好：清爽；已考虑你的健康约束：咖啡因敏感慎用,,
U0481,疲劳,烦躁、开心,地铁/公交/车站,果香、清爽,冷饮,低糖,低糖冷饮清爽果香型,R083,冷萃咖啡椰子水,0.8228,匹配你的身体状态：疲劳；匹配你的心情状态：开心；匹配你的感官偏好：果香、清爽；匹配你的冷热偏好：冷饮；已考虑你的健康约束：低糖,R081,美式咖啡液橙子,0.8228,匹配你的身体状态：疲劳；匹配你的心情状态：开心；匹配你的感官偏好：果香、清爽；匹配你的冷热偏好：冷饮；已考虑你的健康约束：低糖,R009,桃子轻发酵乌龙,0.8228,匹配你的身体状态：疲劳；匹配你的心情状态：开心；匹配你的感官偏好：果香、清爽；匹配你的冷热偏好：冷饮；已考虑你的健康约束：低糖,,
U0482,疲劳,开心,商场/商业街,清爽、甜感,冷饮,低糖,低糖冷饮清爽甜感型,R090,黑巧椰乳,0.8394,匹配你的身体状态：疲劳；匹配你的心情状态：开心；匹配你的场景：商场/商业街；匹配你的感官偏好：清爽、甜感；匹配你的冷热偏好：冷饮；已考虑你的健康约束：低糖,R113,椰奶荔枝,0.8394,匹配你的身体状态：疲劳；匹配你的心情状态：开心；匹配你的场景：商场/商业街；匹配你的感官偏好：清爽、甜感；匹配你的冷热偏好：冷饮；已考虑你的健康约束：低糖,R089,可可粉豆奶,0.8394,匹配你的身体状态：疲劳；匹配你的心情状态：开心；匹配你的场景：商场/商业街；匹配你的感官偏好：清爽、甜感；匹配你的冷热偏好：冷饮；已考虑你的健康约束：低糖,,
U0483,疲劳,平静,地铁/公交/车站,清爽,热饮,乳糖不耐慎用,乳糖不耐慎用热饮清爽型,R017,桃子红茶,0.8072,匹配你的身体状态：疲劳；匹配你的感官偏好：清爽；匹配你的冷热偏好：热饮；已考虑你的健康约束：乳糖不耐慎用,R036,苹果红茶,0.8072,匹配你的身体状态：疲劳；匹配你的感官偏好：清爽；匹配你的冷热偏好：热饮；已考虑你的健康约束：乳糖不耐慎用,R045,荷叶陈皮,0.8402,匹配你的身体状态：疲劳；匹配你的心情状态：平静；匹配你的感官偏好：清爽；匹配你的冷热偏好：热饮；已考虑你的健康约束：乳糖不耐慎用,,
U0484,困倦、感觉有点冷,紧张,公园/户外,清爽,热饮,低糖、咖啡因敏感慎用,低糖热饮清爽型,R055,薰衣草蓝莓,0.8076,匹配你的身体状态：感觉有点冷；匹配你的心情状态：紧张；匹配你的感官偏好：清爽；匹配你的冷热偏好：热饮；已考虑你的健康约束：低糖、咖啡因敏感慎用,R038,菊花柠檬草,0.8076,匹配你的身体状态：感觉有点冷；匹配你的心情状态：紧张；匹配你的感官偏好：清爽；匹配你的冷热偏好：热饮；已考虑你的健康约束：低糖、咖啡因敏感慎用,R049,洋甘菊苹果,0.7729,匹配你的身体状态：感觉有点冷；匹配你的感官偏好：清爽；匹配你的冷热偏好：热饮；已考虑你的健康约束：低糖、咖啡因敏感慎用,,
U0485,困倦,紧张,图书馆/自习室,清爽,热饮,咖啡因敏感慎用,咖啡因敏感慎用热饮清爽型,R045,荷叶陈皮,0.7716,匹配你的心情状态：紧张；匹配你的感官偏好：清爽；匹配你的冷热偏好：热饮；已考虑你的健康约束：咖啡因敏感慎用,R038,菊花柠檬草,0.7716,匹配你的心情状态：紧张；匹配你的感官偏好：清爽；匹配你的冷热偏好：热饮；已考虑你的健康约束：咖啡因敏感慎用,R055,薰衣草蓝莓,0.7715,匹配你的心情状态：紧张；匹配你的感官偏好：清爽；匹配你的冷热偏好：热饮；已考虑你的健康约束：咖啡因敏感慎用,,
U0486,疲劳,低落,地铁/公交/车站,花香、清爽,热饮,低刺激、咖啡因敏感慎用,低刺激热饮清爽花香型,R038,菊花柠檬草,0.8402,匹配你的身体状态：疲劳；匹配你的心情状态：低落；匹配你的感官偏好：清爽、花香；匹配你的冷热偏好：热饮；已考虑你的健康约束：低刺激、咖啡因敏感慎用,R045,荷叶陈皮,0.8402,匹配你的身体状态：疲劳；匹配你的心情状态：低落；匹配你的感官偏好：清爽、花香；匹配你的冷热偏好：热饮；已考虑你的健康约束：低刺激、咖啡因敏感慎用,R055,薰衣草蓝莓,0.8402,匹配你的身体状态：疲劳；匹配你的心情状态：低落；匹配你的感官偏好：清爽、花香；匹配你的冷热偏好：热饮；已考虑你的健康约束：低刺激、咖啡因敏感慎用,,
U0487,疲劳、口渴,开心,健身房/运动场,清爽、酸感,冷饮,低糖,低糖冷饮清爽酸感型,R090,黑巧椰乳,0.8336,匹配你的身体状态：口渴、疲劳；匹配你的心情状态：开心；匹配你的感官偏好：清爽；匹配你的冷热偏好：冷饮；已考虑你的健康约束：低糖,R113,椰奶荔枝,0.8336,匹配你的身体状态：口渴、疲劳；匹配你的心情状态：开心；匹配你的感官偏好：清爽；匹配你的冷热偏好：冷饮；已考虑你的健康约束：低糖,R089,可可粉豆奶,0.8076,匹配你的身体状态：疲劳；匹配你的心情状态：开心；匹配你的感官偏好：清爽、酸感；匹配你的冷热偏好：冷饮；已考虑你的健康约束：低糖,,
U0488,疲劳、感觉有点冷,低落,公园/户外,奶香、花香,热饮,,热饮奶香花香型,R069,焙茶豆奶,0.8073,匹配你的身体状态：疲劳；匹配你的心情状态：低落；匹配你的感官偏好：奶香、花香；匹配你的冷热偏好：热饮,R061,焙茶鲜奶,0.7998,匹配你的身体状态：疲劳；匹配你的心情状态：低落；匹配你的感官偏好：奶香；匹配你的冷热偏好：热饮,R056,陈皮红茶,0.7998,匹配你的身体状态：疲劳；匹配你的心情状态：低落；匹配你的感官偏好：花香；匹配你的冷热偏好：热饮,,
U0489,疲劳、困倦,平静,公园/户外,茶香,热饮,咖啡因敏感慎用,咖啡因敏感慎用热饮茶香型,R045,荷叶陈皮,0.7913,匹配你的身体状态：疲劳；匹配你的心情状态：平静；匹配你的冷热偏好：热饮；已考虑你的健康约束：咖啡因敏感慎用,R038,菊花柠檬草,0.7912,匹配你的身体状态：疲劳；匹配你的心情状态：平静；匹配你的冷热偏好：热饮；已考虑你的健康约束：咖啡因敏感慎用,R055,薰衣草蓝莓,0.7909,匹配你的身体状态：疲劳；匹配你的心情状态：平静；匹配你的冷热偏好：热饮；已考虑你的健康约束：咖啡因敏感慎用,,
U0490,疲劳、感觉有点冷,平静,公园/户外,清爽,热饮,低刺激,低刺激热饮清爽型,R055,薰衣草蓝莓,0.8402,匹配你的身体状态：感觉有点冷、疲劳；匹配你的心情状态：平静；匹配你的感官偏好：清爽；匹配你的冷热偏好：热饮；已考虑你的健康约束：低刺激,R038,菊花柠檬草,0.8402,匹配你的身体状态：感觉有点冷、疲劳；匹配你的心情状态：平静；匹配你的感官偏好：清爽；匹配你的冷热偏好：热饮；已考虑你的健康约束：低刺激,R045,荷叶陈皮,0.8402,匹配你的身体状态：感觉有点冷、疲劳；匹配你的心情状态：平静；匹配你的感官偏好：清爽；匹配你的冷热偏好：热饮；已考虑你的健康约束：低刺激,,
U0491,疲劳,开心,商场/商业街,果香、清爽,热饮,低糖、乳糖不耐慎用,低糖热饮清爽果香型,R111,豆奶苹果,0.8394,匹配你的身体状态：疲劳；匹配你的心情状态：开心；匹配你的场景：商场/商业街；匹配你的感官偏好：果香、清爽；匹配你的冷热偏好：热饮；已考虑你的健康约束：低糖、乳糖不耐慎用,R116,椰乳百合,0.8394,匹配你的身体状态：疲劳；匹配你的心情状态：开心；匹配你的场景：商场/商业街；匹配你的感官偏好：果香、清爽；匹配你的冷热偏好：热饮；已考虑你的健康约束：低糖、乳糖不耐慎用,R083,冷萃咖啡椰子水,0.8054,匹配你的身体状态：疲劳；匹配你的心情状态：开心；匹配你的感官偏好：果香、清爽；已考虑你的健康约束：低糖、乳糖不耐慎用,,
U0492,困倦,紧张,地铁/公交/车站,清爽,冷饮,咖啡因敏感慎用,咖啡因敏感慎用冷饮清爽型,R055,薰衣草蓝莓,0.7352,匹配你的心情状态：紧张；匹配你的感官偏好：清爽；已考虑你的健康约束：咖啡因敏感慎用,R053,百合椰子水,0.6847,匹配你的场景：地铁/公交/车站；匹配你的感官偏好：清爽；已考虑你的健康约束：咖啡因敏感慎用,R050,柠檬草橙子,0.6847,匹配你的场景：地铁/公交/车站；匹配你的感官偏好：清爽；已考虑你的健康约束：咖啡因敏感慎用,,
U0493,疲劳、困倦,烦躁,商场/商业街,酸感、气泡感,冷饮,低糖,低糖冷饮气泡感酸感型,R002,青柠茉莉绿茶,0.7955,匹配你的身体状态：困倦、疲劳；匹配你的感官偏好：酸感；匹配你的冷热偏好：冷饮；已考虑你的健康约束：低糖,R027,柠檬轻发酵乌龙,0.7955,匹配你的身体状态：困倦、疲劳；匹配你的感官偏好：酸感；匹配你的冷热偏好：冷饮；已考虑你的健康约束：低糖,R006,草莓红茶,0.786,匹配你的身体状态：困倦、疲劳；匹配你的冷热偏好：冷饮；已考虑你的健康约束：低糖,,
U0494,疲劳,平静,地铁/公交/车站,咖啡香、苦感,冷饮,咖啡因敏感慎用,咖啡因敏感慎用冷饮咖啡香苦感型,R045,荷叶陈皮,0.7975,匹配你的身体状态：疲劳；匹配你的心情状态：平静；匹配你的感官偏好：苦感；已考虑你的健康约束：咖啡因敏感慎用,R038,菊花柠檬草,0.7888,匹配你的身体状态：疲劳；匹配你的心情状态：平静；已考虑你的健康约束：咖啡因敏感慎用,R055,薰衣草蓝莓,0.7886,匹配你的身体状态：疲劳；匹配你的心情状态：平静；已考虑你的健康约束：咖啡因敏感慎用,,
U0495,疲劳、困倦,烦躁,图书馆/自习室,茶香、苦感,热饮,,热饮茶香苦感型,R061,焙茶鲜奶,0.7958,匹配你的身体状态：困倦、疲劳；匹配你的场景：图书馆/自习室；匹配你的感官偏好：茶香；匹配你的冷热偏好：热饮,R075,红茶淡奶油,0.805,匹配你的身体状态：困倦、疲劳；匹配你的场景：图书馆/自习室；匹配你的感官偏好：苦感、茶香；匹配你的冷热偏好：热饮,R069,焙茶豆奶,0.7954,匹配你的身体状态：困倦、疲劳；匹配你的场景：图书馆/自习室；匹配你的感官偏好：茶香；匹配你的冷热偏好：热饮,,
U0496,良好,平静,图书馆/自习室,苦感,热饮,咖啡因敏感慎用,咖啡因敏感慎用热饮苦感型,R061,焙茶鲜奶,0.6895,匹配你的场景：图书馆/自习室；匹配你的冷热偏好：热饮；已考虑你的健康约束：咖啡因敏感慎用,R075,红茶淡奶油,0.7153,匹配你的场景：图书馆/自习室；匹配你的感官偏好：苦感；匹配你的冷热偏好：热饮；已考虑你的健康约束：咖啡因敏感慎用,R045,荷叶陈皮,0.7684,匹配你的心情状态：平静；匹配你的感官偏好：苦感；匹配你的冷热偏好：热饮；已考虑你的健康约束：咖啡因敏感慎用,,
U0497,疲劳,平静,图书馆/自习室,果香,冷饮,乳糖不耐慎用,乳糖不耐慎用冷饮果香型,R030,芒果红茶,0.8095,匹配你的身体状态：疲劳；匹配你的心情状态：平静；匹配你的场景：图书馆/自习室；匹配你的感官偏好：果香；已考虑你的健康约束：乳糖不耐慎用,R022,苹果茉莉绿茶,0.8094,匹配你的身体状态：疲劳；匹配你的心情状态：平静；匹配你的场景：图书馆/自习室；匹配你的感官偏好：果香；已考虑你的健康约束：乳糖不耐慎用,R056,陈皮红茶,0.7692,匹配你的身体状态：疲劳；匹配你的场景：图书馆/自习室；匹配你的感官偏好：果香；已考虑你的健康约束：乳糖不耐慎用,,
U0498,疲劳,紧张,地铁/公交/车站,清爽、苦感,冷饮,咖啡因敏感慎用,咖啡因敏感慎用冷饮清爽苦感型,R055,薰衣草蓝莓,0.7981,匹配你的身体状态：疲劳；匹配你的心情状态：紧张；匹配你的感官偏好：清爽；已考虑你的健康约束：咖啡因敏感慎用,R045,荷叶陈皮,0.8053,匹配你的身体状态：疲劳；匹配你的心情状态：紧张；匹配你的感官偏好：清爽、苦感；已考虑你的健康约束：咖啡因敏感慎用,R038,菊花柠檬草,0.7981,匹配你的身体状态：疲劳；匹配你的心情状态：紧张；匹配你的感官偏好：清爽；已考虑你的健康约束：咖啡因敏感慎用,,
U0499,疲劳,开心,商场/商业街,甜感、清爽,热饮,低糖、乳糖不耐慎用,低糖热饮清爽甜感型,R111,豆奶苹果,0.8394,匹配你的身体状态：疲劳；匹配你的心情状态：开心；匹配你的场景：商场/商业街；匹配你的感官偏好：清爽、甜感；匹配你的冷热偏好：热饮；已考虑你的健康约束：低糖、乳糖不耐慎用,R116,椰乳百合,0.8394,匹配你的身体状态：疲劳；匹配你的心情状态：开心；匹配你的场景：商场/商业街；匹配你的感官偏好：清爽、甜感；匹配你的冷热偏好：热饮；已考虑你的健康约束：低糖、乳糖不耐慎用,R112,燕麦奶桃子,0.8394,匹配你的身体状态：疲劳；匹配你的心情状态：开心；匹配你的场景：商场/商业街；匹配你的感官偏好：清爽、甜感；匹配你的冷热偏好：热饮；已考虑你的健康约束：低糖、乳糖不耐慎用,,
U0500,疲劳、困倦,紧张,图书馆/自习室,清爽、茶香,热饮,咖啡因敏感慎用,咖啡因敏感慎用热饮清爽茶香型,R045,荷叶陈皮,0.8,匹配你的身体状态：疲劳；匹配你的心情状态：紧张；匹配你的感官偏好：清爽；匹配你的冷热偏好：热饮；已考虑你的健康约束：咖啡因敏感慎用,R038,菊花柠檬草,0.7999,匹配你的身体状态：疲劳；匹配你的心情状态：紧张；匹配你的感官偏好：清爽；匹配你的冷热偏好：热饮；已考虑你的健康约束：咖啡因敏感慎用,R055,薰衣草蓝莓,0.7998,匹配你的身体状态：疲劳；匹配你的心情状态：紧张；匹配你的感官偏好：清爽；匹配你的冷热偏好：热饮；已考虑你的健康约束：咖啡因敏感慎用,,
U0501,疲劳、感觉有点热,烦躁,公园/户外,清爽,冷饮,低糖,低糖冷饮清爽型,R050,柠檬草橙子,0.6898,匹配你的感官偏好：清爽；已考虑你的健康约束：低糖,R119,椰子水橙子,0.6898,匹配你的感官偏好：清爽；已考虑你的健康约束：低糖,R083,冷萃咖啡椰子水,0.7686,匹配你的身体状态：疲劳；匹配你的场景：公园/户外；匹配你的感官偏好：清爽；匹配你的冷热偏好：冷饮；已考虑你的健康约束：低糖,,
U0502,疲劳、困倦,紧张,地铁/公交/车站,清爽、茶香,热饮,咖啡因敏感慎用,咖啡因敏感慎用热饮清爽茶香型,R045,荷叶陈皮,0.8001,匹配你的身体状态：疲劳；匹配你的心情状态：紧张；匹配你的感官偏好：清爽；匹配你的冷热偏好：热饮；已考虑你的健康约束：咖啡因敏感慎用,R038,菊花柠檬草,0.8001,匹配你的身体状态：疲劳；匹配你的心情状态：紧张；匹配你的感官偏好：清爽；匹配你的冷热偏好：热饮；已考虑你的健康约束：咖啡因敏感慎用,R055,薰衣草蓝莓,0.8,匹配你的身体状态：疲劳；匹配你的心情状态：紧张；匹配你的感官偏好：清爽；匹配你的冷热偏好：热饮；已考虑你的健康约束：咖啡因敏感慎用,,
U0503,疲劳、感觉有点冷,低落,公园/户外,花香,热饮,低刺激、咖啡因敏感慎用,低刺激热饮花香型,R045,荷叶陈皮,0.84,匹配你的身体状态：感觉有点冷、疲劳；匹配你的心情状态：低落；匹配你的感官偏好：花香；匹配你的冷热偏好：热饮；已考虑你的健康约束：低刺激、咖啡因敏感慎用,R038,菊花柠檬草,0.8399,匹配你的身体状态：感觉有点冷、疲劳；匹配你的心情状态：低落；匹配你的感官偏好：花香；匹配你的冷热偏好：热饮；已考虑你的健康约束：低刺激、咖啡因敏感慎用,R055,薰衣草蓝莓,0.8398,匹配你的身体状态：感觉有点冷、疲劳；匹配你的心情状态：低落；匹配你的感官偏好：花香；匹配你的冷热偏好：热饮；已考虑你的健康约束：低刺激、咖啡因敏感慎用,,
U0504,良好,低落,地铁/公交/车站,茶香、果香,热饮,乳糖不耐慎用,乳糖不耐慎用热饮茶香果香型,R030,芒果红茶,0.689,匹配你的感官偏好：果香、茶香；已考虑你的健康约束：乳糖不耐慎用,R069,焙茶豆奶,0.7624,匹配你的心情状态：低落；匹配你的感官偏好：茶香；匹配你的冷热偏好：热饮；已考虑你的健康约束：乳糖不耐慎用,R022,苹果茉莉绿茶,0.6889,匹配你的感官偏好：果香、茶香；已考虑你的健康约束：乳糖不耐慎用,,
U0505,疲劳,低落,图书馆/自习室,茶香,热饮,乳糖不耐慎用,乳糖不耐慎用热饮茶香型,R069,焙茶豆奶,0.8386,匹配你的身体状态：疲劳；匹配你的心情状态：低落；匹配你的场景：图书馆/自习室；匹配你的感官偏好：茶香；匹配你的冷热偏好：热饮；已考虑你的健康约束：乳糖不耐慎用,R082,咖啡椰乳,0.8294,匹配你的身体状态：疲劳；匹配你的心情状态：低落；匹配你的场景：图书馆/自习室；匹配你的冷热偏好：热饮；已考虑你的健康约束：乳糖不耐慎用,R030,芒果红茶,0.7684,匹配你的身体状态：疲劳；匹配你的场景：图书馆/自习室；匹配你的感官偏好：茶香；已考虑你的健康约束：乳糖不耐慎用,,
U0506,疲劳,开心,地铁/公交/车站,清爽、气泡感,冷饮,低糖,低糖冷饮清爽气泡感型,R083,冷萃咖啡椰子水,0.8336,匹配你的身体状态：疲劳；匹配你的心情状态：开心；匹配你的感官偏好：清爽；匹配你的冷热偏好：冷饮；已考虑你的健康约束：低糖,R050,柠檬草橙子,0.7322,匹配你的心情状态：开心；匹配你的场景：地铁/公交/车站；匹配你的感官偏好：清爽；已考虑你的健康约束：低糖,R119,椰子水橙子,0.7322,匹配你的心情状态：开心；匹配你的场景：地铁/公交/车站；匹配你的感官偏好：清爽；已考虑你的健康约束：低糖,,
U0507,困倦,开心,商场/商业街,奶香、花香,冷饮,,冷饮奶香花香型,R045,荷叶陈皮,0.675,匹配你的感官偏好：花香,R038,菊花柠檬草,0.675,匹配你的感官偏好：花香,R065,茉莉绿茶椰乳,0.8401,匹配你的身体状态：困倦；匹配你的心情状态：开心；匹配你的感官偏好：奶香、花香；匹配你的冷热偏好：冷饮,,
U0508,疲劳、口渴,开心,健身房/运动场,气泡感、清爽,冷饮,低糖,低糖冷饮清爽气泡感型,R090,黑巧椰乳,0.8336,匹配你的身体状态：口渴、疲劳；匹配你的心情状态：开心；匹配你的感官偏好：清爽；匹配你的冷热偏好：冷饮；已考虑你的健康约束：低糖,R113,椰奶荔枝,0.8336,匹配你的身体状态：口渴、疲劳；匹配你的心情状态：开心；匹配你的感官偏好：清爽；匹配你的冷热偏好：冷饮；已考虑你的健康约束：低糖,R083,冷萃咖啡椰子水,0.8336,匹配你的身体状态：口渴、疲劳；匹配你的心情状态：开心；匹配你的感官偏好：清爽；匹配你的冷热偏好：冷饮；已考虑你的健康约束：低糖,,
U0509,疲劳,平静,地铁/公交/车站,清爽,热饮,乳糖不耐慎用,乳糖不耐慎用热饮清爽型,R017,桃子红茶,0.8072,匹配你的身体状态：疲劳；匹配你的感官偏好：清爽；匹配你的冷热偏好：热饮；已考虑你的健康约束：乳糖不耐慎用,R036,苹果红茶,0.8072,匹配你的身体状态：疲劳；匹配你的感官偏好：清爽；匹配你的冷热偏好：热饮；已考虑你的健康约束：乳糖不耐慎用,R045,荷叶陈皮,0.8402,匹配你的身体状态：疲劳；匹配你的心情状态：平静；匹配你的感官偏好：清爽；匹配你的冷热偏好：热饮；已考虑你的健康约束：乳糖不耐慎用,,
U0510,疲劳,紧张,学校/教学楼,清爽、茶香,冷饮,咖啡因敏感慎用,咖啡因敏感慎用冷饮清爽茶香型,R045,荷叶陈皮,0.7981,匹配你的身体状态：疲劳；匹配你的心情状态：紧张；匹配你的感官偏好：清爽；已考虑你的健康约束：咖啡因敏感慎用,R038,菊花柠檬草,0.7981,匹配你的身体状态：疲劳；匹配你的心情状态：紧张；匹配你的感官偏好：清爽；已考虑你的健康约束：咖啡因敏感慎用,R055,薰衣草蓝莓,0.7981,匹配你的身体状态：疲劳；匹配你的心情状态：紧张；匹配你的感官偏好：清爽；已考虑你的健康约束：咖啡因敏感慎用,,
U0511,疲劳,开心,商场/商业街,果香、酸感,冷饮,低糖,低糖冷饮果香酸感型,R083,冷萃咖啡椰子水,0.8336,匹配你的身体状态：疲劳；匹配你的心情状态：开心；匹配你的感官偏好：果香；匹配你的冷热偏好：冷饮；已考虑你的健康约束：低糖,R081,美式咖啡液橙子,0.8402,匹配你的身体状态：疲劳；匹配你的心情状态：开心；匹配你的感官偏好：果香、酸感；匹配你的冷热偏好：冷饮；已考虑你的健康约束：低糖,R001,柠檬白茶,0.8402,匹配你的身体状态：疲劳；匹配你的心情状态：开心；匹配你的感官偏好：果香、酸感；匹配你的冷热偏好：冷饮；已考虑你的健康约束：低糖,,
U0512,困倦,紧张,地铁/公交/车站,清爽、咖啡香、苦感,热饮,咖啡因敏感慎用,咖啡因敏感慎用热饮清爽咖啡香型,R045,荷叶陈皮,0.7654,匹配你的心情状态：紧张；匹配你的感官偏好：清爽、苦感；匹配你的冷热偏好：热饮；已考虑你的健康约束：咖啡因敏感慎用,R038,菊花柠檬草,0.7605,匹配你的心情状态：紧张；匹配你的感官偏好：清爽；匹配你的冷热偏好：热饮；已考虑你的健康约束：咖啡因敏感慎用,R055,薰衣草蓝莓,0.7605,匹配你的心情状态：紧张；匹配你的感官偏好：清爽；匹配你的冷热偏好：热饮；已考虑你的健康约束：咖啡因敏感慎用,,
U0513,疲劳,开心,商场/商业街,茶香、花香,热饮,低刺激、乳糖不耐慎用,低刺激热饮茶香花香型,R045,荷叶陈皮,0.7953,匹配你的身体状态：疲劳；匹配你的感官偏好：花香；匹配你的冷热偏好：热饮；已考虑你的健康约束：低刺激、乳糖不耐慎用,R038,菊花柠檬草,0.7953,匹配你的身体状态：疲劳；匹配你的感官偏好：花香；匹配你的冷热偏好：热饮；已考虑你的健康约束：低刺激、乳糖不耐慎用,R055,薰衣草蓝莓,0.7952,匹配你的身体状态：疲劳；匹配你的感官偏好：花香；匹配你的冷热偏好：热饮；已考虑你的健康约束：低刺激、乳糖不耐慎用,,
U0514,困倦,平静,图书馆/自习室,清爽、茶香,热饮,咖啡因敏感慎用,咖啡因敏感慎用热饮清爽茶香型,R045,荷叶陈皮,0.7628,匹配你的心情状态：平静；匹配你的感官偏好：清爽；匹配你的冷热偏好：热饮；已考虑你的健康约束：咖啡因敏感慎用,R038,菊花柠檬草,0.7627,匹配你的心情状态：平静；匹配你的感官偏好：清爽；匹配你的冷热偏好：热饮；已考虑你的健康约束：咖啡因敏感慎用,R055,薰衣草蓝莓,0.7626,匹配你的心情状态：平静；匹配你的感官偏好：清爽；匹配你的冷热偏好：热饮；已考虑你的健康约束：咖啡因敏感慎用,,
U0515,疲劳,烦躁,图书馆/自习室,清爽,常温,咖啡因敏感慎用,咖啡因敏感慎用常温清爽型,R045,荷叶陈皮,0.7709,匹配你的身体状态：疲劳；匹配你的感官偏好：清爽；已考虑你的健康约束：咖啡因敏感慎用,R038,菊花柠檬草,0.7708,匹配你的身体状态：疲劳；匹配你的感官偏好：清爽；已考虑你的健康约束：咖啡因敏感慎用,R055,薰衣草蓝莓,0.7708,匹配你的身体状态：疲劳；匹配你的感官偏好：清爽；已考虑你的健康约束：咖啡因敏感慎用,,
U0516,良好,紧张,地铁/公交/车站,茶香、苦感,冷饮,咖啡因敏感慎用,咖啡因敏感慎用冷饮茶香苦感型,R045,荷叶陈皮,0.7245,匹配你的心情状态：紧张；匹配你的感官偏好：苦感；已考虑你的健康约束：咖啡因敏感慎用,R038,菊花柠檬草,0.7163,匹配你的心情状态：紧张；已考虑你的健康约束：咖啡因敏感慎用,R043,金银花菊花,0.7428,匹配你的身体状态：良好；匹配你的场景：地铁/公交/车站；已考虑你的健康约束：咖啡因敏感慎用,,
U0517,疲劳,平静,学校/教学楼,茶香、清爽,热饮,咖啡因敏感慎用,咖啡因敏感慎用热饮清爽茶香型,R045,荷叶陈皮,0.8335,匹配你的身体状态：疲劳；匹配你的心情状态：平静；匹配你的感官偏好：清爽；匹配你的冷热偏好：热饮；已考虑你的健康约束：咖啡因敏感慎用,R038,菊花柠檬草,0.8335,匹配你的身体状态：疲劳；匹配你的心情状态：平静；匹配你的感官偏好：清爽；匹配你的冷热偏好：热饮；已考虑你的健康约束：咖啡因敏感慎用,R055,薰衣草蓝莓,0.8334,匹配你的身体状态：疲劳；匹配你的心情状态：平静；匹配你的感官偏好：清爽；匹配你的冷热偏好：热饮；已考虑你的健康约束：咖啡因敏感慎用,,
U0518,困倦,烦躁、平静,图书馆/自习室,清爽,冷饮,咖啡因敏感慎用,咖啡因敏感慎用冷饮清爽型,R045,荷叶陈皮,0.7107,匹配你的心情状态：平静；匹配你的感官偏好：清爽；已考虑你的健康约束：咖啡因敏感慎用,R038,菊花柠檬草,0.7107,匹配你的心情状态：平静；匹配你的感官偏好：清爽；已考虑你的健康约束：咖啡因敏感慎用,R055,薰衣草蓝莓,0.7106,匹配你的心情状态：平静；匹配你的感官偏好：清爽；已考虑你的健康约束：咖啡因敏感慎用,,
U0519,疲劳,烦躁、开心,商场/商业街,清爽、酸感,冷饮,低糖,低糖冷饮清爽酸感型,R090,黑巧椰乳,0.8143,匹配你的身体状态：疲劳；匹配你的心情状态：开心；匹配你的场景：商场/商业街；匹配你的感官偏好：清爽；匹配你的冷热偏好：冷饮；已考虑你的健康约束：低糖,R083,冷萃咖啡椰子水,0.8147,匹配你的身体状态：疲劳；匹配你的心情状态：开心；匹配你的感官偏好：清爽；匹配你的冷热偏好：冷饮；已考虑你的健康约束：低糖,R089,可可粉豆奶,0.8227,匹配你的身体状态：疲劳；匹配你的心情状态：开心；匹配你的场景：商场/商业街；匹配你的感官偏好：清爽、酸感；匹配你的冷热偏好：冷饮；已考虑你的健康约束：低糖,,
U0520,疲劳,平静,图书馆/自习室,咖啡香、苦感,热饮,低糖,低糖热饮咖啡香苦感型,R061,焙茶鲜奶,0.7958,匹配你的身体状态：疲劳；匹配你的场景：图书馆/自习室；匹配你的感官偏好：咖啡香；匹配你的冷热偏好：热饮；已考虑你的健康约束：低糖,R075,红茶淡奶油,0.7958,匹配你的身体状态：疲劳；匹配你的场景：图书馆/自习室；匹配你的感官偏好：苦感；匹配你的冷热偏好：热饮；已考虑你的健康约束：低糖,R069,焙茶豆奶,0.7954,匹配你的身体状态：疲劳；匹配你的场景：图书馆/自习室；匹配你的感官偏好：咖啡香；匹配你的冷热偏好：热饮；已考虑你的健康约束：低糖,,
U0521,疲劳、感觉有点热,平静,公园/户外,清爽,冷饮,低糖,低糖冷饮清爽型,R083,冷萃咖啡椰子水,0.7686,匹配你的身体状态：疲劳；匹配你的场景：公园/户外；匹配你的感官偏好：清爽；匹配你的冷热偏好：冷饮；已考虑你的健康约束：低糖,R050,柠檬草橙子,0.7352,匹配你的心情状态：平静；匹配你的感官偏好：清爽；已考虑你的健康约束：低糖,R119,椰子水橙子,0.7352,匹配你的心情状态：平静；匹配你的感官偏好：清爽；已考虑你的健康约束：低糖,,
U0522,困倦,平静,图书馆/自习室、地铁/公交/车站,咖啡香、苦感,热饮,乳糖不耐慎用,乳糖不耐慎用热饮咖啡香苦感型,R069,焙茶豆奶,0.7945,匹配你的身体状态：困倦；匹配你的场景：图书馆/自习室；匹配你的感官偏好：咖啡香；匹配你的冷热偏好：热饮；已考虑你的健康约束：乳糖不耐慎用,R030,芒果红茶,0.7978,匹配你的身体状态：困倦；匹配你的心情状态：平静；匹配你的场景：图书馆/自习室；匹配你的感官偏好：苦感；已考虑你的健康约束：乳糖不耐慎用,R082,咖啡椰乳,0.8041,匹配你的身体状态：困倦；匹配你的场景：图书馆/自习室；匹配你的感官偏好：咖啡香、苦感；匹配你的冷热偏好：热饮；已考虑你的健康约束：乳糖不耐慎用,,
U0523,困倦,烦躁,图书馆/自习室,清爽,热饮,,热饮清爽型,R014,葡萄焙茶,0.8394,匹配你的身体状态：困倦；匹配你的心情状态：烦躁；匹配你的场景：图书馆/自习室；匹配你的感官偏好：清爽；匹配你的冷热偏好：热饮,R028,苹果焙茶,0.8394,匹配你的身体状态：困倦；匹配你的心情状态：烦躁；匹配你的场景：图书馆/自习室；匹配你的感官偏好：清爽；匹配你的冷热偏好：热饮,R020,草莓玄米茶,0.8394,匹配你的身体状态：困倦；匹配你的心情状态：烦躁；匹配你的场景：图书馆/自习室；匹配你的感官偏好：清爽；匹配你的冷热偏好：热饮,,
U0524,良好,平静,地铁/公交/车站,果香、清爽,热饮,低糖、咖啡因敏感慎用,低糖热饮清爽果香型,R045,荷叶陈皮,0.7716,匹配你的心情状态：平静；匹配你的感官偏好：果香、清爽；匹配你的冷热偏好：热饮；已考虑你的健康约束：低糖、咖啡因敏感慎用,R038,菊花柠檬草,0.7716,匹配你的心情状态：平静；匹配你的感官偏好：果香、清爽；匹配你的冷热偏好：热饮；已考虑你的健康约束：低糖、咖啡因敏感慎用,R055,薰衣草蓝莓,0.7716,匹配你的心情状态：平静；匹配你的感官偏好：果香、清爽；匹配你的冷热偏好：热饮；已考虑你的健康约束：低糖、咖啡因敏感慎用,,
U0525,困倦,平静,地铁/公交/车站,奶香、甜感,冷饮,,冷饮奶香甜感型,R022,苹果茉莉绿茶,0.7981,匹配你的身体状态：困倦；匹配你的心情状态：平静；匹配你的感官偏好：甜感,R030,芒果红茶,0.7981,匹配你的身体状态：困倦；匹配你的心情状态：平静；匹配你的感官偏好：甜感,R014,葡萄焙茶,0.798,匹配你的身体状态：困倦；匹配你的心情状态：平静；匹配你的感官偏好：甜感,,
U0526,疲劳、感觉有点热,平静,地铁/公交/车站、公园/户外,清爽,热饮,低刺激,低刺激热饮清爽型,R055,薰衣草蓝莓,0.8076,匹配你的身体状态：疲劳；匹配你的心情状态：平静；匹配你的感官偏好：清爽；匹配你的冷热偏好：热饮；已考虑你的健康约束：低刺激,R037,玫瑰桂花,0.7729,匹配你的身体状态：疲劳；匹配你的感官偏好：清爽；匹配你的冷热偏好：热饮；已考虑你的健康约束：低刺激,R040,薰衣草洋甘菊,0.7729,匹配你的身体状态：疲劳；匹配你的感官偏好：清爽；匹配你的冷热偏好：热饮；已考虑你的健康约束：低刺激,,
U0527,困倦,烦躁,图书馆/自习室,清爽、花香,冷饮,咖啡因敏感慎用,咖啡因敏感慎用冷饮清爽花香型,R038,菊花柠檬草,0.6897,匹配你的感官偏好：清爽、花香；已考虑你的健康约束：咖啡因敏感慎用,R045,荷叶陈皮,0.6897,匹配你的感官偏好：清爽、花香；已考虑你的健康约束：咖啡因敏感慎用,R055,薰衣草蓝莓,0.6897,匹配你的感官偏好：清爽、花香；已考虑你的健康约束：咖啡因敏感慎用,,
U0528,困倦、感觉有点冷,平静,地铁/公交/车站、公园/户外,茶香、清爽,热饮,乳糖不耐慎用,乳糖不耐慎用热饮清爽茶香型,R045,荷叶陈皮,0.8001,匹配你的身体状态：感觉有点冷；匹配你的心情状态：平静；匹配你的感官偏好：清爽；匹配你的冷热偏好：热饮；已考虑你的健康约束：乳糖不耐慎用,R038,菊花柠檬草,0.8001,匹配你的身体状态：感觉有点冷；匹配你的心情状态：平静；匹配你的感官偏好：清爽；匹配你的冷热偏好：热饮；已考虑你的健康约束：乳糖不耐慎用,R015,陈皮普洱茶,0.8075,匹配你的身体状态：困倦；匹配你的心情状态：平静；匹配你的感官偏好：清爽、茶香；匹配你的冷热偏好：热饮；已考虑你的健康约束：乳糖不耐慎用,,
U0529,困倦,平静,地铁/公交/车站,茶香、清爽,冷饮,咖啡因敏感慎用,咖啡因敏感慎用冷饮清爽茶香型,R045,荷叶陈皮,0.7267,匹配你的心情状态：平静；匹配你的感官偏好：清爽；已考虑你的健康约束：咖啡因敏感慎用,R038,菊花柠檬草,0.7267,匹配你的心情状态：平静；匹配你的感官偏好：清爽；已考虑你的健康约束：咖啡因敏感慎用,R055,薰衣草蓝莓,0.7266,匹配你的心情状态：平静；匹配你的感官偏好：清爽；已考虑你的健康约束：咖啡因敏感慎用,,
U0530,疲劳,烦躁,地铁/公交/车站,茶香、甜感,热饮,乳糖不耐慎用,乳糖不耐慎用热饮茶香甜感型,R056,陈皮红茶,0.8072,匹配你的身体状态：疲劳；匹配你的感官偏好：甜感、茶香；匹配你的冷热偏好：热饮；已考虑你的健康约束：乳糖不耐慎用,R030,芒果红茶,0.8053,匹配你的身体状态：疲劳；匹配你的心情状态：烦躁；匹配你的感官偏好：甜感、茶香；已考虑你的健康约束：乳糖不耐慎用,R039,茉莉花白茶,0.8072,匹配你的身体状态：疲劳；匹配你的感官偏好：甜感、茶香；匹配你的冷热偏好：热饮；已考虑你的健康约束：乳糖不耐慎用,,
U0531,良好,平静,图书馆/自习室、地铁/公交/车站,清爽,热饮,低刺激,低刺激热饮清爽型,R045,荷叶陈皮,0.7715,匹配你的心情状态：平静；匹配你的感官偏好：清爽；匹配你的冷热偏好：热饮；已考虑你的健康约束：低刺激,R038,菊花柠檬草,0.7714,匹配你的心情状态：平静；匹配你的感官偏好：清爽；匹配你的冷热偏好：热饮；已考虑你的健康约束：低刺激,R055,薰衣草蓝莓,0.7713,匹配你的心情状态：平静；匹配你的感官偏好：清爽；匹配你的冷热偏好：热饮；已考虑你的健康约束：低刺激,,
U0532,疲劳,平静,学校/教学楼,清爽、果香,热饮,低糖,低糖热饮清爽果香型,R008,苹果玄米茶,0.8058,匹配你的身体状态：疲劳；匹配你的场景：学校/教学楼；匹配你的感官偏好：果香、清爽；匹配你的冷热偏好：热饮；已考虑你的健康约束：低糖,R065,茉莉绿茶椰乳,0.7693,匹配你的身体状态：疲劳；匹配你的场景：学校/教学楼；匹配你的感官偏好：果香、清爽；已考虑你的健康约束：低糖,R071,茉莉绿茶低脂牛奶,0.7693,匹配你的身体状态：疲劳；匹配你的场景：学校/教学楼；匹配你的感官偏好：果香、清爽；已考虑你的健康约束：低糖,,
U0533,疲劳,紧张,地铁/公交/车站,咖啡香、苦感、清爽,冷饮,咖啡因敏感慎用,咖啡因敏感慎用冷饮清爽咖啡香型,R055,薰衣草蓝莓,0.7953,匹配你的身体状态：疲劳；匹配你的心情状态：紧张；匹配你的感官偏好：清爽；已考虑你的健康约束：咖啡因敏感慎用,R045,荷叶陈皮,0.8005,匹配你的身体状态：疲劳；匹配你的心情状态：紧张；匹配你的感官偏好：清爽、苦感；已考虑你的健康约束：咖啡因敏感慎用,R038,菊花柠檬草,0.7953,匹配你的身体状态：疲劳；匹配你的心情状态：紧张；匹配你的感官偏好：清爽；已考虑你的健康约束：咖啡因敏感慎用,,
U0534,良好,紧张,图书馆/自习室,花香、清爽,热饮,咖啡因敏感慎用、乳糖不耐慎用,咖啡因敏感慎用热饮清爽花香型,R045,荷叶陈皮,0.7714,匹配你的心情状态：紧张；匹配你的感官偏好：清爽、花香；匹配你的冷热偏好：热饮；已考虑你的健康约束：咖啡因敏感慎用、乳糖不耐慎用,R038,菊花柠檬草,0.7714,匹配你的心情状态：紧张；匹配你的感官偏好：清爽、花香；匹配你的冷热偏好：热饮；已考虑你的健康约束：咖啡因敏感慎用、乳糖不耐慎用,R055,薰衣草蓝莓,0.7713,匹配你的心情状态：紧张；匹配你的感官偏好：清爽、花香；匹配你的冷热偏好：热饮；已考虑你的健康约束：咖啡因敏感慎用、乳糖不耐慎用,,
U0535,困倦,烦躁,地铁/公交/车站,清爽、苦感,热饮,,热饮清爽苦感型,R022,苹果茉莉绿茶,0.7981,匹配你的身体状态：困倦；匹配你的心情状态：烦躁；匹配你的感官偏好：清爽,R020,草莓玄米茶,0.8336,匹配你的身体状态：困倦；匹配你的心情状态：烦躁；匹配你的感官偏好：清爽；匹配你的冷热偏好：热饮,R015,陈皮普洱茶,0.7954,匹配你的身体状态：困倦；匹配你的感官偏好：清爽；匹配你的冷热偏好：热饮,,
U0536,感觉有点冷,平静,地铁/公交/车站、公园/户外,果香、清爽,热饮,乳糖不耐慎用,乳糖不耐慎用热饮清爽果香型,R053,百合椰子水,0.7369,匹配你的心情状态：平静；匹配你的场景：地铁/公交/车站；匹配你的感官偏好：果香、清爽；已考虑你的健康约束：乳糖不耐慎用,R083,冷萃咖啡椰子水,0.6863,匹配你的场景：公园/户外；匹配你的感官偏好：果香、清爽；已考虑你的健康约束：乳糖不耐慎用,R043,金银花菊花,0.7285,匹配你的心情状态：平静；匹配你的场景：地铁/公交/车站；匹配你的感官偏好：清爽；已考虑你的健康约束：乳糖不耐慎用,,
U0537,疲劳,平静,图书馆/自习室、地铁/公交/车站,奶香,热饮,低刺激、咖啡因敏感慎用,低刺激热饮奶香型,R045,荷叶陈皮,0.8248,匹配你的身体状态：疲劳；匹配你的心情状态：平静；匹配你的冷热偏好：热饮；已考虑你的健康约束：低刺激、咖啡因敏感慎用,R038,菊花柠檬草,0.8246,匹配你的身体状态：疲劳；匹配你的心情状态：平静；匹配你的冷热偏好：热饮；已考虑你的健康约束：低刺激、咖啡因敏感慎用,R055,薰衣草蓝莓,0.8243,匹配你的身体状态：疲劳；匹配你的心情状态：平静；匹配你的冷热偏好：热饮；已考虑你的健康约束：低刺激、咖啡因敏感慎用,,
U0538,困倦,平静,图书馆/自习室,清爽、果香,冷饮,低糖,低糖冷饮清爽果香型,R006,草莓红茶,0.8057,匹配你的身体状态：困倦；匹配你的场景：图书馆/自习室；匹配你的感官偏好：果香、清爽；匹配你的冷热偏好：冷饮；已考虑你的健康约束：低糖,R023,西瓜绿茶,0.8057,匹配你的身体状态：困倦；匹配你的场景：图书馆/自习室；匹配你的感官偏好：果香、清爽；匹配你的冷热偏好：冷饮；已考虑你的健康约束：低糖,R002,青柠茉莉绿茶,0.8057,匹配你的身体状态：困倦；匹配你的场景：图书馆/自习室；匹配你的感官偏好：果香、清爽；匹配你的冷热偏好：冷饮；已考虑你的健康约束：低糖,,
U0539,疲劳、感觉有点热,烦躁,公园/户外,清爽,冷饮,低糖,低糖冷饮清爽型,R050,柠檬草橙子,0.6898,匹配你的感官偏好：清爽；已考虑你的健康约束：低糖,R119,椰子水橙子,0.6898,匹配你的感官偏好：清爽；已考虑你的健康约束：低糖,R083,冷萃咖啡椰子水,0.7686,匹配你的身体状态：疲劳；匹配你的场景：公园/户外；匹配你的感官偏好：清爽；匹配你的冷热偏好：冷饮；已考虑你的健康约束：低糖,,
U0540,困倦,紧张,图书馆/自习室、地铁/公交/车站,咖啡香、苦感、清爽,冷饮,咖啡因敏感慎用,咖啡因敏感慎用冷饮清爽咖啡香型,R045,荷叶陈皮,0.7293,匹配你的心情状态：紧张；匹配你的感官偏好：清爽、苦感；已考虑你的健康约束：咖啡因敏感慎用,R038,菊花柠檬草,0.7242,匹配你的心情状态：紧张；匹配你的感官偏好：清爽；已考虑你的健康约束：咖啡因敏感慎用,R055,薰衣草蓝莓,0.7241,匹配你的心情状态：紧张；匹配你的感官偏好：清爽；已考虑你的健康约束：咖啡因敏感慎用,,
U0541,疲劳、感觉有点冷,烦躁,地铁/公交/车站、公园/户外,清爽,热饮,低刺激、咖啡因敏感慎用,低刺激热饮清爽型,R055,薰衣草蓝莓,0.8072,匹配你的身体状态：感觉有点冷、疲劳；匹配你的感官偏好：清爽；匹配你的冷热偏好：热饮；已考虑你的健康约束：低刺激、咖啡因敏感慎用,R116,椰乳百合,0.8072,匹配你的身体状态：感觉有点冷、疲劳；匹配你的感官偏好：清爽；匹配你的冷热偏好：热饮；已考虑你的健康约束：低刺激、咖啡因敏感慎用,R037,玫瑰桂花,0.8072,匹配你的身体状态：感觉有点冷、疲劳；匹配你的感官偏好：清爽；匹配你的冷热偏好：热饮；已考虑你的健康约束：低刺激、咖啡因敏感慎用,,
U0542,感觉有点热,开心,商场/商业街、公园/户外,清爽,冷饮,低糖,低糖冷饮清爽型,R048,玫瑰草莓,0.8394,匹配你的身体状态：感觉有点热；匹配你的心情状态：开心；匹配你的场景：公园/户外、商场/商业街；匹配你的感官偏好：清爽；匹配你的冷热偏好：冷饮；已考虑你的健康约束：低糖,R051,薄荷叶西瓜,0.8394,匹配你的身体状态：感觉有点热；匹配你的心情状态：开心；匹配你的场景：公园/户外、商场/商业街；匹配你的感官偏好：清爽；匹配你的冷热偏好：冷饮；已考虑你的健康约束：低糖,R052,茉莉花荔枝,0.8394,匹配你的身体状态：感觉有点热；匹配你的心情状态：开心；匹配你的场景：公园/户外、商场/商业街；匹配你的感官偏好：清爽；匹配你的冷热偏好：冷饮；已考虑你的健康约束：低糖,,
U0543,良好,开心,地铁/公交/车站,茶香、果香,热饮,低糖、低刺激,低糖热饮茶香果香型,R045,荷叶陈皮,0.7201,匹配你的感官偏好：果香；匹配你的冷热偏好：热饮；已考虑你的健康约束：低糖、低刺激,R038,菊花柠檬草,0.72,匹配你的感官偏好：果香；匹配你的冷热偏好：热饮；已考虑你的健康约束：低糖、低刺激,R055,薰衣草蓝莓,0.7198,匹配你的感官偏好：果香；匹配你的冷热偏好：热饮；已考虑你的健康约束：低糖、低刺激,,
U0544,困倦,紧张,图书馆/自习室,茶香、清爽,热饮,咖啡因敏感慎用,咖啡因敏感慎用热饮清爽茶香型,R045,荷叶陈皮,0.7629,匹配你的心情状态：紧张；匹配你的感官偏好：清爽；匹配你的冷热偏好：热饮；已考虑你的健康约束：咖啡因敏感慎用,R038,菊花柠檬草,0.7628,匹配你的心情状态：紧张；匹配你的感官偏好：清爽；匹配你的冷热偏好：热饮；已考虑你的健康约束：咖啡因敏感慎用,R055,薰衣草蓝莓,0.7627,匹配你的心情状态：紧张；匹配你的感官偏好：清爽；匹配你的冷热偏好：热饮；已考虑你的健康约束：咖啡因敏感慎用,,
U0545,疲劳,烦躁,地铁/公交/车站,清爽、气泡感,热饮,低刺激,低刺激热饮清爽气泡感型,R055,薰衣草蓝莓,0.7954,匹配你的身体状态：疲劳；匹配你的感官偏好：清爽；匹配你的冷热偏好：热饮；已考虑你的健康约束：低刺激,R038,菊花柠檬草,0.7954,匹配你的身体状态：疲劳；匹配你的感官偏好：清爽；匹配你的冷热偏好：热饮；已考虑你的健康约束：低刺激,R037,玫瑰桂花,0.7954,匹配你的身体状态：疲劳；匹配你的感官偏好：清爽；匹配你的冷热偏好：热饮；已考虑你的健康约束：低刺激,,
U0546,困倦,烦躁,图书馆/自习室,花香,热饮,低刺激、咖啡因敏感慎用,低刺激热饮花香型,R045,荷叶陈皮,0.7324,匹配你的感官偏好：花香；匹配你的冷热偏好：热饮；已考虑你的健康约束：低刺激、咖啡因敏感慎用,R038,菊花柠檬草,0.7322,匹配你的感官偏好：花香；匹配你的冷热偏好：热饮；已考虑你的健康约束：低刺激、咖啡因敏感慎用,R055,薰衣草蓝莓,0.7317,匹配你的感官偏好：花香；匹配你的冷热偏好：热饮；已考虑你的健康约束：低刺激、咖啡因敏感慎用,,
U0547,困倦、感觉有点冷,平静,地铁/公交/车站、公园/户外,清爽,热饮,低刺激,低刺激热饮清爽型,R055,薰衣草蓝莓,0.8076,匹配你的身体状态：感觉有点冷；匹配你的心情状态：平静；匹配你的感官偏好：清爽；匹配你的冷热偏好：热饮；已考虑你的健康约束：低刺激,R038,菊花柠檬草,0.8075,匹配你的身体状态：感觉有点冷；匹配你的心情状态：平静；匹配你的感官偏好：清爽；匹配你的冷热偏好：热饮；已考虑你的健康约束：低刺激,R043,金银花菊花,0.7368,匹配你的心情状态：平静；匹配你的场景：地铁/公交/车站；匹配你的感官偏好：清爽；已考虑你的健康约束：低刺激,,
U0548,良好,烦躁,图书馆/自习室,清爽,热饮,咖啡因敏感慎用,咖啡因敏感慎用热饮清爽型,R045,荷叶陈皮,0.7345,匹配你的感官偏好：清爽；匹配你的冷热偏好：热饮；已考虑你的健康约束：咖啡因敏感慎用,R038,菊花柠檬草,0.7344,匹配你的感官偏好：清爽；匹配你的冷热偏好：热饮；已考虑你的健康约束：咖啡因敏感慎用,R055,薰衣草蓝莓,0.7343,匹配你的感官偏好：清爽；匹配你的冷热偏好：热饮；已考虑你的健康约束：咖啡因敏感慎用,,
U0549,疲劳,烦躁,图书馆/自习室,清爽,热饮,低刺激、咖啡因敏感慎用,低刺激热饮清爽型,R045,荷叶陈皮,0.8072,匹配你的身体状态：疲劳；匹配你的感官偏好：清爽；匹配你的冷热偏好：热饮；已考虑你的健康约束：低刺激、咖啡因敏感慎用,R038,菊花柠檬草,0.8071,匹配你的身体状态：疲劳；匹配你的感官偏好：清爽；匹配你的冷热偏好：热饮；已考虑你的健康约束：低刺激、咖啡因敏感慎用,R055,薰衣草蓝莓,0.8071,匹配你的身体状态：疲劳；匹配你的感官偏好：清爽；匹配你的冷热偏好：热饮；已考虑你的健康约束：低刺激、咖啡因敏感慎用,,
U0550,良好,烦躁,图书馆/自习室,清爽,热饮,低刺激、咖啡因敏感慎用,低刺激热饮清爽型,R045,荷叶陈皮,0.7345,匹配你的感官偏好：清爽；匹配你的冷热偏好：热饮；已考虑你的健康约束：低刺激、咖啡因敏感慎用,R038,菊花柠檬草,0.7344,匹配你的感官偏好：清爽；匹配你的冷热偏好：热饮；已考虑你的健康约束：低刺激、咖啡因敏感慎用,R055,薰衣草蓝莓,0.7343,匹配你的感官偏好：清爽；匹配你的冷热偏好：热饮；已考虑你的健康约束：低刺激、咖啡因敏感慎用,,
U0551,感觉有点冷,烦躁,公园/户外,花香、清爽,热饮,低刺激,低刺激热饮清爽花香型,R043,金银花菊花,0.6897,匹配你的感官偏好：清爽、花香；已考虑你的健康约束：低刺激,R050,柠檬草橙子,0.6897,匹配你的感官偏好：清爽、花香；已考虑你的健康约束：低刺激,R119,椰子水橙子,0.6897,匹配你的感官偏好：清爽、花香；已考虑你的健康约束：低刺激,,
U0552,疲劳、感觉有点冷,平静,公园/户外,甜感,热饮,乳糖不耐慎用,乳糖不耐慎用热饮甜感型,R045,荷叶陈皮,0.8401,匹配你的身体状态：感觉有点冷、疲劳；匹配你的心情状态：平静；匹配你的感官偏好：甜感；匹配你的冷热偏好：热饮；已考虑你的健康约束：乳糖不耐慎用,R015,陈皮普洱茶,0.8075,匹配你的身体状态：疲劳；匹配你的心情状态：平静；匹配你的感官偏好：甜感；匹配你的冷热偏好：热饮；已考虑你的健康约束：乳糖不耐慎用,R031,陈皮玄米茶,0.8075,匹配你的身体状态：疲劳；匹配你的心情状态：平静；匹配你的感官偏好：甜感；匹配你的冷热偏好：热饮；已考虑你的健康约束：乳糖不耐慎用,,
U0553,良好,平静,商场/商业街,清爽,常温,低糖、低刺激,低糖常温清爽型,R043,金银花菊花,0.8401,匹配你的身体状态：良好；匹配你的心情状态：平静；匹配你的感官偏好：清爽；匹配你的冷热偏好：常温；已考虑你的健康约束：低糖、低刺激,R045,荷叶陈皮,0.7348,匹配你的心情状态：平静；匹配你的感官偏好：清爽；已考虑你的健康约束：低糖、低刺激,R038,菊花柠檬草,0.7348,匹配你的心情状态：平静；匹配你的感官偏好：清爽；已考虑你的健康约束：低糖、低刺激,,
U0554,疲劳,开心,地铁/公交/车站,果香、酸感、清爽,冷饮,低糖,低糖冷饮清爽果香型,R083,冷萃咖啡椰子水,0.836,匹配你的身体状态：疲劳；匹配你的心情状态：开心；匹配你的感官偏好：果香、清爽；匹配你的冷热偏好：冷饮；已考虑你的健康约束：低糖,R081,美式咖啡液橙子,0.8402,匹配你的身体状态：疲劳；匹配你的心情状态：开心；匹配你的感官偏好：果香、清爽、酸感；匹配你的冷热偏好：冷饮；已考虑你的健康约束：低糖,R090,黑巧椰乳,0.836,匹配你的身体状态：疲劳；匹配你的心情状态：开心；匹配你的感官偏好：果香、清爽；匹配你的冷热偏好：冷饮；已考虑你的健康约束：低糖,,
U0555,疲劳,紧张,学校/教学楼,清爽、果香,热饮,低糖,低糖热饮清爽果香型,R008,苹果玄米茶,0.8058,匹配你的身体状态：疲劳；匹配你的场景：学校/教学楼；匹配你的感官偏好：果香、清爽；匹配你的冷热偏好：热饮；已考虑你的健康约束：低糖,R005,橙子伯爵红茶,0.8058,匹配你的身体状态：疲劳；匹配你的场景：学校/教学楼；匹配你的感官偏好：果香、清爽；匹配你的冷热偏好：热饮；已考虑你的健康约束：低糖,R026,橙子普洱茶,0.8058,匹配你的身体状态：疲劳；匹配你的场景：学校/教学楼；匹配你的感官偏好：果香、清爽；匹配你的冷热偏好：热饮；已考虑你的健康约束：低糖,,
U0556,良好,烦躁,地铁/公交/车站,花香,常温,低刺激、咖啡因敏感慎用,低刺激常温花香型,R045,荷叶陈皮,0.6851,匹配你的感官偏好：花香；已考虑你的健康约束：低刺激、咖啡因敏感慎用,R043,金银花菊花,0.8019,匹配你的身体状态：良好；匹配你的场景：地铁/公交/车站；匹配你的感官偏好：花香；匹配你的冷热偏好：常温；已考虑你的健康约束：低刺激、咖啡因敏感慎用,R038,菊花柠檬草,0.6849,匹配你的感官偏好：花香；已考虑你的健康约束：低刺激、咖啡因敏感慎用,,
U0557,感觉有点冷,紧张,地铁/公交/车站、公园/户外,茶香、清爽,热饮,低糖、咖啡因敏感慎用,低糖热饮清爽茶香型,R055,薰衣草蓝莓,0.8336,匹配你的身体状态：感觉有点冷；匹配你的心情状态：紧张；匹配你的感官偏好：清爽；匹配你的冷热偏好：热饮；已考虑你的健康约束：低糖、咖啡因敏感慎用,R053,百合椰子水,0.6706,匹配你的场景：地铁/公交/车站；匹配你的感官偏好：清爽；已考虑你的健康约束：低糖、咖啡因敏感慎用,R043,金银花菊花,0.6706,匹配你的场景：地铁/公交/车站；匹配你的感官偏好：清爽；已考虑你的健康约束：低糖、咖啡因敏感慎用,,
U0558,疲劳,烦躁,商场/商业街、地铁/公交/车站,茶香、甜感,热饮,低糖,低糖热饮茶香甜感型,R015,陈皮普洱茶,0.8072,匹配你的身体状态：疲劳；匹配你的感官偏好：甜感、茶香；匹配你的冷热偏好：热饮；已考虑你的健康约束：低糖,R031,陈皮玄米茶,0.8072,匹配你的身体状态：疲劳；匹配你的感官偏好：甜感、茶香；匹配你的冷热偏好：热饮；已考虑你的健康约束：低糖,R020,草莓玄米茶,0.8402,匹配你的身体状态：疲劳；匹配你的心情状态：烦躁；匹配你的感官偏好：甜感、茶香；匹配你的冷热偏好：热饮；已考虑你的健康约束：低糖,,
U0559,困倦,紧张,地铁/公交/车站,清爽,冷饮,低糖,低糖冷饮清爽型,R083,冷萃咖啡椰子水,0.8072,匹配你的身体状态：困倦；匹配你的感官偏好：清爽；匹配你的冷热偏好：冷饮；已考虑你的健康约束：低糖,R009,桃子轻发酵乌龙,0.8072,匹配你的身体状态：困倦；匹配你的感官偏好：清爽；匹配你的冷热偏好：冷饮；已考虑你的健康约束：低糖,R012,荔枝茉莉绿茶,0.8072,匹配你的身体状态：困倦；匹配你的感官偏好：清爽；匹配你的冷热偏好：冷饮；已考虑你的健康约束：低糖,,
U0560,疲劳,平静,学校/教学楼,清爽、果香、酸感,冷饮,低糖,低糖冷饮清爽果香型,R009,桃子轻发酵乌龙,0.7997,匹配你的身体状态：疲劳；匹配你的场景：学校/教学楼；匹配你的感官偏好：果香、清爽；匹配你的冷热偏好：冷饮；已考虑你的健康约束：低糖,R012,荔枝茉莉绿茶,0.7997,匹配你的身体状态：疲劳；匹配你的场景：学校/教学楼；匹配你的感官偏好：果香、清爽；匹配你的冷热偏好：冷饮；已考虑你的健康约束：低糖,R033,草莓茉莉绿茶,0.7997,匹配你的身体状态：疲劳；匹配你的场景：学校/教学楼；匹配你的感官偏好：果香、清爽；匹配你的冷热偏好：冷饮；已考虑你的健康约束：低糖,,
U0561,疲劳,平静,商场/商业街,清爽,冷饮,,冷饮清爽型,R083,冷萃咖啡椰子水,0.8072,匹配你的身体状态：疲劳；匹配你的感官偏好：清爽；匹配你的冷热偏好：冷饮,R081,美式咖啡液橙子,0.8072,匹配你的身体状态：疲劳；匹配你的感官偏好：清爽；匹配你的冷热偏好：冷饮,R009,桃子轻发酵乌龙,0.8072,匹配你的身体状态：疲劳；匹配你的感官偏好：清爽；匹配你的冷热偏好：冷饮,,
U0562,良好,平静,图书馆/自习室、地铁/公交/车站,花香、清爽,热饮,低糖、乳糖不耐慎用,低糖热饮清爽花香型,R022,苹果茉莉绿茶,0.7367,匹配你的心情状态：平静；匹配你的场景：图书馆/自习室；匹配你的感官偏好：清爽、花香；已考虑你的健康约束：低糖、乳糖不耐慎用,R030,芒果红茶,0.7282,匹配你的心情状态：平静；匹配你的场景：图书馆/自习室；匹配你的感官偏好：清爽；已考虑你的健康约束：低糖、乳糖不耐慎用,R039,茉莉花白茶,0.7722,匹配你的心情状态：平静；匹配你的场景：图书馆/自习室；匹配你的感官偏好：清爽、花香；匹配你的冷热偏好：热饮；已考虑你的健康约束：低糖、乳糖不耐慎用,,
U0563,困倦,低落,商场/商业街,花香、甜感,冷饮,乳糖不耐慎用,乳糖不耐慎用冷饮花香甜感型,R038,菊花柠檬草,0.7352,匹配你的心情状态：低落；匹配你的感官偏好：甜感、花香；已考虑你的健康约束：乳糖不耐慎用,R055,薰衣草蓝莓,0.7351,匹配你的心情状态：低落；匹配你的感官偏好：甜感、花香；已考虑你的健康约束：乳糖不耐慎用,R009,桃子轻发酵乌龙,0.8072,匹配你的身体状态：困倦；匹配你的感官偏好：甜感、花香；匹配你的冷热偏好：冷饮；已考虑你的健康约束：乳糖不耐慎用,,
U0564,疲劳,紧张,图书馆/自习室、地铁/公交/车站,咖啡香、苦感、清爽,热饮,低糖,低糖热饮清爽咖啡香型,R014,葡萄焙茶,0.8346,匹配你的身体状态：疲劳；匹配你的心情状态：紧张；匹配你的场景：图书馆/自习室；匹配你的感官偏好：咖啡香、清爽；匹配你的冷热偏好：热饮；已考虑你的健康约束：低糖,R028,苹果焙茶,0.8346,匹配你的身体状态：疲劳；匹配你的心情状态：紧张；匹配你的场景：图书馆/自习室；匹配你的感官偏好：咖啡香、清爽；匹配你的冷热偏好：热饮；已考虑你的健康约束：低糖,R030,芒果红茶,0.8013,匹配你的身体状态：疲劳；匹配你的心情状态：紧张；匹配你的场景：图书馆/自习室；匹配你的感官偏好：清爽、苦感；已考虑你的健康约束：低糖,,
U0565,困倦,平静,图书馆/自习室,茶香、清爽,热饮,,热饮清爽茶香型,R030,芒果红茶,0.8095,匹配你的身体状态：困倦；匹配你的心情状态：平静；匹配你的场景：图书馆/自习室；匹配你的感官偏好：清爽、茶香,R069,焙茶豆奶,0.8057,匹配你的身体状态：困倦；匹配你的场景：图书馆/自习室；匹配你的感官偏好：清爽、茶香；匹配你的冷热偏好：热饮,R056,陈皮红茶,0.7966,匹配你的身体状态：困倦；匹配你的场景：图书馆/自习室；匹配你的感官偏好：茶香；匹配你的冷热偏好：热饮,,
U0566,疲劳,平静,图书馆/自习室、地铁/公交/车站,奶香,热饮,,热饮奶香型,R061,焙茶鲜奶,0.8051,匹配你的身体状态：疲劳；匹配你的场景：图书馆/自习室；匹配你的感官偏好：奶香；匹配你的冷热偏好：热饮,R075,红茶淡奶油,0.805,匹配你的身体状态：疲劳；匹配你的场景：图书馆/自习室；匹配你的感官偏好：奶香；匹配你的冷热偏好：热饮,R069,焙茶豆奶,0.8048,匹配你的身体状态：疲劳；匹配你的场景：图书馆/自习室；匹配你的感官偏好：奶香；匹配你的冷热偏好：热饮,,
U0567,困倦,烦躁,图书馆/自习室,茶香、清爽,常温,咖啡因敏感慎用,咖啡因敏感慎用常温清爽茶香型,R045,荷叶陈皮,0.674,匹配你的感官偏好：清爽；已考虑你的健康约束：咖啡因敏感慎用,R038,菊花柠檬草,0.6739,匹配你的感官偏好：清爽；已考虑你的健康约束：咖啡因敏感慎用,R055,薰衣草蓝莓,0.6736,匹配你的感官偏好：清爽；已考虑你的健康约束：咖啡因敏感慎用,,
U0568,困倦,紧张,地铁/公交/车站,清爽,冷饮,咖啡因敏感慎用,咖啡因敏感慎用冷饮清爽型,R055,薰衣草蓝莓,0.7352,匹配你的心情状态：紧张；匹配你的感官偏好：清爽；已考虑你的健康约束：咖啡因敏感慎用,R053,百合椰子水,0.6847,匹配你的场景：地铁/公交/车站；匹配你的感官偏好：清爽；已考虑你的健康约束：咖啡因敏感慎用,R050,柠檬草橙子,0.6847,匹配你的场景：地铁/公交/车站；匹配你的感官偏好：清爽；已考虑你的健康约束：咖啡因敏感慎用,,
U0569,困倦,烦躁,图书馆/自习室,奶香、甜感,冷饮,乳糖不耐慎用,乳糖不耐慎用冷饮奶香甜感型,R030,芒果红茶,0.8042,匹配你的身体状态：困倦；匹配你的心情状态：烦躁；匹配你的场景：图书馆/自习室；匹配你的感官偏好：甜感；已考虑你的健康约束：乳糖不耐慎用,R022,苹果茉莉绿茶,0.8041,匹配你的身体状态：困倦；匹配你的心情状态：烦躁；匹配你的场景：图书馆/自习室；匹配你的感官偏好：甜感；已考虑你的健康约束：乳糖不耐慎用,R056,陈皮红茶,0.7567,匹配你的身体状态：困倦；匹配你的场景：图书馆/自习室；匹配你的感官偏好：甜感；已考虑你的健康约束：乳糖不耐慎用,,
U0570,疲劳,平静,商场/商业街,果香、酸感、清爽,冷饮,低糖,低糖冷饮清爽果香型,R083,冷萃咖啡椰子水,0.7992,匹配你的身体状态：疲劳；匹配你的感官偏好：果香、清爽；匹配你的冷热偏好：冷饮；已考虑你的健康约束：低糖,R081,美式咖啡液橙子,0.8072,匹配你的身体状态：疲劳；匹配你的感官偏好：果香、清爽、酸感；匹配你的冷热偏好：冷饮；已考虑你的健康约束：低糖,R089,可可粉豆奶,0.8058,匹配你的身体状态：疲劳；匹配你的场景：商场/商业街；匹配你的感官偏好：果香、清爽、酸感；匹配你的冷热偏好：冷饮；已考虑你的健康约束：低糖,,
U0571,困倦,紧张,图书馆/自习室、地铁/公交/车站,茶香、清爽,常温,咖啡因敏感慎用,咖啡因敏感慎用常温清爽茶香型,R045,荷叶陈皮,0.7258,匹配你的心情状态：紧张；匹配你的感官偏好：清爽；已考虑你的健康约束：咖啡因敏感慎用,R038,菊花柠檬草,0.7256,匹配你的心情状态：紧张；匹配你的感官偏好：清爽；已考虑你的健康约束：咖啡因敏感慎用,R055,薰衣草蓝莓,0.7254,匹配你的心情状态：紧张；匹配你的感官偏好：清爽；已考虑你的健康约束：咖啡因敏感慎用,,
U0572,困倦,开心,图书馆/自习室,花香、甜感,常温,乳糖不耐慎用,乳糖不耐慎用常温花香甜感型,R022,苹果茉莉绿茶,0.8056,匹配你的身体状态：困倦；匹配你的场景：图书馆/自习室；匹配你的感官偏好：甜感、花香；匹配你的冷热偏好：常温；已考虑你的健康约束：乳糖不耐慎用,R030,芒果红茶,0.7964,匹配你的身体状态：困倦；匹配你的场景：图书馆/自习室；匹配你的感官偏好：甜感；匹配你的冷热偏好：常温；已考虑你的健康约束：乳糖不耐慎用,R039,茉莉花白茶,0.7691,匹配你的身体状态：困倦；匹配你的场景：图书馆/自习室；匹配你的感官偏好：甜感、花香；已考虑你的健康约束：乳糖不耐慎用,,
U0573,疲劳、口渴,平静,健身房/运动场、地铁/公交/车站,清爽、果香,热饮,低刺激,低刺激热饮清爽果香型,R055,薰衣草蓝莓,0.8076,匹配你的身体状态：疲劳；匹配你的心情状态：平静；匹配你的感官偏好：果香、清爽；匹配你的冷热偏好：热饮；已考虑你的健康约束：低刺激,R038,菊花柠檬草,0.8076,匹配你的身体状态：疲劳；匹配你的心情状态：平静；匹配你的感官偏好：果香、清爽；匹配你的冷热偏好：热饮；已考虑你的健康约束：低刺激,R116,椰乳百合,0.773,匹配你的身体状态：疲劳；匹配你的感官偏好：果香、清爽；匹配你的冷热偏好：热饮；已考虑你的健康约束：低刺激,,
U0574,良好,紧张,地铁/公交/车站,清爽,常温,低糖、咖啡因敏感慎用,低糖常温清爽型,R043,金银花菊花,0.8052,匹配你的身体状态：良好；匹配你的场景：地铁/公交/车站；匹配你的感官偏好：清爽；匹配你的冷热偏好：常温；已考虑你的健康约束：低糖、咖啡因敏感慎用,R053,百合椰子水,0.8051,匹配你的身体状态：良好；匹配你的场景：地铁/公交/车站；匹配你的感官偏好：清爽；匹配你的冷热偏好：常温；已考虑你的健康约束：低糖、咖啡因敏感慎用,R045,荷叶陈皮,0.7343,匹配你的心情状态：紧张；匹配你的感官偏好：清爽；已考虑你的健康约束：低糖、咖啡因敏感慎用,,
U0575,疲劳,平静,地铁/公交/车站,清爽,冷饮,低糖,低糖冷饮清爽型,R009,桃子轻发酵乌龙,0.8072,匹配你的身体状态：疲劳；匹配你的感官偏好：清爽；匹配你的冷热偏好：冷饮；已考虑你的健康约束：低糖,R012,荔枝茉莉绿茶,0.8072,匹配你的身体状态：疲劳；匹配你的感官偏好：清爽；匹配你的冷热偏好：冷饮；已考虑你的健康约束：低糖,R033,草莓茉莉绿茶,0.8072,匹配你的身体状态：疲劳；匹配你的感官偏好：清爽；匹配你的冷热偏好：冷饮；已考虑你的健康约束：低糖,,
U0576,疲劳、感觉有点热,开心,地铁/公交/车站、公园/户外,清爽,热饮,低刺激,低刺激热饮清爽型,R050,柠檬草橙子,0.7369,匹配你的心情状态：开心；匹配你的场景：地铁/公交/车站；匹配你的感官偏好：清爽；已考虑你的健康约束：低刺激,R119,椰子水橙子,0.7369,匹配你的心情状态：开心；匹配你的场景：地铁/公交/车站；匹配你的感官偏好：清爽；已考虑你的健康约束：低刺激,R113,椰奶荔枝,0.7708,匹配你的身体状态：疲劳；匹配你的心情状态：开心；匹配你的场景：公园/户外；匹配你的感官偏好：清爽；已考虑你的健康约束：低刺激,,
U0577,困倦,烦躁,学校/教学楼,茶香、清爽,常温,低糖,低糖常温清爽茶香型,R030,芒果红茶,0.8392,匹配你的身体状态：困倦；匹配你的心情状态：烦躁；匹配你的场景：学校/教学楼；匹配你的感官偏好：清爽、茶香；匹配你的冷热偏好：常温；已考虑你的健康约束：低糖,R022,苹果茉莉绿茶,0.8392,匹配你的身体状态：困倦；匹配你的心情状态：烦躁；匹配你的场景：学校/教学楼；匹配你的感官偏好：清爽、茶香；匹配你的冷热偏好：常温；已考虑你的健康约束：低糖,R069,焙茶豆奶,0.7691,匹配你的身体状态：困倦；匹配你的场景：学校/教学楼；匹配你的感官偏好：清爽、茶香；已考虑你的健康约束：低糖,,
U0578,困倦,平静,图书馆/自习室,清爽、茶香,热饮,,热饮清爽茶香型,R030,芒果红茶,0.8095,匹配你的身体状态：困倦；匹配你的心情状态：平静；匹配你的场景：图书馆/自习室；匹配你的感官偏好：清爽、茶香,R069,焙茶豆奶,0.8057,匹配你的身体状态：困倦；匹配你的场景：图书馆/自习室；匹配你的感官偏好：清爽、茶香；匹配你的冷热偏好：热饮,R056,陈皮红茶,0.7966,匹配你的身体状态：困倦；匹配你的场景：图书馆/自习室；匹配你的感官偏好：茶香；匹配你的冷热偏好：热饮,,
U0579,困倦,烦躁,学校/教学楼,咖啡香、苦感、清爽,冷饮,低糖,低糖冷饮清爽咖啡香型,R022,苹果茉莉绿茶,0.8025,匹配你的身体状态：困倦；匹配你的心情状态：烦躁；匹配你的场景：学校/教学楼；匹配你的感官偏好：清爽；已考虑你的健康约束：低糖,R014,葡萄焙茶,0.8059,匹配你的身体状态：困倦；匹配你的心情状态：烦躁；匹配你的场景：学校/教学楼；匹配你的感官偏好：咖啡香、清爽；已考虑你的健康约束：低糖,R028,苹果焙茶,0.8059,匹配你的身体状态：困倦；匹配你的心情状态：烦躁；匹配你的场景：学校/教学楼；匹配你的感官偏好：咖啡香、清爽；已考虑你的健康约束：低糖,,
U0580,口渴、疲劳,烦躁,健身房/运动场,清爽,冷饮,低糖,低糖冷饮清爽型,R083,冷萃咖啡椰子水,0.8072,匹配你的身体状态：口渴、疲劳；匹配你的感官偏好：清爽；匹配你的冷热偏好：冷饮；已考虑你的健康约束：低糖,R081,美式咖啡液橙子,0.773,匹配你的身体状态：疲劳；匹配你的感官偏好：清爽；匹配你的冷热偏好：冷饮；已考虑你的健康约束：低糖,R049,洋甘菊苹果,0.771,匹配你的身体状态：口渴、疲劳；匹配你的感官偏好：清爽；已考虑你的健康约束：低糖,,
U0581,感觉有点热,烦躁,商场/商业街、公园/户外,清爽、果香,冷饮,低糖,低糖冷饮清爽果香型,R102,苹果陈皮气泡饮,0.8058,匹配你的身体状态：感觉有点热；匹配你的场景：公园/户外、商场/商业街；匹配你的感官偏好：果香、清爽；匹配你的冷热偏好：冷饮；已考虑你的健康约束：低糖,R048,玫瑰草莓,0.8058,匹配你的身体状态：感觉有点热；匹配你的场景：公园/户外、商场/商业街；匹配你的感官偏好：果香、清爽；匹配你的冷热偏好：冷饮；已考虑你的健康约束：低糖,R051,薄荷叶西瓜,0.8058,匹配你的身体状态：感觉有点热；匹配你的场景：公园/户外、商场/商业街；匹配你的感官偏好：果香、清爽；匹配你的冷热偏好：冷饮；已考虑你的健康约束：低糖,,
U0582,疲劳,平静,商场/商业街、地铁/公交/车站,清爽、果香,热饮,低刺激,低刺激热饮清爽果香型,R055,薰衣草蓝莓,0.8402,匹配你的身体状态：疲劳；匹配你的心情状态：平静；匹配你的感官偏好：果香、清爽；匹配你的冷热偏好：热饮；已考虑你的健康约束：低刺激,R116,椰乳百合,0.8055,匹配你的身体状态：疲劳；匹配你的场景：商场/商业街；匹配你的感官偏好：果香、清爽；匹配你的冷热偏好：热饮；已考虑你的健康约束：低刺激,R038,菊花柠檬草,0.8402,匹配你的身体状态：疲劳；匹配你的心情状态：平静；匹配你的感官偏好：果香、清爽；匹配你的冷热偏好：热饮；已考虑你的健康约束：低刺激,,
U0583,困倦,烦躁,地铁/公交/车站,清爽,热饮,咖啡因敏感慎用,咖啡因敏感慎用热饮清爽型,R038,菊花柠檬草,0.7346,匹配你的感官偏好：清爽；匹配你的冷热偏好：热饮；已考虑你的健康约束：咖啡因敏感慎用,R045,荷叶陈皮,0.7346,匹配你的感官偏好：清爽；匹配你的冷热偏好：热饮；已考虑你的健康约束：咖啡因敏感慎用,R055,薰衣草蓝莓,0.7346,匹配你的感官偏好：清爽；匹配你的冷热偏好：热饮；已考虑你的健康约束：咖啡因敏感慎用,,
U0584,良好,低落,图书馆/自习室、地铁/公交/车站,清爽,热饮,低刺激、咖啡因敏感慎用,低刺激热饮清爽型,R045,荷叶陈皮,0.7715,匹配你的心情状态：低落；匹配你的感官偏好：清爽；匹配你的冷热偏好：热饮；已考虑你的健康约束：低刺激、咖啡因敏感慎用,R038,菊花柠檬草,0.7715,匹配你的心情状态：低落；匹配你的感官偏好：清爽；匹配你的冷热偏好：热饮；已考虑你的健康约束：低刺激、咖啡因敏感慎用,R055,薰衣草蓝莓,0.7714,匹配你的心情状态：低落；匹配你的感官偏好：清爽；匹配你的冷热偏好：热饮；已考虑你的健康约束：低刺激、咖啡因敏感慎用,,
U0585,良好,烦躁,地铁/公交/车站,茶香、清爽,热饮,低糖、咖啡因敏感慎用,低糖热饮清爽茶香型,R045,荷叶陈皮,0.7203,匹配你的感官偏好：清爽；匹配你的冷热偏好：热饮；已考虑你的健康约束：低糖、咖啡因敏感慎用,R038,菊花柠檬草,0.7203,匹配你的感官偏好：清爽；匹配你的冷热偏好：热饮；已考虑你的健康约束：低糖、咖啡因敏感慎用,R043,金银花菊花,0.7564,匹配你的身体状态：良好；匹配你的场景：地铁/公交/车站；匹配你的感官偏好：清爽；已考虑你的健康约束：低糖、咖啡因敏感慎用,,
U0586,疲劳、感觉有点热,烦躁,地铁/公交/车站、公园/户外,茶香、果香,热饮,低刺激,低刺激热饮茶香果香型,R045,荷叶陈皮,0.7596,匹配你的身体状态：疲劳；匹配你的感官偏好：果香；匹配你的冷热偏好：热饮；已考虑你的健康约束：低刺激,R038,菊花柠檬草,0.7596,匹配你的身体状态：疲劳；匹配你的感官偏好：果香；匹配你的冷热偏好：热饮；已考虑你的健康约束：低刺激,R055,薰衣草蓝莓,0.7596,匹配你的身体状态：疲劳；匹配你的感官偏好：果香；匹配你的冷热偏好：热饮；已考虑你的健康约束：低刺激,,
U0587,疲劳,低落,图书馆/自习室,甜感,热饮,低刺激、乳糖不耐慎用,低刺激热饮甜感型,R045,荷叶陈皮,0.84,匹配你的身体状态：疲劳；匹配你的心情状态：低落；匹配你的感官偏好：甜感；匹配你的冷热偏好：热饮；已考虑你的健康约束：低刺激、乳糖不耐慎用,R038,菊花柠檬草,0.8399,匹配你的身体状态：疲劳；匹配你的心情状态：低落；匹配你的感官偏好：甜感；匹配你的冷热偏好：热饮；已考虑你的健康约束：低刺激、乳糖不耐慎用,R055,薰衣草蓝莓,0.8398,匹配你的身体状态：疲劳；匹配你的心情状态：低落；匹配你的感官偏好：甜感；匹配你的冷热偏好：热饮；已考虑你的健康约束：低刺激、乳糖不耐慎用,,
U0588,疲劳、感觉有点冷,平静,地铁/公交/车站、公园/户外,奶香,热饮,乳糖不耐慎用,乳糖不耐慎用热饮奶香型,R030,芒果红茶,0.7538,匹配你的身体状态：疲劳；匹配你的心情状态：平静；已考虑你的健康约束：乳糖不耐慎用,R022,苹果茉莉绿茶,0.7537,匹配你的身体状态：疲劳；匹配你的心情状态：平静；已考虑你的健康约束：乳糖不耐慎用,R069,焙茶豆奶,0.7725,匹配你的身体状态：疲劳；匹配你的感官偏好：奶香；匹配你的冷热偏好：热饮；已考虑你的健康约束：乳糖不耐慎用,,
U0589,良好,开心,商场/商业街,清爽、气泡感,热饮,低糖、低刺激,低糖热饮清爽气泡感型,R050,柠檬草橙子,0.7981,匹配你的身体状态：良好；匹配你的心情状态：开心；匹配你的感官偏好：清爽；已考虑你的健康约束：低糖、低刺激,R119,椰子水橙子,0.7981,匹配你的身体状态：良好；匹配你的心情状态：开心；匹配你的感官偏好：清爽；已考虑你的健康约束：低糖、低刺激,R043,金银花菊花,0.7981,匹配你的身体状态：良好；匹配你的心情状态：开心；匹配你的感官偏好：清爽；已考虑你的健康约束：低糖、低刺激,,
U0590,良好,平静,图书馆/自习室,清爽,热饮,低刺激、咖啡因敏感慎用,低刺激热饮清爽型,R045,荷叶陈皮,0.7715,匹配你的心情状态：平静；匹配你的感官偏好：清爽；匹配你的冷热偏好：热饮；已考虑你的健康约束：低刺激、咖啡因敏感慎用,R038,菊花柠檬草,0.7714,匹配你的心情状态：平静；匹配你的感官偏好：清爽；匹配你的冷热偏好：热饮；已考虑你的健康约束：低刺激、咖啡因敏感慎用,R055,薰衣草蓝莓,0.7713,匹配你的心情状态：平静；匹配你的感官偏好：清爽；匹配你的冷热偏好：热饮；已考虑你的健康约束：低刺激、咖啡因敏感慎用,,
U0591,良好,烦躁,图书馆/自习室、地铁/公交/车站,花香、清爽,热饮,低糖、低刺激,低糖热饮清爽花香型,R043,金银花菊花,0.7682,匹配你的身体状态：良好；匹配你的场景：地铁/公交/车站；匹配你的感官偏好：清爽、花香；已考虑你的健康约束：低糖、低刺激,R045,荷叶陈皮,0.7343,匹配你的感官偏好：清爽、花香；匹配你的冷热偏好：热饮；已考虑你的健康约束：低糖、低刺激,R038,菊花柠檬草,0.7342,匹配你的感官偏好：清爽、花香；匹配你的冷热偏好：热饮；已考虑你的健康约束：低糖、低刺激,,
U0592,疲劳,烦躁,商场/商业街、地铁/公交/车站,清爽、气泡感,常温,低刺激,低刺激常温清爽气泡感型,R043,金银花菊花,0.7164,匹配你的场景：地铁/公交/车站；匹配你的感官偏好：清爽；匹配你的冷热偏好：常温；已考虑你的健康约束：低刺激,R050,柠檬草橙子,0.7164,匹配你的场景：地铁/公交/车站；匹配你的感官偏好：清爽；匹配你的冷热偏好：常温；已考虑你的健康约束：低刺激,R119,椰子水橙子,0.7164,匹配你的场景：地铁/公交/车站；匹配你的感官偏好：清爽；匹配你的冷热偏好：常温；已考虑你的健康约束：低刺激,,
U0593,困倦,平静,图书馆/自习室,奶香,热饮,低刺激、咖啡因敏感慎用,低刺激热饮奶香型,R045,荷叶陈皮,0.7527,匹配你的心情状态：平静；匹配你的冷热偏好：热饮；已考虑你的健康约束：低刺激、咖啡因敏感慎用,R038,菊花柠檬草,0.7525,匹配你的心情状态：平静；匹配你的冷热偏好：热饮；已考虑你的健康约束：低刺激、咖啡因敏感慎用,R061,焙茶鲜奶,0.7935,匹配你的身体状态：困倦；匹配你的场景：图书馆/自习室；匹配你的感官偏好：奶香；匹配你的冷热偏好：热饮；已考虑你的健康约束：低刺激、咖啡因敏感慎用,,
U0594,良好,烦躁,地铁/公交/车站,茶香、果香,冷饮,低糖,低糖冷饮茶香果香型,R022,苹果茉莉绿茶,0.7346,匹配你的心情状态：烦躁；匹配你的感官偏好：果香、茶香；已考虑你的健康约束：低糖,R030,芒果红茶,0.7345,匹配你的心情状态：烦躁；匹配你的感官偏好：果香、茶香；已考虑你的健康约束：低糖,R014,葡萄焙茶,0.7344,匹配你的心情状态：烦躁；匹配你的感官偏好：果香、茶香；已考虑你的健康约束：低糖,,
U0595,疲劳、感觉有点热,烦躁,地铁/公交/车站、公园/户外,果香、酸感、清爽,冷饮,低糖,低糖冷饮清爽果香型,R050,柠檬草橙子,0.6864,匹配你的场景：地铁/公交/车站；匹配你的感官偏好：果香、清爽、酸感；已考虑你的健康约束：低糖,R119,椰子水橙子,0.6864,匹配你的场景：地铁/公交/车站；匹配你的感官偏好：果香、清爽、酸感；已考虑你的健康约束：低糖,R090,黑巧椰乳,0.7603,匹配你的身体状态：疲劳；匹配你的场景：公园/户外；匹配你的感官偏好：果香、清爽；匹配你的冷热偏好：冷饮；已考虑你的健康约束：低糖,,
U0596,困倦,紧张,图书馆/自习室,清爽,冷饮,咖啡因敏感慎用,咖啡因敏感慎用冷饮清爽型,R055,薰衣草蓝莓,0.7352,匹配你的心情状态：紧张；匹配你的感官偏好：清爽；已考虑你的健康约束：咖啡因敏感慎用,R038,菊花柠檬草,0.7352,匹配你的心情状态：紧张；匹配你的感官偏好：清爽；已考虑你的健康约束：咖啡因敏感慎用,R045,荷叶陈皮,0.7351,匹配你的心情状态：紧张；匹配你的感官偏好：清爽；已考虑你的健康约束：咖啡因敏感慎用,,
U0597,困倦,烦躁,学校/教学楼,清爽、茶香,常温,咖啡因敏感慎用,咖啡因敏感慎用常温清爽茶香型,R045,荷叶陈皮,0.6743,匹配你的感官偏好：清爽；已考虑你的健康约束：咖啡因敏感慎用,R038,菊花柠檬草,0.6742,匹配你的感官偏好：清爽；已考虑你的健康约束：咖啡因敏感慎用,R055,薰衣草蓝莓,0.6739,匹配你的感官偏好：清爽；已考虑你的健康约束：咖啡因敏感慎用,,
U0598,困倦,烦躁,地铁/公交/车站,花香、甜感,热饮,,热饮花香甜感型,R022,苹果茉莉绿茶,0.8052,匹配你的身体状态：困倦；匹配你的心情状态：烦躁；匹配你的感官偏好：甜感、花香,R039,茉莉花白茶,0.807,匹配你的身体状态：困倦；匹配你的感官偏好：甜感、花香；匹配你的冷热偏好：热饮,R030,芒果红茶,0.7979,匹配你的身体状态：困倦；匹配你的心情状态：烦躁；匹配你的感官偏好：甜感,,
U0599,困倦,平静,图书馆/自习室、地铁/公交/车站,清爽,冷饮,低糖,低糖冷饮清爽型,R065,茉莉绿茶椰乳,0.8055,匹配你的身体状态：困倦；匹配你的场景：图书馆/自习室；匹配你的感官偏好：清爽；匹配你的冷热偏好：冷饮；已考虑你的健康约束：低糖,R071,茉莉绿茶低脂牛奶,0.8055,匹配你的身体状态：困倦；匹配你的场景：图书馆/自习室；匹配你的感官偏好：清爽；匹配你的冷热偏好：冷饮；已考虑你的健康约束：低糖,R002,青柠茉莉绿茶,0.8055,匹配你的身体状态：困倦；匹配你的场景：图书馆/自习室；匹配你的感官偏好：清爽；匹配你的冷热偏好：冷饮；已考虑你的健康约束：低糖,,
U0600,疲劳,烦躁,商场/商业街,茶香、果香,冷饮,低糖,低糖冷饮茶香果香型,R065,茉莉绿茶椰乳,0.8072,匹配你的身体状态：疲劳；匹配你的感官偏好：果香、茶香；匹配你的冷热偏好：冷饮；已考虑你的健康约束：低糖,R071,茉莉绿茶低脂牛奶,0.8072,匹配你的身体状态：疲劳；匹配你的感官偏好：果香、茶香；匹配你的冷热偏好：冷饮；已考虑你的健康约束：低糖,R002,青柠茉莉绿茶,0.8072,匹配你的身体状态：疲劳；匹配你的感官偏好：果香、茶香；匹配你的冷热偏好：冷饮；已考虑你的健康约束：低糖,,
U0601,疲劳,平静,地铁/公交/车站,清爽,热饮,低刺激、咖啡因敏感慎用,低刺激热饮清爽型,R045,荷叶陈皮,0.8402,匹配你的身体状态：疲劳；匹配你的心情状态：平静；匹配你的感官偏好：清爽；匹配你的冷热偏好：热饮；已考虑你的健康约束：低刺激、咖啡因敏感慎用,R038,菊花柠檬草,0.8402,匹配你的身体状态：疲劳；匹配你的心情状态：平静；匹配你的感官偏好：清爽；匹配你的冷热偏好：热饮；已考虑你的健康约束：低刺激、咖啡因敏感慎用,R055,薰衣草蓝莓,0.8401,匹配你的身体状态：疲劳；匹配你的心情状态：平静；匹配你的感官偏好：清爽；匹配你的冷热偏好：热饮；已考虑你的健康约束：低刺激、咖啡因敏感慎用,,
U0602,良好,烦躁,地铁/公交/车站,清爽,热饮,低刺激、咖啡因敏感慎用,低刺激热饮清爽型,R043,金银花菊花,0.7692,匹配你的身体状态：良好；匹配你的场景：地铁/公交/车站；匹配你的感官偏好：清爽；已考虑你的健康约束：低刺激、咖啡因敏感慎用,R045,荷叶陈皮,0.7345,匹配你的感官偏好：清爽；匹配你的冷热偏好：热饮；已考虑你的健康约束：低刺激、咖啡因敏感慎用,R038,菊花柠檬草,0.7345,匹配你的感官偏好：清爽；匹配你的冷热偏好：热饮；已考虑你的健康约束：低刺激、咖啡因敏感慎用,,
U0603,疲劳、感觉有点冷,低落,地铁/公交/车站、公园/户外,清爽,热饮,低刺激、咖啡因敏感慎用,低刺激热饮清爽型,R055,薰衣草蓝莓,0.8402,匹配你的身体状态：感觉有点冷、疲劳；匹配你的心情状态：低落；匹配你的感官偏好：清爽；匹配你的冷热偏好：热饮；已考虑你的健康约束：低刺激、咖啡因敏感慎用,R037,玫瑰桂花,0.8402,匹配你的身体状态：感觉有点冷、疲劳；匹配你的心情状态：低落；匹配你的感官偏好：清爽；匹配你的冷热偏好：热饮；已考虑你的健康约束：低刺激、咖啡因敏感慎用,R040,薰衣草洋甘菊,0.8402,匹配你的身体状态：感觉有点冷、疲劳；匹配你的心情状态：低落；匹配你的感官偏好：清爽；匹配你的冷热偏好：热饮；已考虑你的健康约束：低刺激、咖啡因敏感慎用,,
U0604,疲劳,烦躁,地铁/公交/车站,茶香、清爽,冷饮,咖啡因敏感慎用,咖啡因敏感慎用冷饮清爽茶香型,R038,菊花柠檬草,0.7591,匹配你的身体状态：疲劳；匹配你的感官偏好：清爽；已考虑你的健康约束：咖啡因敏感慎用,R055,薰衣草蓝莓,0.7591,匹配你的身体状态：疲劳；匹配你的感官偏好：清爽；已考虑你的健康约束：咖啡因敏感慎用,R045,荷叶陈皮,0.7591,匹配你的身体状态：疲劳；匹配你的感官偏好：清爽；已考虑你的健康约束：咖啡因敏感慎用,,
U0605,困倦,平静,学校/教学楼,咖啡香、苦感、清爽,热饮,低糖,低糖热饮清爽咖啡香型,R030,芒果红茶,0.8059,匹配你的身体状态：困倦；匹配你的心情状态：平静；匹配你的场景：学校/教学楼；匹配你的感官偏好：清爽、苦感；已考虑你的健康约束：低糖,R056,陈皮红茶,0.7935,匹配你的身体状态：困倦；匹配你的场景：学校/教学楼；匹配你的感官偏好：苦感；匹配你的冷热偏好：热饮；已考虑你的健康约束：低糖,R069,焙茶豆奶,0.7996,匹配你的身体状态：困倦；匹配你的场景：学校/教学楼；匹配你的感官偏好：咖啡香、清爽；匹配你的冷热偏好：热饮；已考虑你的健康约束：低糖,,
U0606,困倦,开心,图书馆/自习室、商场/商业街,咖啡香、苦感,冷饮,乳糖不耐慎用,乳糖不耐慎用冷饮咖啡香苦感型,R022,苹果茉莉绿茶,0.7451,匹配你的身体状态：困倦；匹配你的场景：图书馆/自习室；已考虑你的健康约束：乳糖不耐慎用,R030,芒果红茶,0.7552,匹配你的身体状态：困倦；匹配你的场景：图书馆/自习室；匹配你的感官偏好：苦感；已考虑你的健康约束：乳糖不耐慎用,R014,葡萄焙茶,0.7552,匹配你的身体状态：困倦；匹配你的场景：图书馆/自习室；匹配你的感官偏好：咖啡香；已考虑你的健康约束：乳糖不耐慎用,,
U0607,疲劳、感觉有点冷,平静,公园/户外,奶香,热饮,低刺激、乳糖不耐慎用,低刺激热饮奶香型,R045,荷叶陈皮,0.8257,匹配你的身体状态：感觉有点冷、疲劳；匹配你的心情状态：平静；匹配你的冷热偏好：热饮；已考虑你的健康约束：低刺激、乳糖不耐慎用,R038,菊花柠檬草,0.8256,匹配你的身体状态：感觉有点冷、疲劳；匹配你的心情状态：平静；匹配你的冷热偏好：热饮；已考虑你的健康约束：低刺激、乳糖不耐慎用,R030,芒果红茶,0.7478,匹配你的身体状态：疲劳；匹配你的心情状态：平静；已考虑你的健康约束：低刺激、乳糖不耐慎用,,
U0608,疲劳、感觉有点热,平静,公园/户外,清爽、果香,热饮,低刺激,低刺激热饮清爽果香型,R055,薰衣草蓝莓,0.8076,匹配你的身体状态：疲劳；匹配你的心情状态：平静；匹配你的感官偏好：果香、清爽；匹配你的冷热偏好：热饮；已考虑你的健康约束：低刺激,R116,椰乳百合,0.773,匹配你的身体状态：疲劳；匹配你的感官偏好：果香、清爽；匹配你的冷热偏好：热饮；已考虑你的健康约束：低刺激,R037,玫瑰桂花,0.7597,匹配你的身体状态：疲劳；匹配你的感官偏好：清爽；匹配你的冷热偏好：热饮；已考虑你的健康约束：低刺激,,
U0609,疲劳,烦躁,地铁/公交/车站,咖啡香、苦感、清爽,冷饮,低糖,低糖冷饮清爽咖啡香型,R002,青柠茉莉绿茶,0.7919,匹配你的身体状态：疲劳；匹配你的感官偏好：清爽；匹配你的冷热偏好：冷饮；已考虑你的健康约束：低糖,R027,柠檬轻发酵乌龙,0.7919,匹配你的身体状态：疲劳；匹配你的感官偏好：清爽；匹配你的冷热偏好：冷饮；已考虑你的健康约束：低糖,R006,草莓红茶,0.7991,匹配你的身体状态：疲劳；匹配你的感官偏好：清爽、苦感；匹配你的冷热偏好：冷饮；已考虑你的健康约束：低糖,,
U0610,疲劳,开心,地铁/公交/车站,果香、酸感、清爽,冷饮,低糖,低糖冷饮清爽果香型,R083,冷萃咖啡椰子水,0.836,匹配你的身体状态：疲劳；匹配你的心情状态：开心；匹配你的感官偏好：果香、清爽；匹配你的冷热偏好：冷饮；已考虑你的健康约束：低糖,R081,美式咖啡液橙子,0.8402,匹配你的身体状态：疲劳；匹配你的心情状态：开心；匹配你的感官偏好：果香、清爽、酸感；匹配你的冷热偏好：冷饮；已考虑你的健康约束：低糖,R090,黑巧椰乳,0.836,匹配你的身体状态：疲劳；匹配你的心情状态：开心；匹配你的感官偏好：果香、清爽；匹配你的冷热偏好：冷饮；已考虑你的健康约束：低糖,,
U0611,困倦,开心,商场/商业街,花香、甜感,热饮,乳糖不耐慎用,乳糖不耐慎用热饮花香甜感型,R038,菊花柠檬草,0.7347,匹配你的感官偏好：甜感、花香；匹配你的冷热偏好：热饮；已考虑你的健康约束：乳糖不耐慎用,R055,薰衣草蓝莓,0.7346,匹配你的感官偏好：甜感、花香；匹配你的冷热偏好：热饮；已考虑你的健康约束：乳糖不耐慎用,R045,荷叶陈皮,0.7346,匹配你的感官偏好：甜感、花香；匹配你的冷热偏好：热饮；已考虑你的健康约束：乳糖不耐慎用,,
U0612,疲劳,开心,商场/商业街,花香、甜感,热饮,低糖,低糖热饮花香甜感型,R037,玫瑰桂花,0.8402,匹配你的身体状态：疲劳；匹配你的心情状态：开心；匹配你的感官偏好：甜感、花香；匹配你的冷热偏好：热饮；已考虑你的健康约束：低糖,R040,薰衣草洋甘菊,0.8402,匹配你的身体状态：疲劳；匹配你的心情状态：开心；匹配你的感官偏好：甜感、花香；匹配你的冷热偏好：热饮；已考虑你的健康约束：低糖,R046,百合桂花,0.8402,匹配你的身体状态：疲劳；匹配你的心情状态：开心；匹配你的感官偏好：甜感、花香；匹配你的冷热偏好：热饮；已考虑你的健康约束：低糖,,
U0613,困倦,紧张,学校/教学楼,清爽、茶香,热饮,低糖,低糖热饮清爽茶香型,R039,茉莉花白茶,0.8394,匹配你的身体状态：困倦；匹配你的心情状态：紧张；匹配你的场景：学校/教学楼；匹配你的感官偏好：清爽、茶香；匹配你的冷热偏好：热饮；已考虑你的健康约束：低糖,R022,苹果茉莉绿茶,0.8095,匹配你的身体状态：困倦；匹配你的心情状态：紧张；匹配你的场景：学校/教学楼；匹配你的感官偏好：清爽、茶香；已考虑你的健康约束：低糖,R014,葡萄焙茶,0.8393,匹配你的身体状态：困倦；匹配你的心情状态：紧张；匹配你的场景：学校/教学楼；匹配你的感官偏好：清爽、茶香；匹配你的冷热偏好：热饮；已考虑你的健康约束：低糖,,
U0614,疲劳,平静,图书馆/自习室,奶香、甜感,热饮,低糖,低糖热饮奶香甜感型,R061,焙茶鲜奶,0.8057,匹配你的身体状态：疲劳；匹配你的场景：图书馆/自习室；匹配你的感官偏好：奶香、甜感；匹配你的冷热偏好：热饮；已考虑你的健康约束：低糖,R075,红茶淡奶油,0.8057,匹配你的身体状态：疲劳；匹配你的场景：图书馆/自习室；匹配你的感官偏好：奶香、甜感；匹配你的冷热偏好：热饮；已考虑你的健康约束：低糖,R082,咖啡椰乳,0.8056,匹配你的身体状态：疲劳；匹配你的场景：图书馆/自习室；匹配你的感官偏好：奶香、甜感；匹配你的冷热偏好：热饮；已考虑你的健康约束：低糖,,
U0615,困倦,紧张,地铁/公交/车站,茶香、清爽,热饮,,热饮清爽茶香型,R022,苹果茉莉绿茶,0.8053,匹配你的身体状态：困倦；匹配你的心情状态：紧张；匹配你的感官偏好：清爽、茶香,R015,陈皮普洱茶,0.8402,匹配你的身体状态：困倦；匹配你的心情状态：紧张；匹配你的感官偏好：清爽、茶香；匹配你的冷热偏好：热饮,R031,陈皮玄米茶,0.8402,匹配你的身体状态：困倦；匹配你的心情状态：紧张；匹配你的感官偏好：清爽、茶香；匹配你的冷热偏好：热饮,,
U0616,疲劳,平静,图书馆/自习室,咖啡香、苦感、清爽,冷饮,咖啡因敏感慎用,咖啡因敏感慎用冷饮清爽咖啡香型,R045,荷叶陈皮,0.8004,匹配你的身体状态：疲劳；匹配你的心情状态：平静；匹配你的感官偏好：清爽、苦感；已考虑你的健康约束：咖啡因敏感慎用,R038,菊花柠檬草,0.7952,匹配你的身体状态：疲劳；匹配你的心情状态：平静；匹配你的感官偏好：清爽；已考虑你的健康约束：咖啡因敏感慎用,R055,薰衣草蓝莓,0.7951,匹配你的身体状态：疲劳；匹配你的心情状态：平静；匹配你的感官偏好：清爽；已考虑你的健康约束：咖啡因敏感慎用,,
U0617,良好,平静,地铁/公交/车站,果香、清爽,热饮,低刺激、咖啡因敏感慎用、乳糖不耐慎用,低刺激热饮清爽果香型,R045,荷叶陈皮,0.7716,匹配你的心情状态：平静；匹配你的感官偏好：果香、清爽；匹配你的冷热偏好：热饮；已考虑你的健康约束：低刺激、咖啡因敏感慎用、乳糖不耐慎用,R038,菊花柠檬草,0.7716,匹配你的心情状态：平静；匹配你的感官偏好：果香、清爽；匹配你的冷热偏好：热饮；已考虑你的健康约束：低刺激、咖啡因敏感慎用、乳糖不耐慎用,R055,薰衣草蓝莓,0.7716,匹配你的心情状态：平静；匹配你的感官偏好：果香、清爽；匹配你的冷热偏好：热饮；已考虑你的健康约束：低刺激、咖啡因敏感慎用、乳糖不耐慎用,,
U0618,疲劳,烦躁,商场/商业街,咖啡香、苦感,热饮,乳糖不耐慎用,乳糖不耐慎用热饮咖啡香苦感型,R069,焙茶豆奶,0.7953,匹配你的身体状态：疲劳；匹配你的感官偏好：咖啡香；匹配你的冷热偏好：热饮；已考虑你的健康约束：乳糖不耐慎用,R030,芒果红茶,0.7979,匹配你的身体状态：疲劳；匹配你的心情状态：烦躁；匹配你的感官偏好：苦感；已考虑你的健康约束：乳糖不耐慎用,R082,咖啡椰乳,0.807,匹配你的身体状态：疲劳；匹配你的感官偏好：咖啡香、苦感；匹配你的冷热偏好：热饮；已考虑你的健康约束：乳糖不耐慎用,,
U0619,疲劳、感觉有点热,烦躁,公园/户外,果香、酸感、清爽,热饮,低刺激,低刺激热饮清爽果香型,R113,椰奶荔枝,0.7176,匹配你的身体状态：疲劳；匹配你的场景：公园/户外；匹配你的感官偏好：果香、清爽；已考虑你的健康约束：低刺激,R050,柠檬草橙子,0.6898,匹配你的感官偏好：果香、清爽、酸感；已考虑你的健康约束：低刺激,R119,椰子水橙子,0.6898,匹配你的感官偏好：果香、清爽、酸感；已考虑你的健康约束：低刺激,,
U0620,疲劳,平静,图书馆/自习室,茶香、清爽,热饮,低糖,低糖热饮清爽茶香型,R069,焙茶豆奶,0.8057,匹配你的身体状态：疲劳；匹配你的场景：图书馆/自习室；匹配你的感官偏好：清爽、茶香；匹配你的冷热偏好：热饮；已考虑你的健康约束：低糖,R030,芒果红茶,0.8095,匹配你的身体状态：疲劳；匹配你的心情状态：平静；匹配你的场景：图书馆/自习室；匹配你的感官偏好：清爽、茶香；已考虑你的健康约束：低糖,R056,陈皮红茶,0.7966,匹配你的身体状态：疲劳；匹配你的场景：图书馆/自习室；匹配你的感官偏好：茶香；匹配你的冷热偏好：热饮；已考虑你的健康约束：低糖,,
U0621,疲劳,开心,图书馆/自习室、地铁/公交/车站,奶香、甜感,热饮,低糖,低糖热饮奶香甜感型,R056,陈皮红茶,0.8326,匹配你的身体状态：疲劳；匹配你的心情状态：开心；匹配你的场景：图书馆/自习室；匹配你的感官偏好：甜感；匹配你的冷热偏好：热饮；已考虑你的健康约束：低糖,R039,茉莉花白茶,0.7959,匹配你的身体状态：疲劳；匹配你的场景：图书馆/自习室；匹配你的感官偏好：甜感；匹配你的冷热偏好：热饮；已考虑你的健康约束：低糖,R014,葡萄焙茶,0.7959,匹配你的身体状态：疲劳；匹配你的场景：图书馆/自习室；匹配你的感官偏好：甜感；匹配你的冷热偏好：热饮；已考虑你的健康约束：低糖,,
U0622,困倦,紧张,学校/教学楼、图书馆/自习室,清爽、茶香,热饮,低糖,低糖热饮清爽茶香型,R030,芒果红茶,0.8095,匹配你的身体状态：困倦；匹配你的心情状态：紧张；匹配你的场景：图书馆/自习室、学校/教学楼；匹配你的感官偏好：清爽、茶香；已考虑你的健康约束：低糖,R069,焙茶豆奶,0.8057,匹配你的身体状态：困倦；匹配你的场景：图书馆/自习室、学校/教学楼；匹配你的感官偏好：清爽、茶香；匹配你的冷热偏好：热饮；已考虑你的健康约束：低糖,R039,茉莉花白茶,0.8393,匹配你的身体状态：困倦；匹配你的心情状态：紧张；匹配你的场景：图书馆/自习室、学校/教学楼；匹配你的感官偏好：清爽、茶香；匹配你的冷热偏好：热饮；已考虑你的健康约束：低糖,,
U0623,困倦,紧张,地铁/公交/车站,茶香、花香、清爽,热饮,低糖,低糖热饮清爽茶香型,R022,苹果茉莉绿茶,0.8052,匹配你的身体状态：困倦；匹配你的心情状态：紧张；匹配你的感官偏好：清爽、花香、茶香；已考虑你的健康约束：低糖,R039,茉莉花白茶,0.8401,匹配你的身体状态：困倦；匹配你的心情状态：紧张；匹配你的感官偏好：清爽、花香、茶香；匹配你的冷热偏好：热饮；已考虑你的健康约束：低糖,R015,陈皮普洱茶,0.8401,匹配你的身体状态：困倦；匹配你的心情状态：紧张；匹配你的感官偏好：清爽、花香、茶香；匹配你的冷热偏好：热饮；已考虑你的健康约束：低糖,,
U0624,疲劳,烦躁,地铁/公交/车站,咖啡香、苦感、清爽,常温,低糖,低糖常温清爽咖啡香型,R022,苹果茉莉绿茶,0.8311,匹配你的身体状态：疲劳；匹配你的心情状态：烦躁；匹配你的感官偏好：清爽；匹配你的冷热偏好：常温；已考虑你的健康约束：低糖,R030,芒果红茶,0.8359,匹配你的身体状态：疲劳；匹配你的心情状态：烦躁；匹配你的感官偏好：清爽、苦感；匹配你的冷热偏好：常温；已考虑你的健康约束：低糖,R014,葡萄焙茶,0.8004,匹配你的身体状态：疲劳；匹配你的心情状态：烦躁；匹配你的感官偏好：咖啡香、清爽；已考虑你的健康约束：低糖,,
U0625,疲劳,烦躁,地铁/公交/车站,清爽、茶香、果香,冷饮,低糖,低糖冷饮清爽茶香型,R002,青柠茉莉绿茶,0.8072,匹配你的身体状态：疲劳；匹配你的感官偏好：果香、清爽、茶香；匹配你的冷热偏好：冷饮；已考虑你的健康约束：低糖,R027,柠檬轻发酵乌龙,0.8072,匹配你的身体状态：疲劳；匹配你的感官偏好：果香、清爽、茶香；匹配你的冷热偏好：冷饮；已考虑你的健康约束：低糖,R009,桃子轻发酵乌龙,0.8072,匹配你的身体状态：疲劳；匹配你的感官偏好：果香、清爽、茶香；匹配你的冷热偏好：冷饮；已考虑你的健康约束：低糖,,
U0626,疲劳,开心,地铁/公交/车站,咖啡香、苦感,冷饮,乳糖不耐慎用,乳糖不耐慎用冷饮咖啡香苦感型,R022,苹果茉莉绿茶,0.7479,匹配你的身体状态：疲劳；已考虑你的健康约束：乳糖不耐慎用,R014,葡萄焙茶,0.7591,匹配你的身体状态：疲劳；匹配你的感官偏好：咖啡香；已考虑你的健康约束：乳糖不耐慎用,R028,苹果焙茶,0.7591,匹配你的身体状态：疲劳；匹配你的感官偏好：咖啡香；已考虑你的健康约束：乳糖不耐慎用,,
U0627,困倦,平静,图书馆/自习室,清爽,热饮,咖啡因敏感慎用,咖啡因敏感慎用热饮清爽型,R045,荷叶陈皮,0.7716,匹配你的心情状态：平静；匹配你的感官偏好：清爽；匹配你的冷热偏好：热饮；已考虑你的健康约束：咖啡因敏感慎用,R038,菊花柠檬草,0.7715,匹配你的心情状态：平静；匹配你的感官偏好：清爽；匹配你的冷热偏好：热饮；已考虑你的健康约束：咖啡因敏感慎用,R055,薰衣草蓝莓,0.7714,匹配你的心情状态：平静；匹配你的感官偏好：清爽；匹配你的冷热偏好：热饮；已考虑你的健康约束：咖啡因敏感慎用,,
U0628,疲劳,烦躁,图书馆/自习室,茶香、清爽,冷饮,咖啡因敏感慎用,咖啡因敏感慎用冷饮清爽茶香型,R045,荷叶陈皮,0.7592,匹配你的身体状态：疲劳；匹配你的感官偏好：清爽；已考虑你的健康约束：咖啡因敏感慎用,R038,菊花柠檬草,0.7591,匹配你的身体状态：疲劳；匹配你的感官偏好：清爽；已考虑你的健康约束：咖啡因敏感慎用,R055,薰衣草蓝莓,0.7591,匹配你的身体状态：疲劳；匹配你的感官偏好：清爽；已考虑你的健康约束：咖啡因敏感慎用,,
U0629,困倦,紧张,学校/教学楼,咖啡香、苦感、清爽,热饮,低糖,低糖热饮清爽咖啡香型,R030,芒果红茶,0.8059,匹配你的身体状态：困倦；匹配你的心情状态：紧张；匹配你的场景：学校/教学楼；匹配你的感官偏好：清爽、苦感；已考虑你的健康约束：低糖,R056,陈皮红茶,0.7935,匹配你的身体状态：困倦；匹配你的场景：学校/教学楼；匹配你的感官偏好：苦感；匹配你的冷热偏好：热饮；已考虑你的健康约束：低糖,R039,茉莉花白茶,0.8331,匹配你的身体状态：困倦；匹配你的心情状态：紧张；匹配你的场景：学校/教学楼；匹配你的感官偏好：清爽；匹配你的冷热偏好：热饮；已考虑你的健康约束：低糖,,
U0630,困倦,开心,商场/商业街,清爽,冷饮,乳糖不耐慎用,乳糖不耐慎用冷饮清爽型,R083,冷萃咖啡椰子水,0.8402,匹配你的身体状态：困倦；匹配你的心情状态：开心；匹配你的感官偏好：清爽；匹配你的冷热偏好：冷饮；已考虑你的健康约束：乳糖不耐慎用,R090,黑巧椰乳,0.7776,匹配你的心情状态：开心；匹配你的场景：商场/商业街；匹配你的感官偏好：清爽；匹配你的冷热偏好：冷饮；已考虑你的健康约束：乳糖不耐慎用,R050,柠檬草橙子,0.7352,匹配你的心情状态：开心；匹配你的感官偏好：清爽；已考虑你的健康约束：乳糖不耐慎用,,
U0631,疲劳,紧张,学校/教学楼、地铁/公交/车站,茶香、清爽,冷饮,咖啡因敏感慎用,咖啡因敏感慎用冷饮清爽茶香型,R045,荷叶陈皮,0.7981,匹配你的身体状态：疲劳；匹配你的心情状态：紧张；匹配你的感官偏好：清爽；已考虑你的健康约束：咖啡因敏感慎用,R038,菊花柠檬草,0.7981,匹配你的身体状态：疲劳；匹配你的心情状态：紧张；匹配你的感官偏好：清爽；已考虑你的健康约束：咖啡因敏感慎用,R055,薰衣草蓝莓,0.798,匹配你的身体状态：疲劳；匹配你的心情状态：紧张；匹配你的感官偏好：清爽；已考虑你的健康约束：咖啡因敏感慎用,,
U0632,疲劳、口渴,烦躁,健身房/运动场、地铁/公交/车站,清爽,冷饮,低糖,低糖冷饮清爽型,R083,冷萃咖啡椰子水,0.8072,匹配你的身体状态：口渴、疲劳；匹配你的感官偏好：清爽；匹配你的冷热偏好：冷饮；已考虑你的健康约束：低糖,R050,柠檬草橙子,0.7284,匹配你的身体状态：口渴；匹配你的场景：地铁/公交/车站；匹配你的感官偏好：清爽；已考虑你的健康约束：低糖,R119,椰子水橙子,0.7284,匹配你的身体状态：口渴；匹配你的场景：地铁/公交/车站；匹配你的感官偏好：清爽；已考虑你的健康约束：低糖,,
U0633,良好,烦躁,图书馆/自习室、地铁/公交/车站,茶香、清爽,热饮,低糖、低刺激,低糖热饮清爽茶香型,R045,荷叶陈皮,0.7202,匹配你的感官偏好：清爽；匹配你的冷热偏好：热饮；已考虑你的健康约束：低糖、低刺激,R038,菊花柠檬草,0.7201,匹配你的感官偏好：清爽；匹配你的冷热偏好：热饮；已考虑你的健康约束：低糖、低刺激,R043,金银花菊花,0.7545,匹配你的身体状态：良好；匹配你的场景：地铁/公交/车站；匹配你的感官偏好：清爽；已考虑你的健康约束：低糖、低刺激,,
U0634,困倦,开心,图书馆/自习室,奶香、咖啡香、苦感,热饮,乳糖不耐慎用,乳糖不耐慎用热饮奶香咖啡香型,R069,焙茶豆奶,0.8354,匹配你的身体状态：困倦；匹配你的心情状态：开心；匹配你的场景：图书馆/自习室；匹配你的感官偏好：咖啡香、奶香；匹配你的冷热偏好：热饮；已考虑你的健康约束：乳糖不耐慎用,R082,咖啡椰乳,0.8385,匹配你的身体状态：困倦；匹配你的心情状态：开心；匹配你的场景：图书馆/自习室；匹配你的感官偏好：咖啡香、奶香、苦感；匹配你的冷热偏好：热饮；已考虑你的健康约束：乳糖不耐慎用,R030,芒果红茶,0.7515,匹配你的身体状态：困倦；匹配你的场景：图书馆/自习室；匹配你的感官偏好：苦感；已考虑你的健康约束：乳糖不耐慎用,,
U0635,疲劳,平静,地铁/公交/车站,清爽、茶香,冷饮,咖啡因敏感慎用,咖啡因敏感慎用冷饮清爽茶香型,R045,荷叶陈皮,0.7981,匹配你的身体状态：疲劳；匹配你的心情状态：平静；匹配你的感官偏好：清爽；已考虑你的健康约束：咖啡因敏感慎用,R038,菊花柠檬草,0.7981,匹配你的身体状态：疲劳；匹配你的心情状态：平静；匹配你的感官偏好：清爽；已考虑你的健康约束：咖啡因敏感慎用,R055,薰衣草蓝莓,0.798,匹配你的身体状态：疲劳；匹配你的心情状态：平静；匹配你的感官偏好：清爽；已考虑你的健康约束：咖啡因敏感慎用,,
U0636,疲劳、口渴,开心,健身房/运动场,清爽、果香,冷饮,低糖,低糖冷饮清爽果香型,R083,冷萃咖啡椰子水,0.8402,匹配你的身体状态：口渴、疲劳；匹配你的心情状态：开心；匹配你的感官偏好：果香、清爽；匹配你的冷热偏好：冷饮；已考虑你的健康约束：低糖,R090,黑巧椰乳,0.8402,匹配你的身体状态：口渴、疲劳；匹配你的心情状态：开心；匹配你的感官偏好：果香、清爽；匹配你的冷热偏好：冷饮；已考虑你的健康约束：低糖,R113,椰奶荔枝,0.8402,匹配你的身体状态：口渴、疲劳；匹配你的心情状态：开心；匹配你的感官偏好：果香、清爽；匹配你的冷热偏好：冷饮；已考虑你的健康约束：低糖,,
U0637,困倦,平静,学校/教学楼、图书馆/自习室,清爽,冷饮,低糖,低糖冷饮清爽型,R020,草莓玄米茶,0.8095,匹配你的身体状态：困倦；匹配你的心情状态：平静；匹配你的场景：图书馆/自习室、学校/教学楼；匹配你的感官偏好：清爽；已考虑你的健康约束：低糖,R014,葡萄焙茶,0.8095,匹配你的身体状态：困倦；匹配你的心情状态：平静；匹配你的场景：图书馆/自习室、学校/教学楼；匹配你的感官偏好：清爽；已考虑你的健康约束：低糖,R028,苹果焙茶,0.8095,匹配你的身体状态：困倦；匹配你的心情状态：平静；匹配你的场景：图书馆/自习室、学校/教学楼；匹配你的感官偏好：清爽；已考虑你的健康约束：低糖,,
U0638,疲劳,烦躁,商场/商业街,清爽,热饮,低刺激,低刺激热饮清爽型,R055,薰衣草蓝莓,0.8072,匹配你的身体状态：疲劳；匹配你的感官偏好：清爽；匹配你的冷热偏好：热饮；已考虑你的健康约束：低刺激,R116,椰乳百合,0.8058,匹配你的身体状态：疲劳；匹配你的场景：商场/商业街；匹配你的感官偏好：清爽；匹配你的冷热偏好：热饮；已考虑你的健康约束：低刺激,R037,玫瑰桂花,0.8072,匹配你的身体状态：疲劳；匹配你的感官偏好：清爽；匹配你的冷热偏好：热饮；已考虑你的健康约束：低刺激,,
U0639,疲劳,低落,商场/商业街,茶香、甜感,热饮,低糖,低糖热饮茶香甜感型,R039,茉莉花白茶,0.8402,匹配你的身体状态：疲劳；匹配你的心情状态：低落；匹配你的感官偏好：甜感、茶香；匹配你的冷热偏好：热饮；已考虑你的健康约束：低糖,R015,陈皮普洱茶,0.8402,匹配你的身体状态：疲劳；匹配你的心情状态：低落；匹配你的感官偏好：甜感、茶香；匹配你的冷热偏好：热饮；已考虑你的健康约束：低糖,R031,陈皮玄米茶,0.8402,匹配你的身体状态：疲劳；匹配你的心情状态：低落；匹配你的感官偏好：甜感、茶香；匹配你的冷热偏好：热饮；已考虑你的健康约束：低糖,,
U0640,困倦,紧张,学校/教学楼,茶香、清爽,冷饮,咖啡因敏感慎用,咖啡因敏感慎用冷饮清爽茶香型,R045,荷叶陈皮,0.7267,匹配你的心情状态：紧张；匹配你的感官偏好：清爽；已考虑你的健康约束：咖啡因敏感慎用,R038,菊花柠檬草,0.7267,匹配你的心情状态：紧张；匹配你的感官偏好：清爽；已考虑你的健康约束：咖啡因敏感慎用,R055,薰衣草蓝莓,0.7267,匹配你的心情状态：紧张；匹配你的感官偏好：清爽；已考虑你的健康约束：咖啡因敏感慎用,,
U0641,疲劳、口渴,烦躁,健身房/运动场,果香、酸感、清爽,冷饮,低糖,低糖冷饮清爽果香型,R083,冷萃咖啡椰子水,0.7992,匹配你的身体状态：口渴、疲劳；匹配你的感官偏好：果香、清爽；匹配你的冷热偏好：冷饮；已考虑你的健康约束：低糖,R090,黑巧椰乳,0.7991,匹配你的身体状态：口渴、疲劳；匹配你的感官偏好：果香、清爽；匹配你的冷热偏好：冷饮；已考虑你的健康约束：低糖,R089,可可粉豆奶,0.773,匹配你的身体状态：疲劳；匹配你的感官偏好：果香、清爽、酸感；匹配你的冷热偏好：冷饮；已考虑你的健康约束：低糖,,
U0642,感觉有点冷,平静,公园/户外,果香、清爽,热饮,低糖、低刺激,低糖热饮清爽果香型,R055,薰衣草蓝莓,0.8402,匹配你的身体状态：感觉有点冷；匹配你的心情状态：平静；匹配你的感官偏好：果香、清爽；匹配你的冷热偏好：热饮；已考虑你的健康约束：低糖、低刺激,R038,菊花柠檬草,0.8401,匹配你的身体状态：感觉有点冷；匹配你的心情状态：平静；匹配你的感官偏好：果香、清爽；匹配你的冷热偏好：热饮；已考虑你的健康约束：低糖、低刺激,R045,荷叶陈皮,0.8401,匹配你的身体状态：感觉有点冷；匹配你的心情状态：平静；匹配你的感官偏好：果香、清爽；匹配你的冷热偏好：热饮；已考虑你的健康约束：低糖、低刺激,,
U0643,疲劳,平静,商场/商业街,清爽,冷饮,低糖,低糖冷饮清爽型,R083,冷萃咖啡椰子水,0.8072,匹配你的身体状态：疲劳；匹配你的感官偏好：清爽；匹配你的冷热偏好：冷饮；已考虑你的健康约束：低糖,R081,美式咖啡液橙子,0.8072,匹配你的身体状态：疲劳；匹配你的感官偏好：清爽；匹配你的冷热偏好：冷饮；已考虑你的健康约束：低糖,R009,桃子轻发酵乌龙,0.8072,匹配你的身体状态：疲劳；匹配你的感官偏好：清爽；匹配你的冷热偏好：冷饮；已考虑你的健康约束：低糖,,
U0644,良好,紧张,图书馆/自习室,清爽,常温,咖啡因敏感慎用、乳糖不耐慎用,咖啡因敏感慎用常温清爽型,R045,荷叶陈皮,0.7344,匹配你的心情状态：紧张；匹配你的感官偏好：清爽；已考虑你的健康约束：咖啡因敏感慎用、乳糖不耐慎用,R038,菊花柠檬草,0.7344,匹配你的心情状态：紧张；匹配你的感官偏好：清爽；已考虑你的健康约束：咖啡因敏感慎用、乳糖不耐慎用,R043,金银花菊花,0.8063,匹配你的身体状态：良好；匹配你的感官偏好：清爽；匹配你的冷热偏好：常温；已考虑你的健康约束：咖啡因敏感慎用、乳糖不耐慎用,,
U0645,困倦,紧张,学校/教学楼,清爽、果香,冷饮,,冷饮清爽果香型,R009,桃子轻发酵乌龙,0.8058,匹配你的身体状态：困倦；匹配你的场景：学校/教学楼；匹配你的感官偏好：果香、清爽；匹配你的冷热偏好：冷饮,R012,荔枝茉莉绿茶,0.8058,匹配你的身体状态：困倦；匹配你的场景：学校/教学楼；匹配你的感官偏好：果香、清爽；匹配你的冷热偏好：冷饮,R033,草莓茉莉绿茶,0.8058,匹配你的身体状态：困倦；匹配你的场景：学校/教学楼；匹配你的感官偏好：果香、清爽；匹配你的冷热偏好：冷饮,,
U0646,疲劳、感觉有点冷,烦躁,公园/户外,奶香,热饮,乳糖不耐慎用,乳糖不耐慎用热饮奶香型,R069,焙茶豆奶,0.7727,匹配你的身体状态：疲劳；匹配你的感官偏好：奶香；匹配你的冷热偏好：热饮；已考虑你的健康约束：乳糖不耐慎用,R030,芒果红茶,0.7539,匹配你的身体状态：疲劳；匹配你的心情状态：烦躁；已考虑你的健康约束：乳糖不耐慎用,R022,苹果茉莉绿茶,0.7538,匹配你的身体状态：疲劳；匹配你的心情状态：烦躁；已考虑你的健康约束：乳糖不耐慎用,,
U0647,疲劳,紧张,图书馆/自习室、地铁/公交/车站,清爽、果香,冷饮,低糖,低糖冷饮清爽果香型,R009,桃子轻发酵乌龙,0.8055,匹配你的身体状态：疲劳；匹配你的场景：图书馆/自习室；匹配你的感官偏好：果香、清爽；匹配你的冷热偏好：冷饮；已考虑你的健康约束：低糖,R012,荔枝茉莉绿茶,0.8055,匹配你的身体状态：疲劳；匹配你的场景：图书馆/自习室；匹配你的感官偏好：果香、清爽；匹配你的冷热偏好：冷饮；已考虑你的健康约束：低糖,R033,草莓茉莉绿茶,0.8055,匹配你的身体状态：疲劳；匹配你的场景：图书馆/自习室；匹配你的感官偏好：果香、清爽；匹配你的冷热偏好：冷饮；已考虑你的健康约束：低糖,,
U0648,困倦,平静,地铁/公交/车站,清爽、茶香,热饮,低糖,低糖热饮清爽茶香型,R022,苹果茉莉绿茶,0.8053,匹配你的身体状态：困倦；匹配你的心情状态：平静；匹配你的感官偏好：清爽、茶香；已考虑你的健康约束：低糖,R014,葡萄焙茶,0.8402,匹配你的身体状态：困倦；匹配你的心情状态：平静；匹配你的感官偏好：清爽、茶香；匹配你的冷热偏好：热饮；已考虑你的健康约束：低糖,R028,苹果焙茶,0.8402,匹配你的身体状态：困倦；匹配你的心情状态：平静；匹配你的感官偏好：清爽、茶香；匹配你的冷热偏好：热饮；已考虑你的健康约束：低糖,,
U0649,感觉有点热,烦躁,地铁/公交/车站、公园/户外,清爽、气泡感,冷饮,低糖,低糖冷饮清爽气泡感型,R096,草莓薄荷叶气泡饮,0.8058,匹配你的身体状态：感觉有点热；匹配你的场景：公园/户外、地铁/公交/车站；匹配你的感官偏好：气泡感、清爽；匹配你的冷热偏好：冷饮；已考虑你的健康约束：低糖,R098,葡萄蝶豆花气泡饮,0.8058,匹配你的身体状态：感觉有点热；匹配你的场景：公园/户外、地铁/公交/车站；匹配你的感官偏好：气泡感、清爽；匹配你的冷热偏好：冷饮；已考虑你的健康约束：低糖,R099,桃子茉莉花气泡饮,0.8058,匹配你的身体状态：感觉有点热；匹配你的场景：公园/户外、地铁/公交/车站；匹配你的感官偏好：气泡感、清爽；匹配你的冷热偏好：冷饮；已考虑你的健康约束：低糖,,
U0650,疲劳,烦躁,图书馆/自习室,清爽,热饮,乳糖不耐慎用,乳糖不耐慎用热饮清爽型,R091,低因咖啡椰奶,0.8058,匹配你的身体状态：疲劳；匹配你的场景：图书馆/自习室；匹配你的感官偏好：清爽；匹配你的冷热偏好：热饮；已考虑你的健康约束：乳糖不耐慎用,R020,草莓玄米茶,0.8394,匹配你的身体状态：疲劳；匹配你的心情状态：烦躁；匹配你的场景：图书馆/自习室；匹配你的感官偏好：清爽；匹配你的冷热偏好：热饮；已考虑你的健康约束：乳糖不耐慎用,R014,葡萄焙茶,0.8394,匹配你的身体状态：疲劳；匹配你的心情状态：烦躁；匹配你的场景：图书馆/自习室；匹配你的感官偏好：清爽；匹配你的冷热偏好：热饮；已考虑你的健康约束：乳糖不耐慎用,,
U0651,困倦,烦躁,图书馆/自习室,清爽,冷饮,乳糖不耐慎用,乳糖不耐慎用冷饮清爽型,R065,茉莉绿茶椰乳,0.8057,匹配你的身体状态：困倦；匹配你的场景：图书馆/自习室；匹配你的感官偏好：清爽；匹配你的冷热偏好：冷饮；已考虑你的健康约束：乳糖不耐慎用,R006,草莓红茶,0.8057,匹配你的身体状态：困倦；匹配你的场景：图书馆/自习室；匹配你的感官偏好：清爽；匹配你的冷热偏好：冷饮；已考虑你的健康约束：乳糖不耐慎用,R023,西瓜绿茶,0.8057,匹配你的身体状态：困倦；匹配你的场景：图书馆/自习室；匹配你的感官偏好：清爽；匹配你的冷热偏好：冷饮；已考虑你的健康约束：乳糖不耐慎用,,
U0652,良好,低落,图书馆/自习室,茶香、清爽,热饮,低刺激、咖啡因敏感慎用,低刺激热饮清爽茶香型,R045,荷叶陈皮,0.7628,匹配你的心情状态：低落；匹配你的感官偏好：清爽；匹配你的冷热偏好：热饮；已考虑你的健康约束：低刺激、咖啡因敏感慎用,R038,菊花柠檬草,0.7627,匹配你的心情状态：低落；匹配你的感官偏好：清爽；匹配你的冷热偏好：热饮；已考虑你的健康约束：低刺激、咖啡因敏感慎用,R055,薰衣草蓝莓,0.7626,匹配你的心情状态：低落；匹配你的感官偏好：清爽；匹配你的冷热偏好：热饮；已考虑你的健康约束：低刺激、咖啡因敏感慎用,,
U0653,困倦,低落,图书馆/自习室,奶香,热饮,,热饮奶香型,R061,焙茶鲜奶,0.8386,匹配你的身体状态：困倦；匹配你的心情状态：低落；匹配你的场景：图书馆/自习室；匹配你的感官偏好：奶香；匹配你的冷热偏好：热饮,R075,红茶淡奶油,0.8385,匹配你的身体状态：困倦；匹配你的心情状态：低落；匹配你的场景：图书馆/自习室；匹配你的感官偏好：奶香；匹配你的冷热偏好：热饮,R069,焙茶豆奶,0.8383,匹配你的身体状态：困倦；匹配你的心情状态：低落；匹配你的场景：图书馆/自习室；匹配你的感官偏好：奶香；匹配你的冷热偏好：热饮,,
U0654,疲劳,烦躁,商场/商业街,奶香、茶香、果香,常温,低糖,低糖常温茶香果香型,R030,芒果红茶,0.8357,匹配你的身体状态：疲劳；匹配你的心情状态：烦躁；匹配你的感官偏好：果香、茶香；匹配你的冷热偏好：常温；已考虑你的健康约束：低糖,R061,焙茶鲜奶,0.7625,匹配你的身体状态：疲劳；匹配你的感官偏好：奶香、茶香；已考虑你的健康约束：低糖,R075,红茶淡奶油,0.7625,匹配你的身体状态：疲劳；匹配你的感官偏好：奶香、茶香；已考虑你的健康约束：低糖,,
U0655,感觉有点冷,平静,公园/户外,茶香、清爽,热饮,低糖、低刺激,低糖热饮清爽茶香型,R038,菊花柠檬草,0.8336,匹配你的身体状态：感觉有点冷；匹配你的心情状态：平静；匹配你的感官偏好：清爽；匹配你的冷热偏好：热饮；已考虑你的健康约束：低糖、低刺激,R045,荷叶陈皮,0.8336,匹配你的身体状态：感觉有点冷；匹配你的心情状态：平静；匹配你的感官偏好：清爽；匹配你的冷热偏好：热饮；已考虑你的健康约束：低糖、低刺激,R055,薰衣草蓝莓,0.8336,匹配你的身体状态：感觉有点冷；匹配你的心情状态：平静；匹配你的感官偏好：清爽；匹配你的冷热偏好：热饮；已考虑你的健康约束：低糖、低刺激,,
U0656,疲劳,烦躁,地铁/公交/车站,花香,热饮,低刺激,低刺激热饮花香型,R045,荷叶陈皮,0.8065,匹配你的身体状态：疲劳；匹配你的感官偏好：花香；匹配你的冷热偏好：热饮；已考虑你的健康约束：低刺激,R038,菊花柠檬草,0.8064,匹配你的身体状态：疲劳；匹配你的感官偏好：花香；匹配你的冷热偏好：热饮；已考虑你的健康约束：低刺激,R055,薰衣草蓝莓,0.8061,匹配你的身体状态：疲劳；匹配你的感官偏好：花香；匹配你的冷热偏好：热饮；已考虑你的健康约束：低刺激,,
U0657,疲劳,平静,地铁/公交/车站,果香、酸感、清爽,冷饮,低糖,低糖冷饮清爽果香型,R083,冷萃咖啡椰子水,0.7991,匹配你的身体状态：疲劳；匹配你的感官偏好：果香、清爽；匹配你的冷热偏好：冷饮；已考虑你的健康约束：低糖,R009,桃子轻发酵乌龙,0.7991,匹配你的身体状态：疲劳；匹配你的感官偏好：果香、清爽；匹配你的冷热偏好：冷饮；已考虑你的健康约束：低糖,R012,荔枝茉莉绿茶,0.7991,匹配你的身体状态：疲劳；匹配你的感官偏好：果香、清爽；匹配你的冷热偏好：冷饮；已考虑你的健康约束：低糖,,
U0658,困倦,开心,图书馆/自习室,花香、甜感、清爽,热饮,乳糖不耐慎用,乳糖不耐慎用热饮清爽花香型,R055,薰衣草蓝莓,0.7347,匹配你的感官偏好：清爽、甜感、花香；匹配你的冷热偏好：热饮；已考虑你的健康约束：乳糖不耐慎用,R038,菊花柠檬草,0.7347,匹配你的感官偏好：清爽、甜感、花香；匹配你的冷热偏好：热饮；已考虑你的健康约束：乳糖不耐慎用,R009,桃子轻发酵乌龙,0.8095,匹配你的身体状态：困倦；匹配你的心情状态：开心；匹配你的场景：图书馆/自习室；匹配你的感官偏好：清爽、甜感、花香；已考虑你的健康约束：乳糖不耐慎用,,
U0659,疲劳,烦躁,地铁/公交/车站,茶香、清爽,冷饮,低糖,低糖冷饮清爽茶香型,R002,青柠茉莉绿茶,0.8072,匹配你的身体状态：疲劳；匹配你的感官偏好：清爽、茶香；匹配你的冷热偏好：冷饮；已考虑你的健康约束：低糖,R027,柠檬轻发酵乌龙,0.8072,匹配你的身体状态：疲劳；匹配你的感官偏好：清爽、茶香；匹配你的冷热偏好：冷饮；已考虑你的健康约束：低糖,R065,茉莉绿茶椰乳,0.8072,匹配你的身体状态：疲劳；匹配你的感官偏好：清爽、茶香；匹配你的冷热偏好：冷饮；已考虑你的健康约束：低糖,,
U0660,疲劳,低落,图书馆/自习室,清爽,热饮,,热饮清爽型,R091,低因咖啡椰奶,0.8394,匹配你的身体状态：疲劳；匹配你的心情状态：低落；匹配你的场景：图书馆/自习室；匹配你的感官偏好：清爽；匹配你的冷热偏好：热饮,R062,玄米茶燕麦奶,0.8394,匹配你的身体状态：疲劳；匹配你的心情状态：低落；匹配你的场景：图书馆/自习室；匹配你的感官偏好：清爽；匹配你的冷热偏好：热饮,R076,焙茶奶泡,0.8394,匹配你的身体状态：疲劳；匹配你的心情状态：低落；匹配你的场景：图书馆/自习室；匹配你的感官偏好：清爽；匹配你的冷热偏好：热饮,,
U0661,疲劳、感觉有点热,烦躁,公园/户外,茶香、果香,冷饮,低糖,低糖冷饮茶香果香型,R002,青柠茉莉绿茶,0.7729,匹配你的身体状态：疲劳；匹配你的感官偏好：果香、茶香；匹配你的冷热偏好：冷饮；已考虑你的健康约束：低糖,R027,柠檬轻发酵乌龙,0.7729,匹配你的身体状态：疲劳；匹配你的感官偏好：果香、茶香；匹配你的冷热偏好：冷饮；已考虑你的健康约束：低糖,R009,桃子轻发酵乌龙,0.7729,匹配你的身体状态：疲劳；匹配你的感官偏好：果香、茶香；匹配你的冷热偏好：冷饮；已考虑你的健康约束：低糖,,
U0662,困倦,烦躁,地铁/公交/车站,茶香、清爽,热饮,乳糖不耐慎用,乳糖不耐慎用热饮清爽茶香型,R022,苹果茉莉绿茶,0.8053,匹配你的身体状态：困倦；匹配你的心情状态：烦躁；匹配你的感官偏好：清爽、茶香；已考虑你的健康约束：乳糖不耐慎用,R020,草莓玄米茶,0.8402,匹配你的身体状态：困倦；匹配你的心情状态：烦躁；匹配你的感官偏好：清爽、茶香；匹配你的冷热偏好：热饮；已考虑你的健康约束：乳糖不耐慎用,R015,陈皮普洱茶,0.8072,匹配你的身体状态：困倦；匹配你的感官偏好：清爽、茶香；匹配你的冷热偏好：热饮；已考虑你的健康约束：乳糖不耐慎用,,
U0663,疲劳,开心,地铁/公交/车站,果香、酸感、清爽,冷饮,低糖,低糖冷饮清爽果香型,R083,冷萃咖啡椰子水,0.836,匹配你的身体状态：疲劳；匹配你的心情状态：开心；匹配你的感官偏好：果香、清爽；匹配你的冷热偏好：冷饮；已考虑你的健康约束：低糖,R081,美式咖啡液橙子,0.8402,匹配你的身体状态：疲劳；匹配你的心情状态：开心；匹配你的感官偏好：果香、清爽、酸感；匹配你的冷热偏好：冷饮；已考虑你的健康约束：低糖,R090,黑巧椰乳,0.836,匹配你的身体状态：疲劳；匹配你的心情状态：开心；匹配你的感官偏好：果香、清爽；匹配你的冷热偏好：冷饮；已考虑你的健康约束：低糖,,
U0664,困倦,烦躁,图书馆/自习室、地铁/公交/车站,清爽,热饮,低刺激、咖啡因敏感慎用,低刺激热饮清爽型,R045,荷叶陈皮,0.7346,匹配你的感官偏好：清爽；匹配你的冷热偏好：热饮；已考虑你的健康约束：低刺激、咖啡因敏感慎用,R038,菊花柠檬草,0.7346,匹配你的感官偏好：清爽；匹配你的冷热偏好：热饮；已考虑你的健康约束：低刺激、咖啡因敏感慎用,R055,薰衣草蓝莓,0.7345,匹配你的感官偏好：清爽；匹配你的冷热偏好：热饮；已考虑你的健康约束：低刺激、咖啡因敏感慎用,,
U0665,疲劳,平静,地铁/公交/车站,清爽,热饮,低刺激、乳糖不耐慎用,低刺激热饮清爽型,R045,荷叶陈皮,0.8402,匹配你的身体状态：疲劳；匹配你的心情状态：平静；匹配你的感官偏好：清爽；匹配你的冷热偏好：热饮；已考虑你的健康约束：低刺激、乳糖不耐慎用,R038,菊花柠檬草,0.8402,匹配你的身体状态：疲劳；匹配你的心情状态：平静；匹配你的感官偏好：清爽；匹配你的冷热偏好：热饮；已考虑你的健康约束：低刺激、乳糖不耐慎用,R055,薰衣草蓝莓,0.8401,匹配你的身体状态：疲劳；匹配你的心情状态：平静；匹配你的感官偏好：清爽；匹配你的冷热偏好：热饮；已考虑你的健康约束：低刺激、乳糖不耐慎用,,
U0666,良好,紧张,地铁/公交/车站,花香、清爽,热饮,低糖、低刺激、咖啡因敏感慎用,低糖热饮清爽花香型,R043,金银花菊花,0.769,匹配你的身体状态：良好；匹配你的场景：地铁/公交/车站；匹配你的感官偏好：清爽、花香；已考虑你的健康约束：低糖、低刺激、咖啡因敏感慎用,R045,荷叶陈皮,0.7713,匹配你的心情状态：紧张；匹配你的感官偏好：清爽、花香；匹配你的冷热偏好：热饮；已考虑你的健康约束：低糖、低刺激、咖啡因敏感慎用,R038,菊花柠檬草,0.7713,匹配你的心情状态：紧张；匹配你的感官偏好：清爽、花香；匹配你的冷热偏好：热饮；已考虑你的健康约束：低糖、低刺激、咖啡因敏感慎用,,
U0667,疲劳,低落,商场/商业街,清爽,冷饮,乳糖不耐慎用,乳糖不耐慎用冷饮清爽型,R083,冷萃咖啡椰子水,0.8073,匹配你的身体状态：疲劳；匹配你的感官偏好：清爽；匹配你的冷热偏好：冷饮；已考虑你的健康约束：乳糖不耐慎用,R081,美式咖啡液橙子,0.8072,匹配你的身体状态：疲劳；匹配你的感官偏好：清爽；匹配你的冷热偏好：冷饮；已考虑你的健康约束：乳糖不耐慎用,R111,豆奶苹果,0.8095,匹配你的身体状态：疲劳；匹配你的心情状态：低落；匹配你的场景：商场/商业街；匹配你的感官偏好：清爽；已考虑你的健康约束：乳糖不耐慎用,,
U0668,疲劳,紧张,图书馆/自习室,清爽、果香,冷饮,低糖,低糖冷饮清爽果香型,R009,桃子轻发酵乌龙,0.8058,匹配你的身体状态：疲劳；匹配你的场景：图书馆/自习室；匹配你的感官偏好：果香、清爽；匹配你的冷热偏好：冷饮；已考虑你的健康约束：低糖,R012,荔枝茉莉绿茶,0.8058,匹配你的身体状态：疲劳；匹配你的场景：图书馆/自习室；匹配你的感官偏好：果香、清爽；匹配你的冷热偏好：冷饮；已考虑你的健康约束：低糖,R033,草莓茉莉绿茶,0.8058,匹配你的身体状态：疲劳；匹配你的场景：图书馆/自习室；匹配你的感官偏好：果香、清爽；匹配你的冷热偏好：冷饮；已考虑你的健康约束：低糖,,
U0669,良好,紧张,地铁/公交/车站,清爽,热饮,低刺激、咖啡因敏感慎用,低刺激热饮清爽型,R045,荷叶陈皮,0.7715,匹配你的心情状态：紧张；匹配你的感官偏好：清爽；匹配你的冷热偏好：热饮；已考虑你的健康约束：低刺激、咖啡因敏感慎用,R038,菊花柠檬草,0.7715,匹配你的心情状态：紧张；匹配你的感官偏好：清爽；匹配你的冷热偏好：热饮；已考虑你的健康约束：低刺激、咖啡因敏感慎用,R043,金银花菊花,0.7692,匹配你的身体状态：良好；匹配你的场景：地铁/公交/车站；匹配你的感官偏好：清爽；已考虑你的健康约束：低刺激、咖啡因敏感慎用,,
U0670,良好,紧张,图书馆/自习室,果香、清爽,热饮,低刺激、咖啡因敏感慎用,低刺激热饮清爽果香型,R045,荷叶陈皮,0.7717,匹配你的心情状态：紧张；匹配你的感官偏好：果香、清爽；匹配你的冷热偏好：热饮；已考虑你的健康约束：低刺激、咖啡因敏感慎用,R038,菊花柠檬草,0.7716,匹配你的心情状态：紧张；匹配你的感官偏好：果香、清爽；匹配你的冷热偏好：热饮；已考虑你的健康约束：低刺激、咖啡因敏感慎用,R055,薰衣草蓝莓,0.7716,匹配你的心情状态：紧张；匹配你的感官偏好：果香、清爽；匹配你的冷热偏好：热饮；已考虑你的健康约束：低刺激、咖啡因敏感慎用,,
U0671,良好,烦躁,地铁/公交/车站,花香、清爽,热饮,低刺激、咖啡因敏感慎用,低刺激热饮清爽花香型,R043,金银花菊花,0.769,匹配你的身体状态：良好；匹配你的场景：地铁/公交/车站；匹配你的感官偏好：清爽、花香；已考虑你的健康约束：低刺激、咖啡因敏感慎用,R045,荷叶陈皮,0.7342,匹配你的感官偏好：清爽、花香；匹配你的冷热偏好：热饮；已考虑你的健康约束：低刺激、咖啡因敏感慎用,R038,菊花柠檬草,0.7342,匹配你的感官偏好：清爽、花香；匹配你的冷热偏好：热饮；已考虑你的健康约束：低刺激、咖啡因敏感慎用,,
U0672,困倦,平静,图书馆/自习室,清爽,热饮,乳糖不耐慎用,乳糖不耐慎用热饮清爽型,R014,葡萄焙茶,0.8394,匹配你的身体状态：困倦；匹配你的心情状态：平静；匹配你的场景：图书馆/自习室；匹配你的感官偏好：清爽；匹配你的冷热偏好：热饮；已考虑你的健康约束：乳糖不耐慎用,R028,苹果焙茶,0.8394,匹配你的身体状态：困倦；匹配你的心情状态：平静；匹配你的场景：图书馆/自习室；匹配你的感官偏好：清爽；匹配你的冷热偏好：热饮；已考虑你的健康约束：乳糖不耐慎用,R039,茉莉花白茶,0.8394,匹配你的身体状态：困倦；匹配你的心情状态：平静；匹配你的场景：图书馆/自习室；匹配你的感官偏好：清爽；匹配你的冷热偏好：热饮；已考虑你的健康约束：乳糖不耐慎用,,
U0673,良好,紧张,地铁/公交/车站,清爽,热饮,咖啡因敏感慎用,咖啡因敏感慎用热饮清爽型,R045,荷叶陈皮,0.7715,匹配你的心情状态：紧张；匹配你的感官偏好：清爽；匹配你的冷热偏好：热饮；已考虑你的健康约束：咖啡因敏感慎用,R038,菊花柠檬草,0.7715,匹配你的心情状态：紧张；匹配你的感官偏好：清爽；匹配你的冷热偏好：热饮；已考虑你的健康约束：咖啡因敏感慎用,R043,金银花菊花,0.7692,匹配你的身体状态：良好；匹配你的场景：地铁/公交/车站；匹配你的感官偏好：清爽；已考虑你的健康约束：咖啡因敏感慎用,,
U0674,疲劳、口渴,烦躁,健身房/运动场、商场/商业街,清爽、果香,冷饮,低糖,低糖冷饮清爽果香型,R090,黑巧椰乳,0.8055,匹配你的身体状态：口渴、疲劳；匹配你的场景：商场/商业街；匹配你的感官偏好：果香、清爽；匹配你的冷热偏好：冷饮；已考虑你的健康约束：低糖,R113,椰奶荔枝,0.8055,匹配你的身体状态：口渴、疲劳；匹配你的场景：商场/商业街；匹配你的感官偏好：果香、清爽；匹配你的冷热偏好：冷饮；已考虑你的健康约束：低糖,R083,冷萃咖啡椰子水,0.8072,匹配你的身体状态：口渴、疲劳；匹配你的感官偏好：果香、清爽；匹配你的冷热偏好：冷饮；已考虑你的健康约束：低糖,,
U0675,疲劳,烦躁,商场/商业街,茶香、果香,热饮,低刺激,低刺激热饮茶香果香型,R045,荷叶陈皮,0.7953,匹配你的身体状态：疲劳；匹配你的感官偏好：果香；匹配你的冷热偏好：热饮；已考虑你的健康约束：低刺激,R038,菊花柠檬草,0.7953,匹配你的身体状态：疲劳；匹配你的感官偏好：果香；匹配你的冷热偏好：热饮；已考虑你的健康约束：低刺激,R055,薰衣草蓝莓,0.7952,匹配你的身体状态：疲劳；匹配你的感官偏好：果香；匹配你的冷热偏好：热饮；已考虑你的健康约束：低刺激,,
U0676,困倦,紧张,地铁/公交/车站,咖啡香、苦感、清爽,冷饮,咖啡因敏感慎用,咖啡因敏感慎用冷饮清爽咖啡香型,R053,百合椰子水,0.6673,匹配你的场景：地铁/公交/车站；匹配你的感官偏好：清爽；已考虑你的健康约束：咖啡因敏感慎用,R043,金银花菊花,0.6673,匹配你的场景：地铁/公交/车站；匹配你的感官偏好：清爽；已考虑你的健康约束：咖啡因敏感慎用,R045,荷叶陈皮,0.7293,匹配你的心情状态：紧张；匹配你的感官偏好：清爽、苦感；已考虑你的健康约束：咖啡因敏感慎用,,
U0677,感觉有点冷,平静,公园/户外,清爽,热饮,咖啡因敏感慎用、乳糖不耐慎用,咖啡因敏感慎用热饮清爽型,R055,薰衣草蓝莓,0.8402,匹配你的身体状态：感觉有点冷；匹配你的心情状态：平静；匹配你的感官偏好：清爽；匹配你的冷热偏好：热饮；已考虑你的健康约束：咖啡因敏感慎用、乳糖不耐慎用,R038,菊花柠檬草,0.8401,匹配你的身体状态：感觉有点冷；匹配你的心情状态：平静；匹配你的感官偏好：清爽；匹配你的冷热偏好：热饮；已考虑你的健康约束：咖啡因敏感慎用、乳糖不耐慎用,R045,荷叶陈皮,0.8401,匹配你的身体状态：感觉有点冷；匹配你的心情状态：平静；匹配你的感官偏好：清爽；匹配你的冷热偏好：热饮；已考虑你的健康约束：咖啡因敏感慎用、乳糖不耐慎用,,
U0678,疲劳,平静,地铁/公交/车站,花香,热饮,低刺激,低刺激热饮花香型,R045,荷叶陈皮,0.8396,匹配你的身体状态：疲劳；匹配你的心情状态：平静；匹配你的感官偏好：花香；匹配你的冷热偏好：热饮；已考虑你的健康约束：低刺激,R038,菊花柠檬草,0.8395,匹配你的身体状态：疲劳；匹配你的心情状态：平静；匹配你的感官偏好：花香；匹配你的冷热偏好：热饮；已考虑你的健康约束：低刺激,R061,焙茶鲜奶,0.7811,匹配你的身体状态：疲劳；匹配你的冷热偏好：热饮；已考虑你的健康约束：低刺激,,
U0679,困倦,烦躁,图书馆/自习室,茶香、清爽,热饮,低糖,低糖热饮清爽茶香型,R030,芒果红茶,0.8095,匹配你的身体状态：困倦；匹配你的心情状态：烦躁；匹配你的场景：图书馆/自习室；匹配你的感官偏好：清爽、茶香；已考虑你的健康约束：低糖,R022,苹果茉莉绿茶,0.8094,匹配你的身体状态：困倦；匹配你的心情状态：烦躁；匹配你的场景：图书馆/自习室；匹配你的感官偏好：清爽、茶香；已考虑你的健康约束：低糖,R069,焙茶豆奶,0.8057,匹配你的身体状态：困倦；匹配你的场景：图书馆/自习室；匹配你的感官偏好：清爽、茶香；匹配你的冷热偏好：热饮；已考虑你的健康约束：低糖,,
U0680,疲劳、感觉有点冷,平静,公园/户外,清爽,热饮,低刺激、咖啡因敏感慎用,低刺激热饮清爽型,R055,薰衣草蓝莓,0.8402,匹配你的身体状态：感觉有点冷、疲劳；匹配你的心情状态：平静；匹配你的感官偏好：清爽；匹配你的冷热偏好：热饮；已考虑你的健康约束：低刺激、咖啡因敏感慎用,R038,菊花柠檬草,0.8402,匹配你的身体状态：感觉有点冷、疲劳；匹配你的心情状态：平静；匹配你的感官偏好：清爽；匹配你的冷热偏好：热饮；已考虑你的健康约束：低刺激、咖啡因敏感慎用,R045,荷叶陈皮,0.8402,匹配你的身体状态：感觉有点冷、疲劳；匹配你的心情状态：平静；匹配你的感官偏好：清爽；匹配你的冷热偏好：热饮；已考虑你的健康约束：低刺激、咖啡因敏感慎用,,
U0681,困倦,平静,地铁/公交/车站,清爽、果香,热饮,低糖,低糖热饮清爽果香型,R038,菊花柠檬草,0.7717,匹配你的心情状态：平静；匹配你的感官偏好：果香、清爽；匹配你的冷热偏好：热饮；已考虑你的健康约束：低糖,R045,荷叶陈皮,0.7717,匹配你的心情状态：平静；匹配你的感官偏好：果香、清爽；匹配你的冷热偏好：热饮；已考虑你的健康约束：低糖,R009,桃子轻发酵乌龙,0.771,匹配你的身体状态：困倦；匹配你的感官偏好：果香、清爽；已考虑你的健康约束：低糖,,
U0682,疲劳,烦躁,商场/商业街,清爽、气泡感,热饮,低刺激,低刺激热饮清爽气泡感型,R055,薰衣草蓝莓,0.7955,匹配你的身体状态：疲劳；匹配你的感官偏好：清爽；匹配你的冷热偏好：热饮；已考虑你的健康约束：低刺激,R116,椰乳百合,0.7966,匹配你的身体状态：疲劳；匹配你的场景：商场/商业街；匹配你的感官偏好：清爽；匹配你的冷热偏好：热饮；已考虑你的健康约束：低刺激,R037,玫瑰桂花,0.7955,匹配你的身体状态：疲劳；匹配你的感官偏好：清爽；匹配你的冷热偏好：热饮；已考虑你的健康约束：低刺激,,
U0683,良好,紧张,地铁/公交/车站,花香、清爽,热饮,低刺激,低刺激热饮清爽花香型,R043,金银花菊花,0.769,匹配你的身体状态：良好；匹配你的场景：地铁/公交/车站；匹配你的感官偏好：清爽、花香；已考虑你的健康约束：低刺激,R045,荷叶陈皮,0.7713,匹配你的心情状态：紧张；匹配你的感官偏好：清爽、花香；匹配你的冷热偏好：热饮；已考虑你的健康约束：低刺激,R038,菊花柠檬草,0.7713,匹配你的心情状态：紧张；匹配你的感官偏好：清爽、花香；匹配你的冷热偏好：热饮；已考虑你的健康约束：低刺激,,
U0684,困倦,平静,图书馆/自习室、地铁/公交/车站,咖啡香、苦感、清爽,热饮,咖啡因敏感慎用,咖啡因敏感慎用热饮清爽咖啡香型,R045,荷叶陈皮,0.7651,匹配你的心情状态：平静；匹配你的感官偏好：清爽、苦感；匹配你的冷热偏好：热饮；已考虑你的健康约束：咖啡因敏感慎用,R038,菊花柠檬草,0.7603,匹配你的心情状态：平静；匹配你的感官偏好：清爽；匹配你的冷热偏好：热饮；已考虑你的健康约束：咖啡因敏感慎用,R055,薰衣草蓝莓,0.7601,匹配你的心情状态：平静；匹配你的感官偏好：清爽；匹配你的冷热偏好：热饮；已考虑你的健康约束：咖啡因敏感慎用,,
U0685,疲劳,烦躁,商场/商业街,清爽,冷饮,低糖,低糖冷饮清爽型,R083,冷萃咖啡椰子水,0.8073,匹配你的身体状态：疲劳；匹配你的感官偏好：清爽；匹配你的冷热偏好：冷饮；已考虑你的健康约束：低糖,R081,美式咖啡液橙子,0.8072,匹配你的身体状态：疲劳；匹配你的感官偏好：清爽；匹配你的冷热偏好：冷饮；已考虑你的健康约束：低糖,R049,洋甘菊苹果,0.771,匹配你的身体状态：疲劳；匹配你的感官偏好：清爽；已考虑你的健康约束：低糖,,
U0686,困倦,烦躁,图书馆/自习室、地铁/公交/车站,清爽、果香,冷饮,低糖,低糖冷饮清爽果香型,R009,桃子轻发酵乌龙,0.8055,匹配你的身体状态：困倦；匹配你的场景：图书馆/自习室；匹配你的感官偏好：果香、清爽；匹配你的冷热偏好：冷饮；已考虑你的健康约束：低糖,R012,荔枝茉莉绿茶,0.8055,匹配你的身体状态：困倦；匹配你的场景：图书馆/自习室；匹配你的感官偏好：果香、清爽；匹配你的冷热偏好：冷饮；已考虑你的健康约束：低糖,R033,草莓茉莉绿茶,0.8055,匹配你的身体状态：困倦；匹配你的场景：图书馆/自习室；匹配你的感官偏好：果香、清爽；匹配你的冷热偏好：冷饮；已考虑你的健康约束：低糖,,
U0687,疲劳、口渴,开心,健身房/运动场,清爽、果香,冷饮,低糖,低糖冷饮清爽果香型,R083,冷萃咖啡椰子水,0.8402,匹配你的身体状态：口渴、疲劳；匹配你的心情状态：开心；匹配你的感官偏好：果香、清爽；匹配你的冷热偏好：冷饮；已考虑你的健康约束：低糖,R090,黑巧椰乳,0.8402,匹配你的身体状态：口渴、疲劳；匹配你的心情状态：开心；匹配你的感官偏好：果香、清爽；匹配你的冷热偏好：冷饮；已考虑你的健康约束：低糖,R113,椰奶荔枝,0.8402,匹配你的身体状态：口渴、疲劳；匹配你的心情状态：开心；匹配你的感官偏好：果香、清爽；匹配你的冷热偏好：冷饮；已考虑你的健康约束：低糖,,
U0688,良好,烦躁,地铁/公交/车站,清爽,常温,低刺激,低刺激常温清爽型,R043,金银花菊花,0.8053,匹配你的身体状态：良好；匹配你的场景：地铁/公交/车站；匹配你的感官偏好：清爽；匹配你的冷热偏好：常温；已考虑你的健康约束：低刺激,R045,荷叶陈皮,0.689,匹配你的感官偏好：清爽；已考虑你的健康约束：低刺激,R038,菊花柠檬草,0.6889,匹配你的感官偏好：清爽；已考虑你的健康约束：低刺激,,
U0689,困倦、感觉有点冷,低落,公园/户外,奶香,热饮,低刺激、咖啡因敏感慎用,低刺激热饮奶香型,R045,荷叶陈皮,0.7909,匹配你的身体状态：感觉有点冷；匹配你的心情状态：低落；匹配你的冷热偏好：热饮；已考虑你的健康约束：低刺激、咖啡因敏感慎用,R038,菊花柠檬草,0.7908,匹配你的身体状态：感觉有点冷；匹配你的心情状态：低落；匹配你的冷热偏好：热饮；已考虑你的健康约束：低刺激、咖啡因敏感慎用,R055,薰衣草蓝莓,0.7905,匹配你的身体状态：感觉有点冷；匹配你的心情状态：低落；匹配你的冷热偏好：热饮；已考虑你的健康约束：低刺激、咖啡因敏感慎用,,
U0690,疲劳,低落,图书馆/自习室,奶香、甜感,热饮,,热饮奶香甜感型,R061,焙茶鲜奶,0.8393,匹配你的身体状态：疲劳；匹配你的心情状态：低落；匹配你的场景：图书馆/自习室；匹配你的感官偏好：奶香、甜感；匹配你的冷热偏好：热饮,R075,红茶淡奶油,0.8393,匹配你的身体状态：疲劳；匹配你的心情状态：低落；匹配你的场景：图书馆/自习室；匹配你的感官偏好：奶香、甜感；匹配你的冷热偏好：热饮,R082,咖啡椰乳,0.8393,匹配你的身体状态：疲劳；匹配你的心情状态：低落；匹配你的场景：图书馆/自习室；匹配你的感官偏好：奶香、甜感；匹配你的冷热偏好：热饮,,
U0691,困倦,紧张,地铁/公交/车站,清爽,热饮,咖啡因敏感慎用,咖啡因敏感慎用热饮清爽型,R038,菊花柠檬草,0.7717,匹配你的心情状态：紧张；匹配你的感官偏好：清爽；匹配你的冷热偏好：热饮；已考虑你的健康约束：咖啡因敏感慎用,R045,荷叶陈皮,0.7717,匹配你的心情状态：紧张；匹配你的感官偏好：清爽；匹配你的冷热偏好：热饮；已考虑你的健康约束：咖啡因敏感慎用,R055,薰衣草蓝莓,0.7717,匹配你的心情状态：紧张；匹配你的感官偏好：清爽；匹配你的冷热偏好：热饮；已考虑你的健康约束：咖啡因敏感慎用,,
U0692,困倦,烦躁,学校/教学楼、地铁/公交/车站,清爽、果香、气泡感,热饮,低糖,低糖热饮清爽果香型,R002,青柠茉莉绿茶,0.7596,匹配你的身体状态：困倦；匹配你的场景：学校/教学楼；匹配你的感官偏好：果香、清爽；已考虑你的健康约束：低糖,R027,柠檬轻发酵乌龙,0.7596,匹配你的身体状态：困倦；匹配你的场景：学校/教学楼；匹配你的感官偏好：果香、清爽；已考虑你的健康约束：低糖,R009,桃子轻发酵乌龙,0.7596,匹配你的身体状态：困倦；匹配你的场景：学校/教学楼；匹配你的感官偏好：果香、清爽；已考虑你的健康约束：低糖,,
U0693,困倦,平静,学校/教学楼,茶香、清爽,冷饮,咖啡因敏感慎用,咖啡因敏感慎用冷饮清爽茶香型,R045,荷叶陈皮,0.7267,匹配你的心情状态：平静；匹配你的感官偏好：清爽；已考虑你的健康约束：咖啡因敏感慎用,R038,菊花柠檬草,0.7266,匹配你的心情状态：平静；匹配你的感官偏好：清爽；已考虑你的健康约束：咖啡因敏感慎用,R055,薰衣草蓝莓,0.7266,匹配你的心情状态：平静；匹配你的感官偏好：清爽；已考虑你的健康约束：咖啡因敏感慎用,,
U0694,良好,低落,图书馆/自习室,花香、清爽,热饮,低刺激、乳糖不耐慎用,低刺激热饮清爽花香型,R045,荷叶陈皮,0.7715,匹配你的心情状态：低落；匹配你的感官偏好：清爽、花香；匹配你的冷热偏好：热饮；已考虑你的健康约束：低刺激、乳糖不耐慎用,R038,菊花柠檬草,0.7714,匹配你的心情状态：低落；匹配你的感官偏好：清爽、花香；匹配你的冷热偏好：热饮；已考虑你的健康约束：低刺激、乳糖不耐慎用,R055,薰衣草蓝莓,0.7713,匹配你的心情状态：低落；匹配你的感官偏好：清爽、花香；匹配你的冷热偏好：热饮；已考虑你的健康约束：低刺激、乳糖不耐慎用,,
U0695,困倦,开心,地铁/公交/车站,清爽,冷饮,乳糖不耐慎用,乳糖不耐慎用冷饮清爽型,R083,冷萃咖啡椰子水,0.8402,匹配你的身体状态：困倦；匹配你的心情状态：开心；匹配你的感官偏好：清爽；匹配你的冷热偏好：冷饮；已考虑你的健康约束：乳糖不耐慎用,R053,百合椰子水,0.7398,匹配你的心情状态：开心；匹配你的场景：地铁/公交/车站；匹配你的感官偏好：清爽；已考虑你的健康约束：乳糖不耐慎用,R050,柠檬草橙子,0.7398,匹配你的心情状态：开心；匹配你的场景：地铁/公交/车站；匹配你的感官偏好：清爽；已考虑你的健康约束：乳糖不耐慎用,,
U0696,困倦,平静,学校/教学楼,清爽,热饮,低糖,低糖热饮清爽型,R015,陈皮普洱茶,0.8394,匹配你的身体状态：困倦；匹配你的心情状态：平静；匹配你的场景：学校/教学楼；匹配你的感官偏好：清爽；匹配你的冷热偏好：热饮；已考虑你的健康约束：低糖,R031,陈皮玄米茶,0.8394,匹配你的身体状态：困倦；匹配你的心情状态：平静；匹配你的场景：学校/教学楼；匹配你的感官偏好：清爽；匹配你的冷热偏好：热饮；已考虑你的健康约束：低糖,R014,葡萄焙茶,0.8394,匹配你的身体状态：困倦；匹配你的心情状态：平静；匹配你的场景：学校/教学楼；匹配你的感官偏好：清爽；匹配你的冷热偏好：热饮；已考虑你的健康约束：低糖,,
U0697,困倦,开心,地铁/公交/车站,清爽,热饮,低糖,低糖热饮清爽型,R055,薰衣草蓝莓,0.7347,匹配你的感官偏好：清爽；匹配你的冷热偏好：热饮；已考虑你的健康约束：低糖,R009,桃子轻发酵乌龙,0.8053,匹配你的身体状态：困倦；匹配你的心情状态：开心；匹配你的感官偏好：清爽；已考虑你的健康约束：低糖,R012,荔枝茉莉绿茶,0.8053,匹配你的身体状态：困倦；匹配你的心情状态：开心；匹配你的感官偏好：清爽；已考虑你的健康约束：低糖,,
U0698,疲劳、感觉有点冷,平静,公园/户外,奶香,热饮,咖啡因敏感慎用,咖啡因敏感慎用热饮奶香型,R045,荷叶陈皮,0.8257,匹配你的身体状态：感觉有点冷、疲劳；匹配你的心情状态：平静；匹配你的冷热偏好：热饮；已考虑你的健康约束：咖啡因敏感慎用,R038,菊花柠檬草,0.8256,匹配你的身体状态：感觉有点冷、疲劳；匹配你的心情状态：平静；匹配你的冷热偏好：热饮；已考虑你的健康约束：咖啡因敏感慎用,R055,薰衣草蓝莓,0.8254,匹配你的身体状态：感觉有点冷、疲劳；匹配你的心情状态：平静；匹配你的冷热偏好：热饮；已考虑你的健康约束：咖啡因敏感慎用,,
U0699,良好,平静,地铁/公交/车站,茶香、果香,冷饮,低糖,低糖冷饮茶香果香型,R030,芒果红茶,0.7344,匹配你的心情状态：平静；匹配你的感官偏好：果香、茶香；已考虑你的健康约束：低糖,R022,苹果茉莉绿茶,0.7344,匹配你的心情状态：平静；匹配你的感官偏好：果香、茶香；已考虑你的健康约束：低糖,R014,葡萄焙茶,0.7342,匹配你的心情状态：平静；匹配你的感官偏好：果香、茶香；已考虑你的健康约束：低糖,,
U0700,疲劳,烦躁,图书馆/自习室,清爽,热饮,低糖,低糖热饮清爽型,R091,低因咖啡椰奶,0.8058,匹配你的身体状态：疲劳；匹配你的场景：图书馆/自习室；匹配你的感官偏好：清爽；匹配你的冷热偏好：热饮；已考虑你的健康约束：低糖,R020,草莓玄米茶,0.8394,匹配你的身体状态：疲劳；匹配你的心情状态：烦躁；匹配你的场景：图书馆/自习室；匹配你的感官偏好：清爽；匹配你的冷热偏好：热饮；已考虑你的健康约束：低糖,R014,葡萄焙茶,0.8394,匹配你的身体状态：疲劳；匹配你的心情状态：烦躁；匹配你的场景：图书馆/自习室；匹配你的感官偏好：清爽；匹配你的冷热偏好：热饮；已考虑你的健康约束：低糖,,
U0701,良好,紧张,图书馆/自习室,清爽,常温,低糖、低刺激、咖啡因敏感慎用,低糖常温清爽型,R045,荷叶陈皮,0.7344,匹配你的心情状态：紧张；匹配你的感官偏好：清爽；已考虑你的健康约束：低糖、低刺激、咖啡因敏感慎用,R038,菊花柠檬草,0.7344,匹配你的心情状态：紧张；匹配你的感官偏好：清爽；已考虑你的健康约束：低糖、低刺激、咖啡因敏感慎用,R043,金银花菊花,0.8063,匹配你的身体状态：良好；匹配你的感官偏好：清爽；匹配你的冷热偏好：常温；已考虑你的健康约束：低糖、低刺激、咖啡因敏感慎用,,
U0702,困倦,平静,学校/教学楼、地铁/公交/车站,茶香、清爽,冷饮,,冷饮清爽茶香型,R022,苹果茉莉绿茶,0.8055,匹配你的身体状态：困倦；匹配你的心情状态：平静；匹配你的场景：学校/教学楼；匹配你的感官偏好：清爽、茶香,R007,蓝莓白茶,0.8055,匹配你的身体状态：困倦；匹配你的心情状态：平静；匹配你的场景：学校/教学楼；匹配你的感官偏好：清爽、茶香,R016,柠檬铁观音,0.8055,匹配你的身体状态：困倦；匹配你的心情状态：平静；匹配你的场景：学校/教学楼；匹配你的感官偏好：清爽、茶香,,
U0703,困倦,平静,学校/教学楼、地铁/公交/车站,清爽,冷饮,低糖,低糖冷饮清爽型,R002,青柠茉莉绿茶,0.8055,匹配你的身体状态：困倦；匹配你的场景：学校/教学楼；匹配你的感官偏好：清爽；匹配你的冷热偏好：冷饮；已考虑你的健康约束：低糖,R027,柠檬轻发酵乌龙,0.8055,匹配你的身体状态：困倦；匹配你的场景：学校/教学楼；匹配你的感官偏好：清爽；匹配你的冷热偏好：冷饮；已考虑你的健康约束：低糖,R065,茉莉绿茶椰乳,0.8055,匹配你的身体状态：困倦；匹配你的场景：学校/教学楼；匹配你的感官偏好：清爽；匹配你的冷热偏好：冷饮；已考虑你的健康约束：低糖,,
U0704,疲劳,烦躁,地铁/公交/车站,咖啡香、苦感、清爽,热饮,,热饮清爽咖啡香型,R014,葡萄焙茶,0.836,匹配你的身体状态：疲劳；匹配你的心情状态：烦躁；匹配你的感官偏好：咖啡香、清爽；匹配你的冷热偏好：热饮,R028,苹果焙茶,0.836,匹配你的身体状态：疲劳；匹配你的心情状态：烦躁；匹配你的感官偏好：咖啡香、清爽；匹配你的冷热偏好：热饮,R020,草莓玄米茶,0.8312,匹配你的身体状态：疲劳；匹配你的心情状态：烦躁；匹配你的感官偏好：清爽；匹配你的冷热偏好：热饮,,
U0705,疲劳,平静,商场/商业街,清爽、气泡感,热饮,低刺激,低刺激热饮清爽气泡感型,R055,薰衣草蓝莓,0.8336,匹配你的身体状态：疲劳；匹配你的心情状态：平静；匹配你的感官偏好：清爽；匹配你的冷热偏好：热饮；已考虑你的健康约束：低刺激,R038,菊花柠檬草,0.8336,匹配你的身体状态：疲劳；匹配你的心情状态：平静；匹配你的感官偏好：清爽；匹配你的冷热偏好：热饮；已考虑你的健康约束：低刺激,R037,玫瑰桂花,0.7954,匹配你的身体状态：疲劳；匹配你的感官偏好：清爽；匹配你的冷热偏好：热饮；已考虑你的健康约束：低刺激,,
U0706,疲劳,烦躁,商场/商业街,茶香、果香、苦感,热饮,低刺激,低刺激热饮茶香果香型,R045,荷叶陈皮,0.7989,匹配你的身体状态：疲劳；匹配你的感官偏好：果香、苦感；匹配你的冷热偏好：热饮；已考虑你的健康约束：低刺激,R038,菊花柠檬草,0.7917,匹配你的身体状态：疲劳；匹配你的感官偏好：果香；匹配你的冷热偏好：热饮；已考虑你的健康约束：低刺激,R055,薰衣草蓝莓,0.7915,匹配你的身体状态：疲劳；匹配你的感官偏好：果香；匹配你的冷热偏好：热饮；已考虑你的健康约束：低刺激,,
U0707,疲劳,平静,图书馆/自习室、地铁/公交/车站,清爽,热饮,,热饮清爽型,R020,草莓玄米茶,0.8386,匹配你的身体状态：疲劳；匹配你的心情状态：平静；匹配你的场景：图书馆/自习室；匹配你的感官偏好：清爽；匹配你的冷热偏好：热饮,R015,陈皮普洱茶,0.8386,匹配你的身体状态：疲劳；匹配你的心情状态：平静；匹配你的场景：图书馆/自习室；匹配你的感官偏好：清爽；匹配你的冷热偏好：热饮,R031,陈皮玄米茶,0.8386,匹配你的身体状态：疲劳；匹配你的心情状态：平静；匹配你的场景：图书馆/自习室；匹配你的感官偏好：清爽；匹配你的冷热偏好：热饮,,
U0708,困倦,烦躁,学校/教学楼,清爽,冷饮,低糖,低糖冷饮清爽型,R002,青柠茉莉绿茶,0.8058,匹配你的身体状态：困倦；匹配你的场景：学校/教学楼；匹配你的感官偏好：清爽；匹配你的冷热偏好：冷饮；已考虑你的健康约束：低糖,R027,柠檬轻发酵乌龙,0.8058,匹配你的身体状态：困倦；匹配你的场景：学校/教学楼；匹配你的感官偏好：清爽；匹配你的冷热偏好：冷饮；已考虑你的健康约束：低糖,R009,桃子轻发酵乌龙,0.8058,匹配你的身体状态：困倦；匹配你的场景：学校/教学楼；匹配你的感官偏好：清爽；匹配你的冷热偏好：冷饮；已考虑你的健康约束：低糖,,
U0709,良好,平静,地铁/公交/车站,清爽,热饮,咖啡因敏感慎用,咖啡因敏感慎用热饮清爽型,R045,荷叶陈皮,0.7715,匹配你的心情状态：平静；匹配你的感官偏好：清爽；匹配你的冷热偏好：热饮；已考虑你的健康约束：咖啡因敏感慎用,R038,菊花柠檬草,0.7715,匹配你的心情状态：平静；匹配你的感官偏好：清爽；匹配你的冷热偏好：热饮；已考虑你的健康约束：咖啡因敏感慎用,R043,金银花菊花,0.8093,匹配你的身体状态：良好；匹配你的心情状态：平静；匹配你的场景：地铁/公交/车站；匹配你的感官偏好：清爽；已考虑你的健康约束：咖啡因敏感慎用,,
U0710,困倦,紧张,地铁/公交/车站,咖啡香、苦感、清爽,冷饮,低糖,低糖冷饮清爽咖啡香型,R002,青柠茉莉绿茶,0.7919,匹配你的身体状态：困倦；匹配你的感官偏好：清爽；匹配你的冷热偏好：冷饮；已考虑你的健康约束：低糖,R027,柠檬轻发酵乌龙,0.7919,匹配你的身体状态：困倦；匹配你的感官偏好：清爽；匹配你的冷热偏好：冷饮；已考虑你的健康约束：低糖,R083,冷萃咖啡椰子水,0.8071,匹配你的身体状态：困倦；匹配你的感官偏好：咖啡香、清爽、苦感；匹配你的冷热偏好：冷饮；已考虑你的健康约束：低糖,,
U0711,疲劳,平静,地铁/公交/车站,茶香、咖啡香、甜感,冷饮,乳糖不耐慎用,乳糖不耐慎用冷饮茶香咖啡香型,R030,芒果红茶,0.8005,匹配你的身体状态：疲劳；匹配你的心情状态：平静；匹配你的感官偏好：甜感、茶香；已考虑你的健康约束：乳糖不耐慎用,R022,苹果茉莉绿茶,0.8005,匹配你的身体状态：疲劳；匹配你的心情状态：平静；匹配你的感官偏好：甜感、茶香；已考虑你的健康约束：乳糖不耐慎用,R014,葡萄焙茶,0.8053,匹配你的身体状态：疲劳；匹配你的心情状态：平静；匹配你的感官偏好：咖啡香、甜感、茶香；已考虑你的健康约束：乳糖不耐慎用,,
U0712,疲劳,烦躁,地铁/公交/车站,茶香、果香,热饮,低刺激,低刺激热饮茶香果香型,R045,荷叶陈皮,0.795,匹配你的身体状态：疲劳；匹配你的感官偏好：果香；匹配你的冷热偏好：热饮；已考虑你的健康约束：低刺激,R038,菊花柠檬草,0.7949,匹配你的身体状态：疲劳；匹配你的感官偏好：果香；匹配你的冷热偏好：热饮；已考虑你的健康约束：低刺激,R055,薰衣草蓝莓,0.7947,匹配你的身体状态：疲劳；匹配你的感官偏好：果香；匹配你的冷热偏好：热饮；已考虑你的健康约束：低刺激,,
U0713,疲劳,平静,商场/商业街,清爽、气泡感,热饮,低刺激,低刺激热饮清爽气泡感型,R055,薰衣草蓝莓,0.8336,匹配你的身体状态：疲劳；匹配你的心情状态：平静；匹配你的感官偏好：清爽；匹配你的冷热偏好：热饮；已考虑你的健康约束：低刺激,R038,菊花柠檬草,0.8336,匹配你的身体状态：疲劳；匹配你的心情状态：平静；匹配你的感官偏好：清爽；匹配你的冷热偏好：热饮；已考虑你的健康约束：低刺激,R037,玫瑰桂花,0.7954,匹配你的身体状态：疲劳；匹配你的感官偏好：清爽；匹配你的冷热偏好：热饮；已考虑你的健康约束：低刺激,,
U0714,困倦,烦躁,地铁/公交/车站,咖啡香、苦感、清爽,热饮,低糖,低糖热饮清爽咖啡香型,R022,苹果茉莉绿茶,0.7953,匹配你的身体状态：困倦；匹配你的心情状态：烦躁；匹配你的感官偏好：清爽；已考虑你的健康约束：低糖,R014,葡萄焙茶,0.8359,匹配你的身体状态：困倦；匹配你的心情状态：烦躁；匹配你的感官偏好：咖啡香、清爽；匹配你的冷热偏好：热饮；已考虑你的健康约束：低糖,R028,苹果焙茶,0.8359,匹配你的身体状态：困倦；匹配你的心情状态：烦躁；匹配你的感官偏好：咖啡香、清爽；匹配你的冷热偏好：热饮；已考虑你的健康约束：低糖,,
U0715,疲劳、感觉有点热,开心,商场/商业街、公园/户外,清爽,冷饮,低糖,低糖冷饮清爽型,R048,玫瑰草莓,0.8099,匹配你的身体状态：感觉有点热；匹配你的心情状态：开心；匹配你的场景：公园/户外、商场/商业街；匹配你的感官偏好：清爽；匹配你的冷热偏好：冷饮；已考虑你的健康约束：低糖,R051,薄荷叶西瓜,0.8099,匹配你的身体状态：感觉有点热；匹配你的心情状态：开心；匹配你的场景：公园/户外、商场/商业街；匹配你的感官偏好：清爽；匹配你的冷热偏好：冷饮；已考虑你的健康约束：低糖,R052,茉莉花荔枝,0.8099,匹配你的身体状态：感觉有点热；匹配你的心情状态：开心；匹配你的场景：公园/户外、商场/商业街；匹配你的感官偏好：清爽；匹配你的冷热偏好：冷饮；已考虑你的健康约束：低糖,,
U0716,疲劳、感觉有点冷,平静,地铁/公交/车站、公园/户外,茶香、清爽,热饮,低刺激,低刺激热饮清爽茶香型,R038,菊花柠檬草,0.8336,匹配你的身体状态：感觉有点冷、疲劳；匹配你的心情状态：平静；匹配你的感官偏好：清爽；匹配你的冷热偏好：热饮；已考虑你的健康约束：低刺激,R045,荷叶陈皮,0.8336,匹配你的身体状态：感觉有点冷、疲劳；匹配你的心情状态：平静；匹配你的感官偏好：清爽；匹配你的冷热偏好：热饮；已考虑你的健康约束：低刺激,R055,薰衣草蓝莓,0.8336,匹配你的身体状态：感觉有点冷、疲劳；匹配你的心情状态：平静；匹配你的感官偏好：清爽；匹配你的冷热偏好：热饮；已考虑你的健康约束：低刺激,,
U0717,疲劳,开心,地铁/公交/车站,清爽,热饮,乳糖不耐慎用,乳糖不耐慎用热饮清爽型,R009,桃子轻发酵乌龙,0.8053,匹配你的身体状态：疲劳；匹配你的心情状态：开心；匹配你的感官偏好：清爽；已考虑你的健康约束：乳糖不耐慎用,R012,荔枝茉莉绿茶,0.8053,匹配你的身体状态：疲劳；匹配你的心情状态：开心；匹配你的感官偏好：清爽；已考虑你的健康约束：乳糖不耐慎用,R033,草莓茉莉绿茶,0.8053,匹配你的身体状态：疲劳；匹配你的心情状态：开心；匹配你的感官偏好：清爽；已考虑你的健康约束：乳糖不耐慎用,,
U0718,感觉有点冷,平静,公园/户外,清爽,热饮,低刺激、咖啡因敏感慎用,低刺激热饮清爽型,R055,薰衣草蓝莓,0.8402,匹配你的身体状态：感觉有点冷；匹配你的心情状态：平静；匹配你的感官偏好：清爽；匹配你的冷热偏好：热饮；已考虑你的健康约束：低刺激、咖啡因敏感慎用,R038,菊花柠檬草,0.8401,匹配你的身体状态：感觉有点冷；匹配你的心情状态：平静；匹配你的感官偏好：清爽；匹配你的冷热偏好：热饮；已考虑你的健康约束：低刺激、咖啡因敏感慎用,R045,荷叶陈皮,0.8401,匹配你的身体状态：感觉有点冷；匹配你的心情状态：平静；匹配你的感官偏好：清爽；匹配你的冷热偏好：热饮；已考虑你的健康约束：低刺激、咖啡因敏感慎用,,
U0719,困倦、感觉有点冷,平静,地铁/公交/车站、公园/户外,花香,热饮,低刺激,低刺激热饮花香型,R045,荷叶陈皮,0.8066,匹配你的身体状态：感觉有点冷；匹配你的心情状态：平静；匹配你的感官偏好：花香；匹配你的冷热偏好：热饮；已考虑你的健康约束：低刺激,R038,菊花柠檬草,0.8065,匹配你的身体状态：感觉有点冷；匹配你的心情状态：平静；匹配你的感官偏好：花香；匹配你的冷热偏好：热饮；已考虑你的健康约束：低刺激,R022,苹果茉莉绿茶,0.7638,匹配你的身体状态：困倦；匹配你的心情状态：平静；匹配你的感官偏好：花香；已考虑你的健康约束：低刺激,,
U0720,疲劳,烦躁,图书馆/自习室,奶香,热饮,低刺激,低刺激热饮奶香型,R061,焙茶鲜奶,0.8012,匹配你的身体状态：疲劳；匹配你的场景：图书馆/自习室；匹配你的感官偏好：奶香；匹配你的冷热偏好：热饮；已考虑你的健康约束：低刺激,R075,红茶淡奶油,0.8011,匹配你的身体状态：疲劳；匹配你的场景：图书馆/自习室；匹配你的感官偏好：奶香；匹配你的冷热偏好：热饮；已考虑你的健康约束：低刺激,R069,焙茶豆奶,0.8009,匹配你的身体状态：疲劳；匹配你的场景：图书馆/自习室；匹配你的感官偏好：奶香；匹配你的冷热偏好：热饮；已考虑你的健康约束：低刺激,,
U0721,疲劳,平静,图书馆/自习室,奶香,热饮,乳糖不耐慎用,乳糖不耐慎用热饮奶香型,R069,焙茶豆奶,0.8047,匹配你的身体状态：疲劳；匹配你的场景：图书馆/自习室；匹配你的感官偏好：奶香；匹配你的冷热偏好：热饮；已考虑你的健康约束：乳糖不耐慎用,R082,咖啡椰乳,0.8047,匹配你的身体状态：疲劳；匹配你的场景：图书馆/自习室；匹配你的感官偏好：奶香；匹配你的冷热偏好：热饮；已考虑你的健康约束：乳糖不耐慎用,R030,芒果红茶,0.798,匹配你的身体状态：疲劳；匹配你的心情状态：平静；匹配你的场景：图书馆/自习室；已考虑你的健康约束：乳糖不耐慎用,,
U0722,良好,平静,图书馆/自习室,茶香、清爽,热饮,低刺激,低刺激热饮清爽茶香型,R045,荷叶陈皮,0.7627,匹配你的心情状态：平静；匹配你的感官偏好：清爽；匹配你的冷热偏好：热饮；已考虑你的健康约束：低刺激,R038,菊花柠檬草,0.7626,匹配你的心情状态：平静；匹配你的感官偏好：清爽；匹配你的冷热偏好：热饮；已考虑你的健康约束：低刺激,R055,薰衣草蓝莓,0.7624,匹配你的心情状态：平静；匹配你的感官偏好：清爽；匹配你的冷热偏好：热饮；已考虑你的健康约束：低刺激,,
U0723,疲劳,烦躁,地铁/公交/车站,清爽,冷饮,低糖,低糖冷饮清爽型,R083,冷萃咖啡椰子水,0.8072,匹配你的身体状态：疲劳；匹配你的感官偏好：清爽；匹配你的冷热偏好：冷饮；已考虑你的健康约束：低糖,R009,桃子轻发酵乌龙,0.8072,匹配你的身体状态：疲劳；匹配你的感官偏好：清爽；匹配你的冷热偏好：冷饮；已考虑你的健康约束：低糖,R012,荔枝茉莉绿茶,0.8072,匹配你的身体状态：疲劳；匹配你的感官偏好：清爽；匹配你的冷热偏好：冷饮；已考虑你的健康约束：低糖,,
U0724,困倦,烦躁,学校/教学楼,清爽、酸感,热饮,咖啡因敏感慎用,咖啡因敏感慎用热饮清爽酸感型,R045,荷叶陈皮,0.7207,匹配你的感官偏好：清爽；匹配你的冷热偏好：热饮；已考虑你的健康约束：咖啡因敏感慎用,R038,菊花柠檬草,0.7207,匹配你的感官偏好：清爽；匹配你的冷热偏好：热饮；已考虑你的健康约束：咖啡因敏感慎用,R055,薰衣草蓝莓,0.7346,匹配你的感官偏好：清爽、酸感；匹配你的冷热偏好：热饮；已考虑你的健康约束：咖啡因敏感慎用,,
U0725,良好,平静,图书馆/自习室,果香、清爽,热饮,低糖、低刺激,低糖热饮清爽果香型,R045,荷叶陈皮,0.7716,匹配你的心情状态：平静；匹配你的感官偏好：果香、清爽；匹配你的冷热偏好：热饮；已考虑你的健康约束：低糖、低刺激,R038,菊花柠檬草,0.7716,匹配你的心情状态：平静；匹配你的感官偏好：果香、清爽；匹配你的冷热偏好：热饮；已考虑你的健康约束：低糖、低刺激,R055,薰衣草蓝莓,0.7715,匹配你的心情状态：平静；匹配你的感官偏好：果香、清爽；匹配你的冷热偏好：热饮；已考虑你的健康约束：低糖、低刺激,,
U0726,良好,平静,图书馆/自习室,茶香、花香、清爽,热饮,低刺激,低刺激热饮清爽茶香型,R045,荷叶陈皮,0.765,匹配你的心情状态：平静；匹配你的感官偏好：清爽、花香；匹配你的冷热偏好：热饮；已考虑你的健康约束：低刺激,R038,菊花柠檬草,0.7649,匹配你的心情状态：平静；匹配你的感官偏好：清爽、花香；匹配你的冷热偏好：热饮；已考虑你的健康约束：低刺激,R055,薰衣草蓝莓,0.7647,匹配你的心情状态：平静；匹配你的感官偏好：清爽、花香；匹配你的冷热偏好：热饮；已考虑你的健康约束：低刺激,,
U0727,良好,紧张,图书馆/自习室、地铁/公交/车站,果香、清爽,热饮,低糖、乳糖不耐慎用,低糖热饮清爽果香型,R038,菊花柠檬草,0.7716,匹配你的心情状态：紧张；匹配你的感官偏好：果香、清爽；匹配你的冷热偏好：热饮；已考虑你的健康约束：低糖、乳糖不耐慎用,R045,荷叶陈皮,0.7716,匹配你的心情状态：紧张；匹配你的感官偏好：果香、清爽；匹配你的冷热偏好：热饮；已考虑你的健康约束：低糖、乳糖不耐慎用,R002,青柠茉莉绿茶,0.6862,匹配你的场景：图书馆/自习室；匹配你的感官偏好：果香、清爽；已考虑你的健康约束：低糖、乳糖不耐慎用,,
U0728,困倦、感觉有点热,开心,地铁/公交/车站、公园/户外,茶香、果香,冷饮,,冷饮茶香果香型,R053,百合椰子水,0.7285,匹配你的心情状态：开心；匹配你的场景：地铁/公交/车站；匹配你的感官偏好：果香,R083,冷萃咖啡椰子水,0.8005,匹配你的身体状态：困倦；匹配你的心情状态：开心；匹配你的场景：公园/户外；匹配你的感官偏好：果香；匹配你的冷热偏好：冷饮,R043,金银花菊花,0.7209,匹配你的心情状态：开心；匹配你的场景：地铁/公交/车站,,
U0729,疲劳,低落,地铁/公交/车站,茶香、清爽,热饮,低刺激,低刺激热饮清爽茶香型,R045,荷叶陈皮,0.8336,匹配你的身体状态：疲劳；匹配你的心情状态：低落；匹配你的感官偏好：清爽；匹配你的冷热偏好：热饮；已考虑你的健康约束：低刺激,R038,菊花柠檬草,0.8336,匹配你的身体状态：疲劳；匹配你的心情状态：低落；匹配你的感官偏好：清爽；匹配你的冷热偏好：热饮；已考虑你的健康约束：低刺激,R055,薰衣草蓝莓,0.8335,匹配你的身体状态：疲劳；匹配你的心情状态：低落；匹配你的感官偏好：清爽；匹配你的冷热偏好：热饮；已考虑你的健康约束：低刺激,,
U0730,困倦,开心,图书馆/自习室,奶香、甜感,冷饮,低糖,低糖冷饮奶香甜感型,R020,草莓玄米茶,0.7568,匹配你的身体状态：困倦；匹配你的场景：图书馆/自习室；匹配你的感官偏好：甜感；已考虑你的健康约束：低糖,R014,葡萄焙茶,0.7568,匹配你的身体状态：困倦；匹配你的场景：图书馆/自习室；匹配你的感官偏好：甜感；已考虑你的健康约束：低糖,R028,苹果焙茶,0.7568,匹配你的身体状态：困倦；匹配你的场景：图书馆/自习室；匹配你的感官偏好：甜感；已考虑你的健康约束：低糖,,
U0731,良好,平静,地铁/公交/车站,花香、清爽,热饮,低刺激、咖啡因敏感慎用,低刺激热饮清爽花香型,R045,荷叶陈皮,0.7713,匹配你的心情状态：平静；匹配你的感官偏好：清爽、花香；匹配你的冷热偏好：热饮；已考虑你的健康约束：低刺激、咖啡因敏感慎用,R038,菊花柠檬草,0.7712,匹配你的心情状态：平静；匹配你的感官偏好：清爽、花香；匹配你的冷热偏好：热饮；已考虑你的健康约束：低刺激、咖啡因敏感慎用,R043,金银花菊花,0.8091,匹配你的身体状态：良好；匹配你的心情状态：平静；匹配你的场景：地铁/公交/车站；匹配你的感官偏好：清爽、花香；已考虑你的健康约束：低刺激、咖啡因敏感慎用,,
U0732,疲劳、感觉有点热,烦躁,公园/户外,清爽、果香,热饮,低刺激,低刺激热饮清爽果香型,R116,椰乳百合,0.773,匹配你的身体状态：疲劳；匹配你的感官偏好：果香、清爽；匹配你的冷热偏好：热饮；已考虑你的健康约束：低刺激,R050,柠檬草橙子,0.6898,匹配你的感官偏好：果香、清爽；已考虑你的健康约束：低刺激,R119,椰子水橙子,0.6898,匹配你的感官偏好：果香、清爽；已考虑你的健康约束：低刺激,,
U0733,良好,平静,图书馆/自习室,清爽、奶香,常温,低刺激、咖啡因敏感慎用,低刺激常温清爽奶香型,R045,荷叶陈皮,0.725,匹配你的心情状态：平静；匹配你的感官偏好：清爽；已考虑你的健康约束：低刺激、咖啡因敏感慎用,R038,菊花柠檬草,0.7248,匹配你的心情状态：平静；匹配你的感官偏好：清爽；已考虑你的健康约束：低刺激、咖啡因敏感慎用,R055,薰衣草蓝莓,0.7245,匹配你的心情状态：平静；匹配你的感官偏好：清爽；已考虑你的健康约束：低刺激、咖啡因敏感慎用,,
U0734,困倦,烦躁,图书馆/自习室,奶香、清爽,热饮,咖啡因敏感慎用,咖啡因敏感慎用热饮清爽奶香型,R045,荷叶陈皮,0.7204,匹配你的感官偏好：清爽；匹配你的冷热偏好：热饮；已考虑你的健康约束：咖啡因敏感慎用,R038,菊花柠檬草,0.7203,匹配你的感官偏好：清爽；匹配你的冷热偏好：热饮；已考虑你的健康约束：咖啡因敏感慎用,R055,薰衣草蓝莓,0.72,匹配你的感官偏好：清爽；匹配你的冷热偏好：热饮；已考虑你的健康约束：咖啡因敏感慎用,,
U0735,困倦,平静,图书馆/自习室,花香,热饮,低刺激,低刺激热饮花香型,R061,焙茶鲜奶,0.7809,匹配你的身体状态：困倦；匹配你的场景：图书馆/自习室；匹配你的冷热偏好：热饮；已考虑你的健康约束：低刺激,R075,红茶淡奶油,0.7809,匹配你的身体状态：困倦；匹配你的场景：图书馆/自习室；匹配你的冷热偏好：热饮；已考虑你的健康约束：低刺激,R069,焙茶豆奶,0.8005,匹配你的身体状态：困倦；匹配你的场景：图书馆/自习室；匹配你的感官偏好：花香；匹配你的冷热偏好：热饮；已考虑你的健康约束：低刺激,,
U0736,困倦,烦躁,学校/教学楼,咖啡香、苦感、清爽,冷饮,咖啡因敏感慎用,咖啡因敏感慎用冷饮清爽咖啡香型,R045,荷叶陈皮,0.6798,匹配你的感官偏好：清爽、苦感；已考虑你的健康约束：咖啡因敏感慎用,R038,菊花柠檬草,0.6701,匹配你的感官偏好：清爽；已考虑你的健康约束：咖啡因敏感慎用,R055,薰衣草蓝莓,0.6701,匹配你的感官偏好：清爽；已考虑你的健康约束：咖啡因敏感慎用,,
U0737,困倦,紧张,图书馆/自习室,咖啡香、苦感、清爽,热饮,咖啡因敏感慎用,咖啡因敏感慎用热饮清爽咖啡香型,R045,荷叶陈皮,0.7651,匹配你的心情状态：紧张；匹配你的感官偏好：清爽、苦感；匹配你的冷热偏好：热饮；已考虑你的健康约束：咖啡因敏感慎用,R038,菊花柠檬草,0.7603,匹配你的心情状态：紧张；匹配你的感官偏好：清爽；匹配你的冷热偏好：热饮；已考虑你的健康约束：咖啡因敏感慎用,R055,薰衣草蓝莓,0.7601,匹配你的心情状态：紧张；匹配你的感官偏好：清爽；匹配你的冷热偏好：热饮；已考虑你的健康约束：咖啡因敏感慎用,,
U0738,疲劳,烦躁,图书馆/自习室、地铁/公交/车站,花香、甜感,冷饮,,冷饮花香甜感型,R022,苹果茉莉绿茶,0.8055,匹配你的身体状态：疲劳；匹配你的心情状态：烦躁；匹配你的场景：图书馆/自习室；匹配你的感官偏好：甜感、花香,R015,陈皮普洱茶,0.7685,匹配你的身体状态：疲劳；匹配你的场景：图书馆/自习室；匹配你的感官偏好：甜感、花香,R031,陈皮玄米茶,0.7685,匹配你的身体状态：疲劳；匹配你的场景：图书馆/自习室；匹配你的感官偏好：甜感、花香,,
U0739,困倦,开心,商场/商业街,茶香、甜感,常温,乳糖不耐慎用,乳糖不耐慎用常温茶香甜感型,R022,苹果茉莉绿茶,0.8072,匹配你的身体状态：困倦；匹配你的感官偏好：甜感、茶香；匹配你的冷热偏好：常温；已考虑你的健康约束：乳糖不耐慎用,R007,蓝莓白茶,0.8071,匹配你的身体状态：困倦；匹配你的感官偏好：甜感、茶香；匹配你的冷热偏好：常温；已考虑你的健康约束：乳糖不耐慎用,R016,柠檬铁观音,0.8071,匹配你的身体状态：困倦；匹配你的感官偏好：甜感、茶香；匹配你的冷热偏好：常温；已考虑你的健康约束：乳糖不耐慎用,,
U0740,良好,平静,地铁/公交/车站,茶香、清爽,热饮,低刺激、咖啡因敏感慎用,低刺激热饮清爽茶香型,R045,荷叶陈皮,0.7628,匹配你的心情状态：平静；匹配你的感官偏好：清爽；匹配你的冷热偏好：热饮；已考虑你的健康约束：低刺激、咖啡因敏感慎用,R038,菊花柠檬草,0.7627,匹配你的心情状态：平静；匹配你的感官偏好：清爽；匹配你的冷热偏好：热饮；已考虑你的健康约束：低刺激、咖啡因敏感慎用,R055,薰衣草蓝莓,0.7626,匹配你的心情状态：平静；匹配你的感官偏好：清爽；匹配你的冷热偏好：热饮；已考虑你的健康约束：低刺激、咖啡因敏感慎用,,
U0741,疲劳,平静,图书馆/自习室、地铁/公交/车站,花香、清爽,热饮,低刺激,低刺激热饮清爽花香型,R045,荷叶陈皮,0.8402,匹配你的身体状态：疲劳；匹配你的心情状态：平静；匹配你的感官偏好：清爽、花香；匹配你的冷热偏好：热饮；已考虑你的健康约束：低刺激,R038,菊花柠檬草,0.8401,匹配你的身体状态：疲劳；匹配你的心情状态：平静；匹配你的感官偏好：清爽、花香；匹配你的冷热偏好：热饮；已考虑你的健康约束：低刺激,R055,薰衣草蓝莓,0.8401,匹配你的身体状态：疲劳；匹配你的心情状态：平静；匹配你的感官偏好：清爽、花香；匹配你的冷热偏好：热饮；已考虑你的健康约束：低刺激,,
U0742,良好,平静,图书馆/自习室,清爽,热饮,低刺激,低刺激热饮清爽型,R045,荷叶陈皮,0.7715,匹配你的心情状态：平静；匹配你的感官偏好：清爽；匹配你的冷热偏好：热饮；已考虑你的健康约束：低刺激,R038,菊花柠檬草,0.7714,匹配你的心情状态：平静；匹配你的感官偏好：清爽；匹配你的冷热偏好：热饮；已考虑你的健康约束：低刺激,R055,薰衣草蓝莓,0.7713,匹配你的心情状态：平静；匹配你的感官偏好：清爽；匹配你的冷热偏好：热饮；已考虑你的健康约束：低刺激,,
U0743,感觉有点冷,平静,地铁/公交/车站、公园/户外,花香、清爽,热饮,低糖、低刺激、咖啡因敏感慎用,低糖热饮清爽花香型,R043,金银花菊花,0.7368,匹配你的心情状态：平静；匹配你的场景：地铁/公交/车站；匹配你的感官偏好：清爽、花香；已考虑你的健康约束：低糖、低刺激、咖啡因敏感慎用,R038,菊花柠檬草,0.8401,匹配你的身体状态：感觉有点冷；匹配你的心情状态：平静；匹配你的感官偏好：清爽、花香；匹配你的冷热偏好：热饮；已考虑你的健康约束：低糖、低刺激、咖啡因敏感慎用,R055,薰衣草蓝莓,0.8401,匹配你的身体状态：感觉有点冷；匹配你的心情状态：平静；匹配你的感官偏好：清爽、花香；匹配你的冷热偏好：热饮；已考虑你的健康约束：低糖、低刺激、咖啡因敏感慎用,,
U0744,疲劳、口渴,烦躁,健身房/运动场、商场/商业街,清爽、果香,热饮,低刺激,低刺激热饮清爽果香型,R116,椰乳百合,0.7679,匹配你的身体状态：疲劳；匹配你的场景：商场/商业街；匹配你的感官偏好：果香、清爽；匹配你的冷热偏好：热饮；已考虑你的健康约束：低刺激,R055,薰衣草蓝莓,0.773,匹配你的身体状态：疲劳；匹配你的感官偏好：果香、清爽；匹配你的冷热偏好：热饮；已考虑你的健康约束：低刺激,R113,椰奶荔枝,0.7686,匹配你的身体状态：口渴、疲劳；匹配你的场景：商场/商业街；匹配你的感官偏好：果香、清爽；已考虑你的健康约束：低刺激,,
U0745,疲劳,低落,图书馆/自习室、地铁/公交/车站,花香、清爽,热饮,低刺激、咖啡因敏感慎用,低刺激热饮清爽花香型,R045,荷叶陈皮,0.8402,匹配你的身体状态：疲劳；匹配你的心情状态：低落；匹配你的感官偏好：清爽、花香；匹配你的冷热偏好：热饮；已考虑你的健康约束：低刺激、咖啡因敏感慎用,R038,菊花柠檬草,0.8402,匹配你的身体状态：疲劳；匹配你的心情状态：低落；匹配你的感官偏好：清爽、花香；匹配你的冷热偏好：热饮；已考虑你的健康约束：低刺激、咖啡因敏感慎用,R055,薰衣草蓝莓,0.8401,匹配你的身体状态：疲劳；匹配你的心情状态：低落；匹配你的感官偏好：清爽、花香；匹配你的冷热偏好：热饮；已考虑你的健康约束：低刺激、咖啡因敏感慎用,,
U0746,困倦,平静,商场/商业街,茶香、甜感,冷饮,,冷饮茶香甜感型,R020,草莓玄米茶,0.8053,匹配你的身体状态：困倦；匹配你的心情状态：平静；匹配你的感官偏好：甜感、茶香,R022,苹果茉莉绿茶,0.8053,匹配你的身体状态：困倦；匹配你的心情状态：平静；匹配你的感官偏好：甜感、茶香,R007,蓝莓白茶,0.8053,匹配你的身体状态：困倦；匹配你的心情状态：平静；匹配你的感官偏好：甜感、茶香,,
U0747,困倦,烦躁,地铁/公交/车站,清爽,热饮,咖啡因敏感慎用,咖啡因敏感慎用热饮清爽型,R038,菊花柠檬草,0.7346,匹配你的感官偏好：清爽；匹配你的冷热偏好：热饮；已考虑你的健康约束：咖啡因敏感慎用,R045,荷叶陈皮,0.7346,匹配你的感官偏好：清爽；匹配你的冷热偏好：热饮；已考虑你的健康约束：咖啡因敏感慎用,R055,薰衣草蓝莓,0.7346,匹配你的感官偏好：清爽；匹配你的冷热偏好：热饮；已考虑你的健康约束：咖啡因敏感慎用,,
U0748,良好,平静,图书馆/自习室,花香、清爽,热饮,低刺激、咖啡因敏感慎用,低刺激热饮清爽花香型,R045,荷叶陈皮,0.7714,匹配你的心情状态：平静；匹配你的感官偏好：清爽、花香；匹配你的冷热偏好：热饮；已考虑你的健康约束：低刺激、咖啡因敏感慎用,R038,菊花柠檬草,0.7713,匹配你的心情状态：平静；匹配你的感官偏好：清爽、花香；匹配你的冷热偏好：热饮；已考虑你的健康约束：低刺激、咖啡因敏感慎用,R055,薰衣草蓝莓,0.7712,匹配你的心情状态：平静；匹配你的感官偏好：清爽、花香；匹配你的冷热偏好：热饮；已考虑你的健康约束：低刺激、咖啡因敏感慎用,,
U0749,困倦,烦躁,地铁/公交/车站,奶香、甜感,冷饮,乳糖不耐慎用,乳糖不耐慎用冷饮奶香甜感型,R022,苹果茉莉绿茶,0.7981,匹配你的身体状态：困倦；匹配你的心情状态：烦躁；匹配你的感官偏好：甜感；已考虑你的健康约束：乳糖不耐慎用,R014,葡萄焙茶,0.798,匹配你的身体状态：困倦；匹配你的心情状态：烦躁；匹配你的感官偏好：甜感；已考虑你的健康约束：乳糖不耐慎用,R028,苹果焙茶,0.798,匹配你的身体状态：困倦；匹配你的心情状态：烦躁；匹配你的感官偏好：甜感；已考虑你的健康约束：乳糖不耐慎用,,
U0750,疲劳,烦躁,地铁/公交/车站,果香、酸感、清爽,冷饮,,冷饮清爽果香型,R083,冷萃咖啡椰子水,0.7992,匹配你的身体状态：疲劳；匹配你的感官偏好：果香、清爽；匹配你的冷热偏好：冷饮,R081,美式咖啡液橙子,0.8072,匹配你的身体状态：疲劳；匹配你的感官偏好：果香、清爽、酸感；匹配你的冷热偏好：冷饮,R009,桃子轻发酵乌龙,0.7991,匹配你的身体状态：疲劳；匹配你的感官偏好：果香、清爽；匹配你的冷热偏好：冷饮,,
U0751,良好,低落,图书馆/自习室,花香、清爽,热饮,低刺激,低刺激热饮清爽花香型,R045,荷叶陈皮,0.7715,匹配你的心情状态：低落；匹配你的感官偏好：清爽、花香；匹配你的冷热偏好：热饮；已考虑你的健康约束：低刺激,R038,菊花柠檬草,0.7714,匹配你的心情状态：低落；匹配你的感官偏好：清爽、花香；匹配你的冷热偏好：热饮；已考虑你的健康约束：低刺激,R055,薰衣草蓝莓,0.7713,匹配你的心情状态：低落；匹配你的感官偏好：清爽、花香；匹配你的冷热偏好：热饮；已考虑你的健康约束：低刺激,,
U0752,疲劳,平静,图书馆/自习室,茶香、清爽,常温,低刺激,低刺激常温清爽茶香型,R045,荷叶陈皮,0.7976,匹配你的身体状态：疲劳；匹配你的心情状态：平静；匹配你的感官偏好：清爽；已考虑你的健康约束：低刺激,R038,菊花柠檬草,0.7975,匹配你的身体状态：疲劳；匹配你的心情状态：平静；匹配你的感官偏好：清爽；已考虑你的健康约束：低刺激,R030,芒果红茶,0.8353,匹配你的身体状态：疲劳；匹配你的心情状态：平静；匹配你的场景：图书馆/自习室；匹配你的感官偏好：清爽、茶香；匹配你的冷热偏好：常温；已考虑你的健康约束：低刺激,,
U0753,疲劳,开心,商场/商业街、地铁/公交/车站,清爽、奶香、气泡感,热饮,低刺激,低刺激热饮清爽奶香型,R116,椰乳百合,0.8346,匹配你的身体状态：疲劳；匹配你的心情状态：开心；匹配你的场景：商场/商业街；匹配你的感官偏好：奶香、清爽；匹配你的冷热偏好：热饮；已考虑你的健康约束：低刺激,R037,玫瑰桂花,0.8312,匹配你的身体状态：疲劳；匹配你的心情状态：开心；匹配你的感官偏好：清爽；匹配你的冷热偏好：热饮；已考虑你的健康约束：低刺激,R040,薰衣草洋甘菊,0.8312,匹配你的身体状态：疲劳；匹配你的心情状态：开心；匹配你的感官偏好：清爽；匹配你的冷热偏好：热饮；已考虑你的健康约束：低刺激,,
U0754,感觉有点冷,平静,地铁/公交/车站、公园/户外,花香、清爽,热饮,低糖、乳糖不耐慎用,低糖热饮清爽花香型,R043,金银花菊花,0.7368,匹配你的心情状态：平静；匹配你的场景：地铁/公交/车站；匹配你的感官偏好：清爽、花香；已考虑你的健康约束：低糖、乳糖不耐慎用,R053,百合椰子水,0.7368,匹配你的心情状态：平静；匹配你的场景：地铁/公交/车站；匹配你的感官偏好：清爽、花香；已考虑你的健康约束：低糖、乳糖不耐慎用,R038,菊花柠檬草,0.8401,匹配你的身体状态：感觉有点冷；匹配你的心情状态：平静；匹配你的感官偏好：清爽、花香；匹配你的冷热偏好：热饮；已考虑你的健康约束：低糖、乳糖不耐慎用,,
U0755,困倦,紧张,图书馆/自习室,清爽、茶香,热饮,咖啡因敏感慎用,咖啡因敏感慎用热饮清爽茶香型,R045,荷叶陈皮,0.7629,匹配你的心情状态：紧张；匹配你的感官偏好：清爽；匹配你的冷热偏好：热饮；已考虑你的健康约束：咖啡因敏感慎用,R038,菊花柠檬草,0.7628,匹配你的心情状态：紧张；匹配你的感官偏好：清爽；匹配你的冷热偏好：热饮；已考虑你的健康约束：咖啡因敏感慎用,R055,薰衣草蓝莓,0.7627,匹配你的心情状态：紧张；匹配你的感官偏好：清爽；匹配你的冷热偏好：热饮；已考虑你的健康约束：咖啡因敏感慎用,,
U0756,良好,平静,图书馆/自习室,清爽,热饮,低刺激、咖啡因敏感慎用,低刺激热饮清爽型,R045,荷叶陈皮,0.7715,匹配你的心情状态：平静；匹配你的感官偏好：清爽；匹配你的冷热偏好：热饮；已考虑你的健康约束：低刺激、咖啡因敏感慎用,R038,菊花柠檬草,0.7714,匹配你的心情状态：平静；匹配你的感官偏好：清爽；匹配你的冷热偏好：热饮；已考虑你的健康约束：低刺激、咖啡因敏感慎用,R055,薰衣草蓝莓,0.7713,匹配你的心情状态：平静；匹配你的感官偏好：清爽；匹配你的冷热偏好：热饮；已考虑你的健康约束：低刺激、咖啡因敏感慎用,,
U0757,疲劳、口渴,开心,健身房/运动场,清爽、茶香、果香,冷饮,低刺激,低刺激冷饮清爽茶香型,R116,椰乳百合,0.7646,匹配你的身体状态：疲劳；匹配你的心情状态：开心；匹配你的感官偏好：果香、清爽；已考虑你的健康约束：低刺激,R055,薰衣草蓝莓,0.7231,匹配你的身体状态：疲劳；匹配你的感官偏好：果香、清爽；已考虑你的健康约束：低刺激,R113,椰奶荔枝,0.836,匹配你的身体状态：口渴、疲劳；匹配你的心情状态：开心；匹配你的感官偏好：果香、清爽；匹配你的冷热偏好：冷饮；已考虑你的健康约束：低刺激,,
U0758,良好,平静,地铁/公交/车站,清爽,热饮,低刺激,低刺激热饮清爽型,R045,荷叶陈皮,0.7715,匹配你的心情状态：平静；匹配你的感官偏好：清爽；匹配你的冷热偏好：热饮；已考虑你的健康约束：低刺激,R038,菊花柠檬草,0.7715,匹配你的心情状态：平静；匹配你的感官偏好：清爽；匹配你的冷热偏好：热饮；已考虑你的健康约束：低刺激,R043,金银花菊花,0.8093,匹配你的身体状态：良好；匹配你的心情状态：平静；匹配你的场景：地铁/公交/车站；匹配你的感官偏好：清爽；已考虑你的健康约束：低刺激,,
U0759,困倦,平静,图书馆/自习室、地铁/公交/车站,清爽、果香、酸感,热饮,低糖,低糖热饮清爽果香型,R006,草莓红茶,0.7596,匹配你的身体状态：困倦；匹配你的场景：图书馆/自习室；匹配你的感官偏好：果香、清爽；已考虑你的健康约束：低糖,R023,西瓜绿茶,0.7596,匹配你的身体状态：困倦；匹配你的场景：图书馆/自习室；匹配你的感官偏好：果香、清爽；已考虑你的健康约束：低糖,R002,青柠茉莉绿茶,0.7686,匹配你的身体状态：困倦；匹配你的场景：图书馆/自习室；匹配你的感官偏好：果香、清爽、酸感；已考虑你的健康约束：低糖,,
U0760,良好,平静,图书馆/自习室,花香、清爽,热饮,咖啡因敏感慎用,咖啡因敏感慎用热饮清爽花香型,R045,荷叶陈皮,0.7714,匹配你的心情状态：平静；匹配你的感官偏好：清爽、花香；匹配你的冷热偏好：热饮；已考虑你的健康约束：咖啡因敏感慎用,R038,菊花柠檬草,0.7713,匹配你的心情状态：平静；匹配你的感官偏好：清爽、花香；匹配你的冷热偏好：热饮；已考虑你的健康约束：咖啡因敏感慎用,R055,薰衣草蓝莓,0.7712,匹配你的心情状态：平静；匹配你的感官偏好：清爽、花香；匹配你的冷热偏好：热饮；已考虑你的健康约束：咖啡因敏感慎用,,
U0761,口渴、疲劳,开心,健身房/运动场,清爽,热饮,低糖、低刺激,低糖热饮清爽型,R116,椰乳百合,0.8076,匹配你的身体状态：疲劳；匹配你的心情状态：开心；匹配你的感官偏好：清爽；匹配你的冷热偏好：热饮；已考虑你的健康约束：低糖、低刺激,R055,薰衣草蓝莓,0.773,匹配你的身体状态：疲劳；匹配你的感官偏好：清爽；匹配你的冷热偏好：热饮；已考虑你的健康约束：低糖、低刺激,R037,玫瑰桂花,0.8076,匹配你的身体状态：疲劳；匹配你的心情状态：开心；匹配你的感官偏好：清爽；匹配你的冷热偏好：热饮；已考虑你的健康约束：低糖、低刺激,,
U0762,疲劳,烦躁,地铁/公交/车站,果香、酸感、清爽,热饮,低刺激,低刺激热饮清爽果香型,R055,薰衣草蓝莓,0.8072,匹配你的身体状态：疲劳；匹配你的感官偏好：果香、清爽、酸感；匹配你的冷热偏好：热饮；已考虑你的健康约束：低刺激,R116,椰乳百合,0.7991,匹配你的身体状态：疲劳；匹配你的感官偏好：果香、清爽；匹配你的冷热偏好：热饮；已考虑你的健康约束：低刺激,R037,玫瑰桂花,0.7919,匹配你的身体状态：疲劳；匹配你的感官偏好：清爽；匹配你的冷热偏好：热饮；已考虑你的健康约束：低刺激,,
U0763,良好,紧张,图书馆/自习室,花香、清爽,热饮,乳糖不耐慎用,乳糖不耐慎用热饮清爽花香型,R022,苹果茉莉绿茶,0.7396,匹配你的心情状态：紧张；匹配你的场景：图书馆/自习室；匹配你的感官偏好：清爽、花香；已考虑你的健康约束：乳糖不耐慎用,R039,茉莉花白茶,0.7774,匹配你的心情状态：紧张；匹配你的场景：图书馆/自习室；匹配你的感官偏好：清爽、花香；匹配你的冷热偏好：热饮；已考虑你的健康约束：乳糖不耐慎用,R045,荷叶陈皮,0.7714,匹配你的心情状态：紧张；匹配你的感官偏好：清爽、花香；匹配你的冷热偏好：热饮；已考虑你的健康约束：乳糖不耐慎用,,
U0764,困倦,烦躁,图书馆/自习室,清爽,冷饮,乳糖不耐慎用,乳糖不耐慎用冷饮清爽型,R065,茉莉绿茶椰乳,0.8057,匹配你的身体状态：困倦；匹配你的场景：图书馆/自习室；匹配你的感官偏好：清爽；匹配你的冷热偏好：冷饮；已考虑你的健康约束：乳糖不耐慎用,R006,草莓红茶,0.8057,匹配你的身体状态：困倦；匹配你的场景：图书馆/自习室；匹配你的感官偏好：清爽；匹配你的冷热偏好：冷饮；已考虑你的健康约束：乳糖不耐慎用,R023,西瓜绿茶,0.8057,匹配你的身体状态：困倦；匹配你的场景：图书馆/自习室；匹配你的感官偏好：清爽；匹配你的冷热偏好：冷饮；已考虑你的健康约束：乳糖不耐慎用,,
U0765,疲劳,平静,图书馆/自习室,奶香、花香、清爽,热饮,低刺激、咖啡因敏感慎用,低刺激热饮清爽奶香型,R045,荷叶陈皮,0.8359,匹配你的身体状态：疲劳；匹配你的心情状态：平静；匹配你的感官偏好：清爽、花香；匹配你的冷热偏好：热饮；已考虑你的健康约束：低刺激、咖啡因敏感慎用,R038,菊花柠檬草,0.8358,匹配你的身体状态：疲劳；匹配你的心情状态：平静；匹配你的感官偏好：清爽、花香；匹配你的冷热偏好：热饮；已考虑你的健康约束：低刺激、咖啡因敏感慎用,R055,薰衣草蓝莓,0.8357,匹配你的身体状态：疲劳；匹配你的心情状态：平静；匹配你的感官偏好：清爽、花香；匹配你的冷热偏好：热饮；已考虑你的健康约束：低刺激、咖啡因敏感慎用,,
U0766,困倦,开心,商场/商业街、地铁/公交/车站,咖啡香、苦感,热饮,乳糖不耐慎用,乳糖不耐慎用热饮咖啡香苦感型,R022,苹果茉莉绿茶,0.7478,匹配你的身体状态：困倦；已考虑你的健康约束：乳糖不耐慎用,R030,芒果红茶,0.7591,匹配你的身体状态：困倦；匹配你的感官偏好：苦感；已考虑你的健康约束：乳糖不耐慎用,R039,茉莉花白茶,0.7859,匹配你的身体状态：困倦；匹配你的冷热偏好：热饮；已考虑你的健康约束：乳糖不耐慎用,,
U0767,良好,烦躁,地铁/公交/车站,奶香,热饮,低刺激、乳糖不耐慎用,低刺激热饮奶香型,R030,芒果红茶,0.7092,匹配你的心情状态：烦躁；已考虑你的健康约束：低刺激、乳糖不耐慎用,R069,焙茶豆奶,0.7262,匹配你的感官偏好：奶香；匹配你的冷热偏好：热饮；已考虑你的健康约束：低刺激、乳糖不耐慎用,R022,苹果茉莉绿茶,0.709,匹配你的心情状态：烦躁；已考虑你的健康约束：低刺激、乳糖不耐慎用,,
U0768,疲劳,平静,地铁/公交/车站,咖啡香、苦感,热饮,低糖,低糖热饮咖啡香苦感型,R061,焙茶鲜奶,0.795,匹配你的身体状态：疲劳；匹配你的感官偏好：咖啡香；匹配你的冷热偏好：热饮；已考虑你的健康约束：低糖,R075,红茶淡奶油,0.795,匹配你的身体状态：疲劳；匹配你的感官偏好：苦感；匹配你的冷热偏好：热饮；已考虑你的健康约束：低糖,R030,芒果红茶,0.7975,匹配你的身体状态：疲劳；匹配你的心情状态：平静；匹配你的感官偏好：苦感；已考虑你的健康约束：低糖,,
U0769,疲劳,烦躁,图书馆/自习室、地铁/公交/车站,花香、清爽,热饮,,热饮清爽花香型,R045,荷叶陈皮,0.8072,匹配你的身体状态：疲劳；匹配你的感官偏好：清爽、花香；匹配你的冷热偏好：热饮,R038,菊花柠檬草,0.8072,匹配你的身体状态：疲劳；匹配你的感官偏好：清爽、花香；匹配你的冷热偏好：热饮,R015,陈皮普洱茶,0.8055,匹配你的身体状态：疲劳；匹配你的场景：图书馆/自习室；匹配你的感官偏好：清爽、花香；匹配你的冷热偏好：热饮,,
U0770,良好,紧张,地铁/公交/车站,清爽,热饮,低糖、低刺激、咖啡因敏感慎用,低糖热饮清爽型,R045,荷叶陈皮,0.7715,匹配你的心情状态：紧张；匹配你的感官偏好：清爽；匹配你的冷热偏好：热饮；已考虑你的健康约束：低糖、低刺激、咖啡因敏感慎用,R038,菊花柠檬草,0.7715,匹配你的心情状态：紧张；匹配你的感官偏好：清爽；匹配你的冷热偏好：热饮；已考虑你的健康约束：低糖、低刺激、咖啡因敏感慎用,R043,金银花菊花,0.7692,匹配你的身体状态：良好；匹配你的场景：地铁/公交/车站；匹配你的感官偏好：清爽；已考虑你的健康约束：低糖、低刺激、咖啡因敏感慎用,,
U0771,困倦,平静,图书馆/自习室,奶香、茶香,热饮,,热饮茶香奶香型,R061,焙茶鲜奶,0.8045,匹配你的身体状态：困倦；匹配你的场景：图书馆/自习室；匹配你的感官偏好：奶香、茶香；匹配你的冷热偏好：热饮,R075,红茶淡奶油,0.8044,匹配你的身体状态：困倦；匹配你的场景：图书馆/自习室；匹配你的感官偏好：奶香、茶香；匹配你的冷热偏好：热饮,R069,焙茶豆奶,0.804,匹配你的身体状态：困倦；匹配你的场景：图书馆/自习室；匹配你的感官偏好：奶香、茶香；匹配你的冷热偏好：热饮,,
U0772,疲劳,烦躁,地铁/公交/车站,清爽、气泡感,常温,低刺激,低刺激常温清爽气泡感型,R043,金银花菊花,0.716,匹配你的场景：地铁/公交/车站；匹配你的感官偏好：清爽；匹配你的冷热偏好：常温；已考虑你的健康约束：低刺激,R055,薰衣草蓝莓,0.7591,匹配你的身体状态：疲劳；匹配你的感官偏好：清爽；已考虑你的健康约束：低刺激,R038,菊花柠檬草,0.7591,匹配你的身体状态：疲劳；匹配你的感官偏好：清爽；已考虑你的健康约束：低刺激,,
U0773,困倦,平静,学校/教学楼,清爽、茶香,冷饮,咖啡因敏感慎用,咖啡因敏感慎用冷饮清爽茶香型,R045,荷叶陈皮,0.7267,匹配你的心情状态：平静；匹配你的感官偏好：清爽；已考虑你的健康约束：咖啡因敏感慎用,R038,菊花柠檬草,0.7266,匹配你的心情状态：平静；匹配你的感官偏好：清爽；已考虑你的健康约束：咖啡因敏感慎用,R055,薰衣草蓝莓,0.7266,匹配你的心情状态：平静；匹配你的感官偏好：清爽；已考虑你的健康约束：咖啡因敏感慎用,,
U0774,疲劳,烦躁,图书馆/自习室、地铁/公交/车站,茶香、清爽,热饮,乳糖不耐慎用,乳糖不耐慎用热饮清爽茶香型,R022,苹果茉莉绿茶,0.8056,匹配你的身体状态：疲劳；匹配你的心情状态：烦躁；匹配你的场景：图书馆/自习室；匹配你的感官偏好：清爽、茶香；已考虑你的健康约束：乳糖不耐慎用,R014,葡萄焙茶,0.8385,匹配你的身体状态：疲劳；匹配你的心情状态：烦躁；匹配你的场景：图书馆/自习室；匹配你的感官偏好：清爽、茶香；匹配你的冷热偏好：热饮；已考虑你的健康约束：乳糖不耐慎用,R028,苹果焙茶,0.8385,匹配你的身体状态：疲劳；匹配你的心情状态：烦躁；匹配你的场景：图书馆/自习室；匹配你的感官偏好：清爽、茶香；匹配你的冷热偏好：热饮；已考虑你的健康约束：乳糖不耐慎用,,
U0775,困倦,烦躁,地铁/公交/车站,奶香、甜感,热饮,,热饮奶香甜感型,R030,芒果红茶,0.798,匹配你的身体状态：困倦；匹配你的心情状态：烦躁；匹配你的感官偏好：甜感,R069,焙茶豆奶,0.7952,匹配你的身体状态：困倦；匹配你的感官偏好：奶香；匹配你的冷热偏好：热饮,R056,陈皮红茶,0.7952,匹配你的身体状态：困倦；匹配你的感官偏好：甜感；匹配你的冷热偏好：热饮,,
U0776,疲劳,烦躁,地铁/公交/车站,咖啡香、苦感、清爽,冷饮,低糖,低糖冷饮清爽咖啡香型,R002,青柠茉莉绿茶,0.7919,匹配你的身体状态：疲劳；匹配你的感官偏好：清爽；匹配你的冷热偏好：冷饮；已考虑你的健康约束：低糖,R027,柠檬轻发酵乌龙,0.7919,匹配你的身体状态：疲劳；匹配你的感官偏好：清爽；匹配你的冷热偏好：冷饮；已考虑你的健康约束：低糖,R006,草莓红茶,0.7991,匹配你的身体状态：疲劳；匹配你的感官偏好：清爽、苦感；匹配你的冷热偏好：冷饮；已考虑你的健康约束：低糖,,
U0777,疲劳,平静,学校/教学楼,清爽、茶香,冷饮,低糖,低糖冷饮清爽茶香型,R020,草莓玄米茶,0.8095,匹配你的身体状态：疲劳；匹配你的心情状态：平静；匹配你的场景：学校/教学楼；匹配你的感官偏好：清爽、茶香；已考虑你的健康约束：低糖,R007,蓝莓白茶,0.8095,匹配你的身体状态：疲劳；匹配你的心情状态：平静；匹配你的场景：学校/教学楼；匹配你的感官偏好：清爽、茶香；已考虑你的健康约束：低糖,R016,柠檬铁观音,0.8095,匹配你的身体状态：疲劳；匹配你的心情状态：平静；匹配你的场景：学校/教学楼；匹配你的感官偏好：清爽、茶香；已考虑你的健康约束：低糖,,
U0778,困倦,平静,图书馆/自习室,咖啡香、苦感,冷饮,乳糖不耐慎用,乳糖不耐慎用冷饮咖啡香苦感型,R030,芒果红茶,0.8035,匹配你的身体状态：困倦；匹配你的心情状态：平静；匹配你的场景：图书馆/自习室；匹配你的感官偏好：苦感；已考虑你的健康约束：乳糖不耐慎用,R069,焙茶豆奶,0.7559,匹配你的身体状态：困倦；匹配你的场景：图书馆/自习室；匹配你的感官偏好：咖啡香；已考虑你的健康约束：乳糖不耐慎用,R082,咖啡椰乳,0.7685,匹配你的身体状态：困倦；匹配你的场景：图书馆/自习室；匹配你的感官偏好：咖啡香、苦感；已考虑你的健康约束：乳糖不耐慎用,,
U0779,疲劳,平静,地铁/公交/车站,清爽,冷饮,低糖,低糖冷饮清爽型,R009,桃子轻发酵乌龙,0.8072,匹配你的身体状态：疲劳；匹配你的感官偏好：清爽；匹配你的冷热偏好：冷饮；已考虑你的健康约束：低糖,R012,荔枝茉莉绿茶,0.8072,匹配你的身体状态：疲劳；匹配你的感官偏好：清爽；匹配你的冷热偏好：冷饮；已考虑你的健康约束：低糖,R033,草莓茉莉绿茶,0.8072,匹配你的身体状态：疲劳；匹配你的感官偏好：清爽；匹配你的冷热偏好：冷饮；已考虑你的健康约束：低糖,,
U0780,良好,平静,地铁/公交/车站,清爽,热饮,低糖、低刺激,低糖热饮清爽型,R045,荷叶陈皮,0.7715,匹配你的心情状态：平静；匹配你的感官偏好：清爽；匹配你的冷热偏好：热饮；已考虑你的健康约束：低糖、低刺激,R038,菊花柠檬草,0.7715,匹配你的心情状态：平静；匹配你的感官偏好：清爽；匹配你的冷热偏好：热饮；已考虑你的健康约束：低糖、低刺激,R043,金银花菊花,0.8093,匹配你的身体状态：良好；匹配你的心情状态：平静；匹配你的场景：地铁/公交/车站；匹配你的感官偏好：清爽；已考虑你的健康约束：低糖、低刺激,,
U0781,困倦,低落,商场/商业街,清爽,热饮,乳糖不耐慎用,乳糖不耐慎用热饮清爽型,R055,薰衣草蓝莓,0.7717,匹配你的心情状态：低落；匹配你的感官偏好：清爽；匹配你的冷热偏好：热饮；已考虑你的健康约束：乳糖不耐慎用,R009,桃子轻发酵乌龙,0.771,匹配你的身体状态：困倦；匹配你的感官偏好：清爽；已考虑你的健康约束：乳糖不耐慎用,R012,荔枝茉莉绿茶,0.771,匹配你的身体状态：困倦；匹配你的感官偏好：清爽；已考虑你的健康约束：乳糖不耐慎用,,
U0782,困倦,紧张,图书馆/自习室,清爽、奶香,冷饮,低糖,低糖冷饮清爽奶香型,R020,草莓玄米茶,0.8042,匹配你的身体状态：困倦；匹配你的心情状态：紧张；匹配你的场景：图书馆/自习室；匹配你的感官偏好：清爽；已考虑你的健康约束：低糖,R015,陈皮普洱茶,0.8042,匹配你的身体状态：困倦；匹配你的心情状态：紧张；匹配你的场景：图书馆/自习室；匹配你的感官偏好：清爽；已考虑你的健康约束：低糖,R031,陈皮玄米茶,0.8042,匹配你的身体状态：困倦；匹配你的心情状态：紧张；匹配你的场景：图书馆/自习室；匹配你的感官偏好：清爽；已考虑你的健康约束：低糖,,
U0783,困倦,烦躁,学校/教学楼,清爽、茶香、果香,常温,咖啡因敏感慎用,咖啡因敏感慎用常温清爽茶香型,R045,荷叶陈皮,0.6797,匹配你的感官偏好：果香、清爽；已考虑你的健康约束：咖啡因敏感慎用,R038,菊花柠檬草,0.6796,匹配你的感官偏好：果香、清爽；已考虑你的健康约束：咖啡因敏感慎用,R055,薰衣草蓝莓,0.6795,匹配你的感官偏好：果香、清爽；已考虑你的健康约束：咖啡因敏感慎用,,
U0784,感觉有点冷,紧张,图书馆/自习室、公园/户外,花香、清爽,热饮,咖啡因敏感慎用、乳糖不耐慎用,咖啡因敏感慎用热饮清爽花香型,R038,菊花柠檬草,0.8401,匹配你的身体状态：感觉有点冷；匹配你的心情状态：紧张；匹配你的感官偏好：清爽、花香；匹配你的冷热偏好：热饮；已考虑你的健康约束：咖啡因敏感慎用、乳糖不耐慎用,R045,荷叶陈皮,0.8401,匹配你的身体状态：感觉有点冷；匹配你的心情状态：紧张；匹配你的感官偏好：清爽、花香；匹配你的冷热偏好：热饮；已考虑你的健康约束：咖啡因敏感慎用、乳糖不耐慎用,R055,薰衣草蓝莓,0.8401,匹配你的身体状态：感觉有点冷；匹配你的心情状态：紧张；匹配你的感官偏好：清爽、花香；匹配你的冷热偏好：热饮；已考虑你的健康约束：咖啡因敏感慎用、乳糖不耐慎用,,
U0785,良好,平静,地铁/公交/车站,清爽,热饮,低糖、低刺激,低糖热饮清爽型,R045,荷叶陈皮,0.7715,匹配你的心情状态：平静；匹配你的感官偏好：清爽；匹配你的冷热偏好：热饮；已考虑你的健康约束：低糖、低刺激,R038,菊花柠檬草,0.7715,匹配你的心情状态：平静；匹配你的感官偏好：清爽；匹配你的冷热偏好：热饮；已考虑你的健康约束：低糖、低刺激,R043,金银花菊花,0.8093,匹配你的身体状态：良好；匹配你的心情状态：平静；匹配你的场景：地铁/公交/车站；匹配你的感官偏好：清爽；已考虑你的健康约束：低糖、低刺激,,
U0786,良好,平静,地铁/公交/车站,清爽,热饮,低刺激、咖啡因敏感慎用,低刺激热饮清爽型,R045,荷叶陈皮,0.7715,匹配你的心情状态：平静；匹配你的感官偏好：清爽；匹配你的冷热偏好：热饮；已考虑你的健康约束：低刺激、咖啡因敏感慎用,R038,菊花柠檬草,0.7715,匹配你的心情状态：平静；匹配你的感官偏好：清爽；匹配你的冷热偏好：热饮；已考虑你的健康约束：低刺激、咖啡因敏感慎用,R043,金银花菊花,0.8093,匹配你的身体状态：良好；匹配你的心情状态：平静；匹配你的场景：地铁/公交/车站；匹配你的感官偏好：清爽；已考虑你的健康约束：低刺激、咖啡因敏感慎用,,
U0787,良好,烦躁,商场/商业街,清爽,热饮,低糖、低刺激,低糖热饮清爽型,R043,金银花菊花,0.771,匹配你的身体状态：良好；匹配你的感官偏好：清爽；已考虑你的健康约束：低糖、低刺激,R055,薰衣草蓝莓,0.7346,匹配你的感官偏好：清爽；匹配你的冷热偏好：热饮；已考虑你的健康约束：低糖、低刺激,R038,菊花柠檬草,0.7346,匹配你的感官偏好：清爽；匹配你的冷热偏好：热饮；已考虑你的健康约束：低糖、低刺激,,
U0788,疲劳,烦躁,地铁/公交/车站,奶香、甜感,冷饮,乳糖不耐慎用,乳糖不耐慎用冷饮奶香甜感型,R020,草莓玄米茶,0.7981,匹配你的身体状态：疲劳；匹配你的心情状态：烦躁；匹配你的感官偏好：甜感；已考虑你的健康约束：乳糖不耐慎用,R065,茉莉绿茶椰乳,0.7954,匹配你的身体状态：疲劳；匹配你的感官偏好：奶香；匹配你的冷热偏好：冷饮；已考虑你的健康约束：乳糖不耐慎用,R015,陈皮普洱茶,0.7592,匹配你的身体状态：疲劳；匹配你的感官偏好：甜感；已考虑你的健康约束：乳糖不耐慎用,,
U0789,困倦,平静,地铁/公交/车站,咖啡香、苦感、清爽,热饮,咖啡因敏感慎用,咖啡因敏感慎用热饮清爽咖啡香型,R045,荷叶陈皮,0.7653,匹配你的心情状态：平静；匹配你的感官偏好：清爽、苦感；匹配你的冷热偏好：热饮；已考虑你的健康约束：咖啡因敏感慎用,R038,菊花柠檬草,0.7605,匹配你的心情状态：平静；匹配你的感官偏好：清爽；匹配你的冷热偏好：热饮；已考虑你的健康约束：咖啡因敏感慎用,R055,薰衣草蓝莓,0.7604,匹配你的心情状态：平静；匹配你的感官偏好：清爽；匹配你的冷热偏好：热饮；已考虑你的健康约束：咖啡因敏感慎用,,
U0790,良好,烦躁,图书馆/自习室、地铁/公交/车站,花香、清爽,热饮,低刺激、咖啡因敏感慎用,低刺激热饮清爽花香型,R043,金银花菊花,0.7682,匹配你的身体状态：良好；匹配你的场景：地铁/公交/车站；匹配你的感官偏好：清爽、花香；已考虑你的健康约束：低刺激、咖啡因敏感慎用,R045,荷叶陈皮,0.7343,匹配你的感官偏好：清爽、花香；匹配你的冷热偏好：热饮；已考虑你的健康约束：低刺激、咖啡因敏感慎用,R038,菊花柠檬草,0.7342,匹配你的感官偏好：清爽、花香；匹配你的冷热偏好：热饮；已考虑你的健康约束：低刺激、咖啡因敏感慎用,,
U0791,疲劳,平静,图书馆/自习室,茶香、清爽,常温,低刺激、咖啡因敏感慎用,低刺激常温清爽茶香型,R045,荷叶陈皮,0.7976,匹配你的身体状态：疲劳；匹配你的心情状态：平静；匹配你的感官偏好：清爽；已考虑你的健康约束：低刺激、咖啡因敏感慎用,R038,菊花柠檬草,0.7975,匹配你的身体状态：疲劳；匹配你的心情状态：平静；匹配你的感官偏好：清爽；已考虑你的健康约束：低刺激、咖啡因敏感慎用,R055,薰衣草蓝莓,0.7973,匹配你的身体状态：疲劳；匹配你的心情状态：平静；匹配你的感官偏好：清爽；已考虑你的健康约束：低刺激、咖啡因敏感慎用,,
U0792,困倦,平静,图书馆/自习室,清爽、果香,热饮,,热饮清爽果香型,R020,草莓玄米茶,0.8394,匹配你的身体状态：困倦；匹配你的心情状态：平静；匹配你的场景：图书馆/自习室；匹配你的感官偏好：果香、清爽；匹配你的冷热偏好：热饮,R015,陈皮普洱茶,0.8394,匹配你的身体状态：困倦；匹配你的心情状态：平静；匹配你的场景：图书馆/自习室；匹配你的感官偏好：果香、清爽；匹配你的冷热偏好：热饮,R031,陈皮玄米茶,0.8394,匹配你的身体状态：困倦；匹配你的心情状态：平静；匹配你的场景：图书馆/自习室；匹配你的感官偏好：果香、清爽；匹配你的冷热偏好：热饮,,
U0793,疲劳,低落,图书馆/自习室,茶香、花香、甜感,冷饮,乳糖不耐慎用,乳糖不耐慎用冷饮茶香花香型,R056,陈皮红茶,0.8095,匹配你的身体状态：疲劳；匹配你的心情状态：低落；匹配你的场景：图书馆/自习室；匹配你的感官偏好：甜感、花香、茶香；已考虑你的健康约束：乳糖不耐慎用,R039,茉莉花白茶,0.8095,匹配你的身体状态：疲劳；匹配你的心情状态：低落；匹配你的场景：图书馆/自习室；匹配你的感官偏好：甜感、花香、茶香；已考虑你的健康约束：乳糖不耐慎用,R030,芒果红茶,0.761,匹配你的身体状态：疲劳；匹配你的场景：图书馆/自习室；匹配你的感官偏好：甜感、茶香；已考虑你的健康约束：乳糖不耐慎用,,
U0794,困倦,紧张,图书馆/自习室,清爽,热饮,,热饮清爽型,R015,陈皮普洱茶,0.8394,匹配你的身体状态：困倦；匹配你的心情状态：紧张；匹配你的场景：图书馆/自习室；匹配你的感官偏好：清爽；匹配你的冷热偏好：热饮,R031,陈皮玄米茶,0.8394,匹配你的身体状态：困倦；匹配你的心情状态：紧张；匹配你的场景：图书馆/自习室；匹配你的感官偏好：清爽；匹配你的冷热偏好：热饮,R020,草莓玄米茶,0.8394,匹配你的身体状态：困倦；匹配你的心情状态：紧张；匹配你的场景：图书馆/自习室；匹配你的感官偏好：清爽；匹配你的冷热偏好：热饮,,
U0795,良好,烦躁,图书馆/自习室,清爽,热饮,低刺激、咖啡因敏感慎用,低刺激热饮清爽型,R045,荷叶陈皮,0.7345,匹配你的感官偏好：清爽；匹配你的冷热偏好：热饮；已考虑你的健康约束：低刺激、咖啡因敏感慎用,R038,菊花柠檬草,0.7344,匹配你的感官偏好：清爽；匹配你的冷热偏好：热饮；已考虑你的健康约束：低刺激、咖啡因敏感慎用,R055,薰衣草蓝莓,0.7343,匹配你的感官偏好：清爽；匹配你的冷热偏好：热饮；已考虑你的健康约束：低刺激、咖啡因敏感慎用,,
U0796,疲劳,烦躁,商场/商业街、地铁/公交/车站,清爽、果香,冷饮,,冷饮清爽果香型,R083,冷萃咖啡椰子水,0.8072,匹配你的身体状态：疲劳；匹配你的感官偏好：果香、清爽；匹配你的冷热偏好：冷饮,R090,黑巧椰乳,0.8055,匹配你的身体状态：疲劳；匹配你的场景：商场/商业街；匹配你的感官偏好：果香、清爽；匹配你的冷热偏好：冷饮,R050,柠檬草橙子,0.6863,匹配你的场景：地铁/公交/车站；匹配你的感官偏好：果香、清爽,,
U0797,困倦,平静,图书馆/自习室,咖啡香、苦感、清爽,热饮,,热饮清爽咖啡香型,R075,红茶淡奶油,0.7934,匹配你的身体状态：困倦；匹配你的场景：图书馆/自习室；匹配你的感官偏好：苦感；匹配你的冷热偏好：热饮,R061,焙茶鲜奶,0.7934,匹配你的身体状态：困倦；匹配你的场景：图书馆/自习室；匹配你的感官偏好：咖啡香；匹配你的冷热偏好：热饮,R030,芒果红茶,0.8058,匹配你的身体状态：困倦；匹配你的心情状态：平静；匹配你的场景：图书馆/自习室；匹配你的感官偏好：清爽、苦感,,
U0798,困倦,开心,图书馆/自习室、商场/商业街,清爽,热饮,乳糖不耐慎用,乳糖不耐慎用热饮清爽型,R009,桃子轻发酵乌龙,0.8056,匹配你的身体状态：困倦；匹配你的心情状态：开心；匹配你的场景：图书馆/自习室；匹配你的感官偏好：清爽；已考虑你的健康约束：乳糖不耐慎用,R012,荔枝茉莉绿茶,0.8056,匹配你的身体状态：困倦；匹配你的心情状态：开心；匹配你的场景：图书馆/自习室；匹配你的感官偏好：清爽；已考虑你的健康约束：乳糖不耐慎用,R033,草莓茉莉绿茶,0.8056,匹配你的身体状态：困倦；匹配你的心情状态：开心；匹配你的场景：图书馆/自习室；匹配你的感官偏好：清爽；已考虑你的健康约束：乳糖不耐慎用,,
U0799,困倦,平静,图书馆/自习室,花香,常温,低刺激,低刺激常温花香型,R061,焙茶鲜奶,0.7373,匹配你的身体状态：困倦；匹配你的场景：图书馆/自习室；已考虑你的健康约束：低刺激,R075,红茶淡奶油,0.7372,匹配你的身体状态：困倦；匹配你的场景：图书馆/自习室；已考虑你的健康约束：低刺激,R030,芒果红茶,0.8237,匹配你的身体状态：困倦；匹配你的心情状态：平静；匹配你的场景：图书馆/自习室；匹配你的冷热偏好：常温；已考虑你的健康约束：低刺激,,
U0800,感觉有点冷,烦躁,图书馆/自习室、公园/户外,茶香、清爽,热饮,低糖、乳糖不耐慎用,低糖热饮清爽茶香型,R065,茉莉绿茶椰乳,0.6863,匹配你的场景：图书馆/自习室；匹配你的感官偏好：清爽、茶香；已考虑你的健康约束：低糖、乳糖不耐慎用,R022,苹果茉莉绿茶,0.7368,匹配你的心情状态：烦躁；匹配你的场景：图书馆/自习室；匹配你的感官偏好：清爽、茶香；已考虑你的健康约束：低糖、乳糖不耐慎用,R015,陈皮普洱茶,0.7297,匹配你的场景：图书馆/自习室；匹配你的感官偏好：清爽、茶香；匹配你的冷热偏好：热饮；已考虑你的健康约束：低糖、乳糖不耐慎用,,
U0801,困倦,紧张,学校/教学楼、图书馆/自习室,清爽、茶香,冷饮,低糖,低糖冷饮清爽茶香型,R022,苹果茉莉绿茶,0.8095,匹配你的身体状态：困倦；匹配你的心情状态：紧张；匹配你的场景：图书馆/自习室、学校/教学楼；匹配你的感官偏好：清爽、茶香；已考虑你的健康约束：低糖,R014,葡萄焙茶,0.8095,匹配你的身体状态：困倦；匹配你的心情状态：紧张；匹配你的场景：图书馆/自习室、学校/教学楼；匹配你的感官偏好：清爽、茶香；已考虑你的健康约束：低糖,R028,苹果焙茶,0.8095,匹配你的身体状态：困倦；匹配你的心情状态：紧张；匹配你的场景：图书馆/自习室、学校/教学楼；匹配你的感官偏好：清爽、茶香；已考虑你的健康约束：低糖,,
U0802,良好,烦躁,地铁/公交/车站,清爽,热饮,低糖、低刺激,低糖热饮清爽型,R043,金银花菊花,0.7692,匹配你的身体状态：良好；匹配你的场景：地铁/公交/车站；匹配你的感官偏好：清爽；已考虑你的健康约束：低糖、低刺激,R045,荷叶陈皮,0.7345,匹配你的感官偏好：清爽；匹配你的冷热偏好：热饮；已考虑你的健康约束：低糖、低刺激,R038,菊花柠檬草,0.7345,匹配你的感官偏好：清爽；匹配你的冷热偏好：热饮；已考虑你的健康约束：低糖、低刺激,,
U0803,困倦,低落,图书馆/自习室,花香、清爽,热饮,低刺激,低刺激热饮清爽花香型,R045,荷叶陈皮,0.7715,匹配你的心情状态：低落；匹配你的感官偏好：清爽、花香；匹配你的冷热偏好：热饮；已考虑你的健康约束：低刺激,R038,菊花柠檬草,0.7715,匹配你的心情状态：低落；匹配你的感官偏好：清爽、花香；匹配你的冷热偏好：热饮；已考虑你的健康约束：低刺激,R055,薰衣草蓝莓,0.7714,匹配你的心情状态：低落；匹配你的感官偏好：清爽、花香；匹配你的冷热偏好：热饮；已考虑你的健康约束：低刺激,,
U0804,疲劳,紧张,学校/教学楼,清爽、茶香,热饮,,热饮清爽茶香型,R039,茉莉花白茶,0.8394,匹配你的身体状态：疲劳；匹配你的心情状态：紧张；匹配你的场景：学校/教学楼；匹配你的感官偏好：清爽、茶香；匹配你的冷热偏好：热饮,R015,陈皮普洱茶,0.8394,匹配你的身体状态：疲劳；匹配你的心情状态：紧张；匹配你的场景：学校/教学楼；匹配你的感官偏好：清爽、茶香；匹配你的冷热偏好：热饮,R031,陈皮玄米茶,0.8394,匹配你的身体状态：疲劳；匹配你的心情状态：紧张；匹配你的场景：学校/教学楼；匹配你的感官偏好：清爽、茶香；匹配你的冷热偏好：热饮,,
U0805,疲劳、感觉有点冷,平静,地铁/公交/车站、公园/户外,花香,热饮,,热饮花香型,R022,苹果茉莉绿茶,0.7697,匹配你的身体状态：疲劳；匹配你的心情状态：平静；匹配你的感官偏好：花香,R030,芒果红茶,0.7537,匹配你的身体状态：疲劳；匹配你的心情状态：平静,R039,茉莉花白茶,0.8073,匹配你的身体状态：疲劳；匹配你的心情状态：平静；匹配你的感官偏好：花香；匹配你的冷热偏好：热饮,,
U0806,疲劳,平静,商场/商业街,清爽、咖啡香、苦感,冷饮,,冷饮清爽咖啡香型,R083,冷萃咖啡椰子水,0.8072,匹配你的身体状态：疲劳；匹配你的感官偏好：咖啡香、清爽、苦感；匹配你的冷热偏好：冷饮,R002,青柠茉莉绿茶,0.7919,匹配你的身体状态：疲劳；匹配你的感官偏好：清爽；匹配你的冷热偏好：冷饮,R027,柠檬轻发酵乌龙,0.7919,匹配你的身体状态：疲劳；匹配你的感官偏好：清爽；匹配你的冷热偏好：冷饮,,
U0807,困倦,开心,地铁/公交/车站,咖啡香、苦感,冷饮,乳糖不耐慎用,乳糖不耐慎用冷饮咖啡香苦感型,R022,苹果茉莉绿茶,0.7478,匹配你的身体状态：困倦；已考虑你的健康约束：乳糖不耐慎用,R030,芒果红茶,0.759,匹配你的身体状态：困倦；匹配你的感官偏好：苦感；已考虑你的健康约束：乳糖不耐慎用,R014,葡萄焙茶,0.759,匹配你的身体状态：困倦；匹配你的感官偏好：咖啡香；已考虑你的健康约束：乳糖不耐慎用,,
U0808,疲劳,开心,地铁/公交/车站,茶香、甜感,冷饮,乳糖不耐慎用,乳糖不耐慎用冷饮茶香甜感型,R065,茉莉绿茶椰乳,0.8336,匹配你的身体状态：疲劳；匹配你的心情状态：开心；匹配你的感官偏好：茶香；匹配你的冷热偏好：冷饮；已考虑你的健康约束：乳糖不耐慎用,R006,草莓红茶,0.8402,匹配你的身体状态：疲劳；匹配你的心情状态：开心；匹配你的感官偏好：甜感、茶香；匹配你的冷热偏好：冷饮；已考虑你的健康约束：乳糖不耐慎用,R023,西瓜绿茶,0.8402,匹配你的身体状态：疲劳；匹配你的心情状态：开心；匹配你的感官偏好：甜感、茶香；匹配你的冷热偏好：冷饮；已考虑你的健康约束：乳糖不耐慎用,,
U0809,良好,平静,地铁/公交/车站,花香、清爽,热饮,低糖、低刺激、咖啡因敏感慎用,低糖热饮清爽花香型,R045,荷叶陈皮,0.7713,匹配你的心情状态：平静；匹配你的感官偏好：清爽、花香；匹配你的冷热偏好：热饮；已考虑你的健康约束：低糖、低刺激、咖啡因敏感慎用,R038,菊花柠檬草,0.7712,匹配你的心情状态：平静；匹配你的感官偏好：清爽、花香；匹配你的冷热偏好：热饮；已考虑你的健康约束：低糖、低刺激、咖啡因敏感慎用,R043,金银花菊花,0.8091,匹配你的身体状态：良好；匹配你的心情状态：平静；匹配你的场景：地铁/公交/车站；匹配你的感官偏好：清爽、花香；已考虑你的健康约束：低糖、低刺激、咖啡因敏感慎用,,
U0810,疲劳,平静,图书馆/自习室,花香,热饮,低刺激,低刺激热饮花香型,R061,焙茶鲜奶,0.7814,匹配你的身体状态：疲劳；匹配你的场景：图书馆/自习室；匹配你的冷热偏好：热饮；已考虑你的健康约束：低刺激,R075,红茶淡奶油,0.7814,匹配你的身体状态：疲劳；匹配你的场景：图书馆/自习室；匹配你的冷热偏好：热饮；已考虑你的健康约束：低刺激,R069,焙茶豆奶,0.801,匹配你的身体状态：疲劳；匹配你的场景：图书馆/自习室；匹配你的感官偏好：花香；匹配你的冷热偏好：热饮；已考虑你的健康约束：低刺激,,
U0811,疲劳,平静,学校/教学楼、地铁/公交/车站,清爽、茶香,常温,咖啡因敏感慎用,咖啡因敏感慎用常温清爽茶香型,R045,荷叶陈皮,0.7977,匹配你的身体状态：疲劳；匹配你的心情状态：平静；匹配你的感官偏好：清爽；已考虑你的健康约束：咖啡因敏感慎用,R038,菊花柠檬草,0.7976,匹配你的身体状态：疲劳；匹配你的心情状态：平静；匹配你的感官偏好：清爽；已考虑你的健康约束：咖啡因敏感慎用,R055,薰衣草蓝莓,0.7974,匹配你的身体状态：疲劳；匹配你的心情状态：平静；匹配你的感官偏好：清爽；已考虑你的健康约束：咖啡因敏感慎用,,
U0812,口渴、疲劳,开心,健身房/运动场,茶香、果香,冷饮,低糖、低刺激,低糖冷饮茶香果香型,R055,薰衣草蓝莓,0.7189,匹配你的身体状态：疲劳；匹配你的感官偏好：果香；已考虑你的健康约束：低糖、低刺激,R038,菊花柠檬草,0.7188,匹配你的身体状态：疲劳；匹配你的感官偏好：果香；已考虑你的健康约束：低糖、低刺激,R045,荷叶陈皮,0.7188,匹配你的身体状态：疲劳；匹配你的感官偏好：果香；已考虑你的健康约束：低糖、低刺激,,
U0813,困倦,烦躁,图书馆/自习室,茶香、花香、甜感,冷饮,低糖,低糖冷饮茶香花香型,R030,芒果红茶,0.8058,匹配你的身体状态：困倦；匹配你的心情状态：烦躁；匹配你的场景：图书馆/自习室；匹配你的感官偏好：甜感、茶香；已考虑你的健康约束：低糖,R022,苹果茉莉绿茶,0.8094,匹配你的身体状态：困倦；匹配你的心情状态：烦躁；匹配你的场景：图书馆/自习室；匹配你的感官偏好：甜感、花香、茶香；已考虑你的健康约束：低糖,R056,陈皮红茶,0.7691,匹配你的身体状态：困倦；匹配你的场景：图书馆/自习室；匹配你的感官偏好：甜感、花香、茶香；已考虑你的健康约束：低糖,,
U0814,疲劳,平静,图书馆/自习室,咖啡香、苦感,热饮,乳糖不耐慎用,乳糖不耐慎用热饮咖啡香苦感型,R069,焙茶豆奶,0.7954,匹配你的身体状态：疲劳；匹配你的场景：图书馆/自习室；匹配你的感官偏好：咖啡香；匹配你的冷热偏好：热饮；已考虑你的健康约束：乳糖不耐慎用,R082,咖啡椰乳,0.8046,匹配你的身体状态：疲劳；匹配你的场景：图书馆/自习室；匹配你的感官偏好：咖啡香、苦感；匹配你的冷热偏好：热饮；已考虑你的健康约束：乳糖不耐慎用,R030,芒果红茶,0.8031,匹配你的身体状态：疲劳；匹配你的心情状态：平静；匹配你的场景：图书馆/自习室；匹配你的感官偏好：苦感；已考虑你的健康约束：乳糖不耐慎用,,
U0815,困倦,烦躁,图书馆/自习室、地铁/公交/车站,茶香、清爽,热饮,咖啡因敏感慎用,咖啡因敏感慎用热饮清爽茶香型,R045,荷叶陈皮,0.7204,匹配你的感官偏好：清爽；匹配你的冷热偏好：热饮；已考虑你的健康约束：咖啡因敏感慎用,R038,菊花柠檬草,0.7203,匹配你的感官偏好：清爽；匹配你的冷热偏好：热饮；已考虑你的健康约束：咖啡因敏感慎用,R055,薰衣草蓝莓,0.7202,匹配你的感官偏好：清爽；匹配你的冷热偏好：热饮；已考虑你的健康约束：咖啡因敏感慎用,,
U0816,困倦,烦躁,学校/教学楼,清爽、茶香,热饮,低糖,低糖热饮清爽茶香型,R022,苹果茉莉绿茶,0.8095,匹配你的身体状态：困倦；匹配你的心情状态：烦躁；匹配你的场景：学校/教学楼；匹配你的感官偏好：清爽、茶香；已考虑你的健康约束：低糖,R039,茉莉花白茶,0.8057,匹配你的身体状态：困倦；匹配你的场景：学校/教学楼；匹配你的感官偏好：清爽、茶香；匹配你的冷热偏好：热饮；已考虑你的健康约束：低糖,R030,芒果红茶,0.8095,匹配你的身体状态：困倦；匹配你的心情状态：烦躁；匹配你的场景：学校/教学楼；匹配你的感官偏好：清爽、茶香；已考虑你的健康约束：低糖,,
U0817,疲劳,烦躁,商场/商业街,清爽、花香、气泡感,冷饮,低糖,低糖冷饮清爽花香型,R083,冷萃咖啡椰子水,0.792,匹配你的身体状态：疲劳；匹配你的感官偏好：清爽；匹配你的冷热偏好：冷饮；已考虑你的健康约束：低糖,R050,柠檬草橙子,0.68,匹配你的感官偏好：清爽、花香；已考虑你的健康约束：低糖,R119,椰子水橙子,0.68,匹配你的感官偏好：清爽、花香；已考虑你的健康约束：低糖,,
U0818,感觉有点冷,烦躁,公园/户外,清爽,热饮,低刺激、咖啡因敏感慎用,低刺激热饮清爽型,R055,薰衣草蓝莓,0.8072,匹配你的身体状态：感觉有点冷；匹配你的感官偏好：清爽；匹配你的冷热偏好：热饮；已考虑你的健康约束：低刺激、咖啡因敏感慎用,R043,金银花菊花,0.6898,匹配你的感官偏好：清爽；已考虑你的健康约束：低刺激、咖啡因敏感慎用,R050,柠檬草橙子,0.6898,匹配你的感官偏好：清爽；已考虑你的健康约束：低刺激、咖啡因敏感慎用,,
U0819,疲劳,平静,商场/商业街,清爽、果香、甜感,热饮,低刺激,低刺激热饮清爽果香型,R055,薰衣草蓝莓,0.8402,匹配你的身体状态：疲劳；匹配你的心情状态：平静；匹配你的感官偏好：果香、清爽、甜感；匹配你的冷热偏好：热饮；已考虑你的健康约束：低刺激,R116,椰乳百合,0.8058,匹配你的身体状态：疲劳；匹配你的场景：商场/商业街；匹配你的感官偏好：果香、清爽、甜感；匹配你的冷热偏好：热饮；已考虑你的健康约束：低刺激,R037,玫瑰桂花,0.7991,匹配你的身体状态：疲劳；匹配你的感官偏好：清爽、甜感；匹配你的冷热偏好：热饮；已考虑你的健康约束：低刺激,,
U0820,良好,平静,图书馆/自习室,清爽,热饮,咖啡因敏感慎用、乳糖不耐慎用,咖啡因敏感慎用热饮清爽型,R045,荷叶陈皮,0.7715,匹配你的心情状态：平静；匹配你的感官偏好：清爽；匹配你的冷热偏好：热饮；已考虑你的健康约束：咖啡因敏感慎用、乳糖不耐慎用,R038,菊花柠檬草,0.7714,匹配你的心情状态：平静；匹配你的感官偏好：清爽；匹配你的冷热偏好：热饮；已考虑你的健康约束：咖啡因敏感慎用、乳糖不耐慎用,R055,薰衣草蓝莓,0.7713,匹配你的心情状态：平静；匹配你的感官偏好：清爽；匹配你的冷热偏好：热饮；已考虑你的健康约束：咖啡因敏感慎用、乳糖不耐慎用,,
